Season,Date,HomeTeam,AwayTeam,FTHG,FTAG,FTR,HS,AS,HST,AST,HC,AC,HY,AY,HR,AR
EPL_2008,16/08/08,0,38,1.0,0.0,0.0,24.0,5.0,14.0,4.0,7.0,5.0,0.0,0.0,0.0,0.0
EPL_2008,16/08/08,5,33,3.0,1.0,0.0,14.0,8.0,8.0,2.0,4.0,3.0,1.0,2.0,0.0,0.0
EPL_2008,16/08/08,13,3,2.0,3.0,2.0,10.0,15.0,5.0,11.0,3.0,5.0,2.0,2.0,0.0,0.0
EPL_2008,16/08/08,16,14,2.0,1.0,0.0,11.0,12.0,6.0,6.0,5.0,6.0,3.0,0.0,0.0,0.0
EPL_2008,16/08/08,24,36,2.0,1.0,0.0,14.0,8.0,10.0,5.0,7.0,9.0,1.0,2.0,0.0,0.0
EPL_2008,16/08/08,34,20,0.0,1.0,2.0,6.0,14.0,3.0,8.0,1.0,8.0,0.0,2.0,0.0,0.0
EPL_2008,16/08/08,39,40,2.0,1.0,0.0,15.0,22.0,8.0,9.0,6.0,10.0,2.0,1.0,0.0,0.0
EPL_2008,17/08/08,1,22,4.0,2.0,0.0,14.0,13.0,10.0,8.0,7.0,8.0,0.0,1.0,0.0,0.0
EPL_2008,17/08/08,11,28,4.0,0.0,0.0,18.0,12.0,11.0,8.0,8.0,3.0,0.0,1.0,0.0,0.0
EPL_2008,17/08/08,23,25,1.0,1.0,1.0,18.0,11.0,12.0,4.0,6.0,6.0,3.0,0.0,0.0,0.0
EPL_2008,23/08/08,3,16,1.0,1.0,1.0,12.0,7.0,5.0,4.0,6.0,3.0,0.0,1.0,0.0,0.0
EPL_2008,23/08/08,14,0,1.0,0.0,0.0,5.0,15.0,2.0,6.0,1.0,5.0,2.0,0.0,0.0,0.0
EPL_2008,23/08/08,20,24,2.0,1.0,0.0,16.0,9.0,8.0,4.0,14.0,3.0,2.0,1.0,0.0,0.0
EPL_2008,23/08/08,25,5,1.0,0.0,0.0,10.0,9.0,8.0,4.0,4.0,6.0,1.0,2.0,0.0,0.0
EPL_2008,23/08/08,33,1,3.0,2.0,0.0,8.0,5.0,2.0,2.0,2.0,8.0,1.0,0.0,0.0,0.0
EPL_2008,23/08/08,36,34,1.0,2.0,2.0,18.0,12.0,11.0,7.0,12.0,6.0,1.0,2.0,0.0,0.0
EPL_2008,23/08/08,38,13,1.0,2.0,2.0,14.0,9.0,4.0,7.0,11.0,5.0,3.0,1.0,0.0,0.0
EPL_2008,24/08/08,22,39,3.0,0.0,0.0,14.0,3.0,9.0,0.0,6.0,3.0,0.0,2.0,0.0,1.0
EPL_2008,24/08/08,40,11,0.0,1.0,2.0,10.0,7.0,6.0,3.0,7.0,7.0,1.0,2.0,0.0,0.0
EPL_2008,25/08/08,28,23,0.0,1.0,2.0,13.0,12.0,6.0,7.0,4.0,3.0,2.0,2.0,0.0,0.0
EPL_2008,30/08/08,0,25,3.0,0.0,0.0,20.0,4.0,14.0,2.0,12.0,1.0,2.0,2.0,0.0,0.0
EPL_2008,30/08/08,5,38,0.0,0.0,1.0,18.0,12.0,9.0,7.0,7.0,5.0,2.0,2.0,0.0,0.0
EPL_2008,30/08/08,13,28,0.0,3.0,2.0,16.0,6.0,7.0,5.0,4.0,3.0,1.0,0.0,0.0,0.0
EPL_2008,30/08/08,16,40,0.0,5.0,2.0,10.0,8.0,5.0,5.0,7.0,3.0,1.0,0.0,0.0,0.0
EPL_2008,30/08/08,24,33,2.0,1.0,0.0,21.0,7.0,12.0,2.0,4.0,5.0,2.0,4.0,0.0,1.0
EPL_2008,30/08/08,39,3,4.0,1.0,0.0,11.0,12.0,6.0,7.0,10.0,4.0,1.0,5.0,0.0,0.0
EPL_2008,31/08/08,1,20,0.0,0.0,1.0,5.0,8.0,2.0,3.0,5.0,8.0,0.0,2.0,0.0,0.0
EPL_2008,31/08/08,11,36,1.0,1.0,1.0,12.0,6.0,3.0,6.0,5.0,8.0,3.0,0.0,0.0,0.0
EPL_2008,31/08/08,34,22,0.0,3.0,2.0,10.0,9.0,4.0,8.0,3.0,3.0,4.0,2.0,0.0,0.0
EPL_2008,13/09/08,3,0,0.0,4.0,2.0,10.0,17.0,3.0,10.0,5.0,5.0,1.0,1.0,0.0,0.0
EPL_2008,13/09/08,14,5,2.0,1.0,0.0,20.0,8.0,13.0,7.0,12.0,6.0,1.0,1.0,0.0,0.0
EPL_2008,13/09/08,20,23,2.0,1.0,0.0,16.0,7.0,11.0,3.0,5.0,4.0,0.0,3.0,0.0,1.0
EPL_2008,13/09/08,22,11,1.0,3.0,2.0,13.0,18.0,7.0,8.0,8.0,5.0,0.0,1.0,0.0,1.0
EPL_2008,13/09/08,25,16,1.0,2.0,2.0,13.0,8.0,4.0,4.0,5.0,3.0,0.0,2.0,1.0,0.0
EPL_2008,13/09/08,28,24,2.0,1.0,0.0,21.0,7.0,12.0,3.0,3.0,2.0,2.0,1.0,0.0,0.0
EPL_2008,13/09/08,38,39,3.0,2.0,0.0,13.0,21.0,8.0,13.0,8.0,8.0,1.0,1.0,0.0,0.0
EPL_2008,13/09/08,40,34,1.0,1.0,1.0,12.0,6.0,8.0,5.0,8.0,6.0,1.0,1.0,1.0,0.0
EPL_2008,14/09/08,33,13,2.0,3.0,2.0,12.0,8.0,7.0,5.0,7.0,8.0,2.0,1.0,0.0,0.0
EPL_2008,15/09/08,36,1,1.0,2.0,2.0,17.0,17.0,10.0,13.0,12.0,8.0,1.0,4.0,0.0,0.0
EPL_2008,20/09/08,3,14,1.0,0.0,0.0,11.0,11.0,4.0,5.0,4.0,3.0,2.0,0.0,0.0,0.0
EPL_2008,20/09/08,5,0,1.0,3.0,2.0,12.0,20.0,8.0,9.0,7.0,17.0,2.0,2.0,0.0,0.0
EPL_2008,20/09/08,20,33,0.0,0.0,1.0,27.0,3.0,11.0,2.0,20.0,3.0,1.0,1.0,0.0,0.0
EPL_2008,20/09/08,34,24,2.0,0.0,0.0,17.0,14.0,11.0,11.0,8.0,7.0,2.0,3.0,0.0,0.0
EPL_2008,20/09/08,39,25,3.0,1.0,0.0,12.0,11.0,6.0,8.0,2.0,6.0,1.0,2.0,0.0,0.0
EPL_2008,21/09/08,11,23,1.0,1.0,1.0,20.0,13.0,13.0,8.0,7.0,4.0,1.0,7.0,0.0,0.0
EPL_2008,21/09/08,16,13,2.0,2.0,1.0,9.0,17.0,5.0,8.0,4.0,6.0,0.0,1.0,0.0,0.0
EPL_2008,21/09/08,22,28,6.0,0.0,0.0,14.0,10.0,10.0,4.0,8.0,5.0,0.0,1.0,0.0,0.0
EPL_2008,21/09/08,36,40,0.0,0.0,1.0,11.0,14.0,4.0,6.0,3.0,4.0,2.0,2.0,0.0,0.0
EPL_2008,21/09/08,38,1,1.0,2.0,2.0,10.0,10.0,6.0,5.0,5.0,6.0,3.0,3.0,0.0,0.0
EPL_2008,27/09/08,0,16,1.0,2.0,2.0,18.0,7.0,9.0,5.0,15.0,4.0,2.0,1.0,0.0,0.0
EPL_2008,27/09/08,1,34,2.0,1.0,0.0,12.0,9.0,8.0,3.0,5.0,5.0,1.0,1.0,0.0,0.0
EPL_2008,27/09/08,13,20,0.0,2.0,2.0,4.0,11.0,2.0,6.0,7.0,4.0,3.0,3.0,1.0,0.0
EPL_2008,27/09/08,14,39,1.0,2.0,2.0,18.0,16.0,6.0,10.0,2.0,4.0,4.0,1.0,1.0,0.0
EPL_2008,27/09/08,23,5,2.0,0.0,0.0,31.0,10.0,24.0,5.0,16.0,4.0,0.0,3.0,0.0,0.0
EPL_2008,27/09/08,24,38,0.0,1.0,2.0,22.0,14.0,13.0,9.0,11.0,8.0,2.0,4.0,0.0,0.0
EPL_2008,27/09/08,25,3,1.0,2.0,2.0,4.0,9.0,2.0,8.0,5.0,5.0,0.0,4.0,0.0,0.0
EPL_2008,27/09/08,33,11,0.0,2.0,2.0,5.0,14.0,2.0,9.0,5.0,5.0,2.0,1.0,0.0,0.0
EPL_2008,28/09/08,28,36,2.0,0.0,0.0,8.0,15.0,6.0,8.0,3.0,6.0,4.0,3.0,1.0,0.0
EPL_2008,28/09/08,40,22,2.0,1.0,0.0,9.0,11.0,4.0,6.0,5.0,3.0,3.0,4.0,0.0,0.0
EPL_2008,04/10/08,3,23,0.0,2.0,2.0,6.0,18.0,3.0,9.0,3.0,4.0,2.0,1.0,0.0,0.0
EPL_2008,04/10/08,34,0,1.0,1.0,1.0,8.0,13.0,5.0,7.0,1.0,7.0,3.0,5.0,0.0,0.0
EPL_2008,04/10/08,38,14,1.0,0.0,0.0,13.0,14.0,8.0,5.0,8.0,6.0,2.0,1.0,0.0,0.0
EPL_2008,04/10/08,40,24,0.0,1.0,2.0,21.0,6.0,9.0,2.0,8.0,2.0,3.0,0.0,0.0,0.0
EPL_2008,05/10/08,11,1,2.0,0.0,0.0,27.0,8.0,15.0,3.0,7.0,1.0,0.0,3.0,0.0,0.0
EPL_2008,05/10/08,13,25,2.0,2.0,1.0,13.0,11.0,5.0,9.0,3.0,5.0,1.0,3.0,0.0,0.0
EPL_2008,05/10/08,22,20,2.0,3.0,2.0,7.0,14.0,5.0,7.0,1.0,7.0,1.0,1.0,1.0,0.0
EPL_2008,05/10/08,28,33,2.0,1.0,0.0,17.0,8.0,11.0,5.0,2.0,5.0,0.0,3.0,0.0,0.0
EPL_2008,05/10/08,36,16,0.0,1.0,2.0,27.0,10.0,16.0,6.0,12.0,0.0,4.0,2.0,0.0,0.0
EPL_2008,05/10/08,39,5,1.0,3.0,2.0,13.0,12.0,5.0,6.0,7.0,7.0,4.0,3.0,0.0,0.0
EPL_2008,18/10/08,0,13,3.0,1.0,0.0,22.0,7.0,14.0,3.0,7.0,4.0,2.0,4.0,0.0,0.0
EPL_2008,18/10/08,1,28,0.0,0.0,1.0,10.0,8.0,3.0,3.0,11.0,2.0,1.0,3.0,0.0,1.0
EPL_2008,18/10/08,5,3,0.0,0.0,1.0,10.0,8.0,4.0,1.0,11.0,8.0,1.0,3.0,0.0,0.0
EPL_2008,18/10/08,14,34,0.0,0.0,1.0,13.0,14.0,9.0,7.0,8.0,5.0,1.0,1.0,0.0,0.0
EPL_2008,18/10/08,20,40,3.0,2.0,0.0,17.0,7.0,7.0,4.0,5.0,2.0,1.0,1.0,0.0,1.0
EPL_2008,18/10/08,23,38,4.0,0.0,0.0,18.0,6.0,14.0,2.0,15.0,1.0,0.0,1.0,0.0,0.0
EPL_2008,18/10/08,24,11,0.0,5.0,2.0,7.0,21.0,4.0,14.0,5.0,7.0,2.0,0.0,0.0,0.0
EPL_2008,19/10/08,16,39,1.0,0.0,0.0,12.0,14.0,4.0,5.0,3.0,5.0,2.0,1.0,0.0,0.0
EPL_2008,19/10/08,33,36,2.0,1.0,0.0,7.0,11.0,3.0,6.0,6.0,1.0,1.0,2.0,0.0,2.0
EPL_2008,20/10/08,25,22,2.0,2.0,1.0,6.0,20.0,2.0,8.0,5.0,10.0,0.0,2.0,1.0,0.0
EPL_2008,25/10/08,3,24,1.0,1.0,1.0,13.0,5.0,5.0,2.0,9.0,2.0,3.0,1.0,0.0,0.0
EPL_2008,25/10/08,13,23,1.0,1.0,1.0,13.0,18.0,9.0,14.0,5.0,9.0,3.0,3.0,0.0,0.0
EPL_2008,25/10/08,34,25,2.0,1.0,0.0,14.0,10.0,3.0,5.0,2.0,4.0,1.0,2.0,0.0,0.0
EPL_2008,25/10/08,38,16,0.0,3.0,2.0,24.0,16.0,16.0,10.0,14.0,5.0,1.0,2.0,0.0,0.0
EPL_2008,26/10/08,11,20,0.0,1.0,2.0,14.0,8.0,5.0,3.0,4.0,2.0,3.0,3.0,0.0,0.0
EPL_2008,26/10/08,22,33,3.0,0.0,0.0,18.0,9.0,12.0,6.0,6.0,8.0,1.0,0.0,0.0,0.0
EPL_2008,26/10/08,28,14,1.0,1.0,1.0,21.0,9.0,12.0,5.0,8.0,6.0,0.0,0.0,0.0,0.0
EPL_2008,26/10/08,36,5,2.0,0.0,0.0,19.0,10.0,9.0,3.0,3.0,4.0,0.0,3.0,0.0,1.0
EPL_2008,26/10/08,39,0,0.0,2.0,2.0,7.0,20.0,3.0,10.0,4.0,9.0,2.0,3.0,1.0,0.0
EPL_2008,26/10/08,40,1,0.0,4.0,2.0,17.0,9.0,5.0,7.0,9.0,4.0,1.0,2.0,0.0,0.0
EPL_2008,28/10/08,25,38,2.0,1.0,0.0,10.0,14.0,5.0,4.0,7.0,8.0,0.0,4.0,0.0,0.0
EPL_2008,29/10/08,0,36,4.0,4.0,1.0,20.0,9.0,12.0,6.0,9.0,1.0,1.0,4.0,0.0,0.0
EPL_2008,29/10/08,1,3,3.0,2.0,0.0,8.0,11.0,4.0,5.0,4.0,5.0,0.0,1.0,0.0,0.0
EPL_2008,29/10/08,5,13,0.0,1.0,2.0,18.0,11.0,12.0,7.0,5.0,3.0,1.0,2.0,0.0,0.0
EPL_2008,29/10/08,14,40,2.0,0.0,0.0,7.0,5.0,2.0,2.0,2.0,2.0,0.0,2.0,0.0,0.0
EPL_2008,29/10/08,16,11,0.0,3.0,2.0,10.0,27.0,5.0,11.0,5.0,5.0,0.0,2.0,0.0,0.0
EPL_2008,29/10/08,20,28,1.0,0.0,0.0,21.0,4.0,10.0,1.0,7.0,1.0,0.0,3.0,0.0,0.0
EPL_2008,29/10/08,23,39,2.0,0.0,0.0,21.0,4.0,12.0,1.0,3.0,1.0,1.0,2.0,0.0,0.0
EPL_2008,29/10/08,24,22,2.0,0.0,0.0,5.0,13.0,3.0,8.0,3.0,3.0,1.0,3.0,0.0,0.0
EPL_2008,29/10/08,33,34,1.0,0.0,0.0,9.0,9.0,6.0,4.0,4.0,4.0,2.0,1.0,0.0,0.0
EPL_2008,01/11/08,11,34,5.0,0.0,0.0,17.0,1.0,11.0,0.0,4.0,0.0,0.0,1.0,0.0,0.0
EPL_2008,01/11/08,13,14,1.0,0.0,0.0,9.0,15.0,4.0,5.0,6.0,5.0,0.0,0.0,0.0,0.0
EPL_2008,01/11/08,23,16,4.0,3.0,0.0,20.0,11.0,11.0,7.0,9.0,1.0,2.0,2.0,0.0,0.0
EPL_2008,01/11/08,24,39,1.0,1.0,1.0,11.0,13.0,7.0,8.0,5.0,4.0,3.0,4.0,0.0,0.0
EPL_2008,01/11/08,28,40,1.0,2.0,2.0,16.0,12.0,8.0,8.0,9.0,6.0,0.0,3.0,0.0,0.0
EPL_2008,01/11/08,33,0,2.0,1.0,0.0,7.0,13.0,5.0,6.0,3.0,5.0,4.0,2.0,0.0,1.0
EPL_2008,01/11/08,36,20,2.0,1.0,0.0,8.0,14.0,4.0,6.0,4.0,4.0,1.0,2.0,0.0,0.0
EPL_2008,01/11/08,38,3,2.0,2.0,1.0,15.0,9.0,8.0,5.0,2.0,3.0,3.0,2.0,0.0,1.0
EPL_2008,02/11/08,5,22,2.0,0.0,0.0,20.0,11.0,12.0,6.0,6.0,1.0,1.0,1.0,0.0,0.0
EPL_2008,03/11/08,25,1,2.0,0.0,0.0,11.0,6.0,7.0,1.0,2.0,6.0,4.0,3.0,0.0,0.0
EPL_2008,08/11/08,0,23,2.0,1.0,0.0,11.0,17.0,7.0,9.0,5.0,6.0,3.0,2.0,0.0,0.0
EPL_2008,08/11/08,16,5,0.0,1.0,2.0,16.0,10.0,11.0,6.0,6.0,7.0,1.0,2.0,0.0,0.0
EPL_2008,08/11/08,20,38,3.0,0.0,0.0,11.0,4.0,10.0,2.0,3.0,7.0,2.0,1.0,0.0,0.0
EPL_2008,08/11/08,34,28,1.0,2.0,2.0,9.0,10.0,6.0,5.0,8.0,3.0,2.0,1.0,0.0,0.0
EPL_2008,08/11/08,39,13,1.0,3.0,2.0,15.0,12.0,13.0,7.0,9.0,4.0,1.0,1.0,0.0,0.0
EPL_2008,08/11/08,40,33,0.0,0.0,1.0,22.0,2.0,14.0,1.0,6.0,3.0,1.0,3.0,0.0,0.0
EPL_2008,09/11/08,1,24,1.0,2.0,2.0,14.0,15.0,9.0,8.0,7.0,4.0,2.0,2.0,0.0,0.0
EPL_2008,09/11/08,3,11,0.0,2.0,2.0,8.0,18.0,3.0,13.0,5.0,9.0,2.0,1.0,0.0,0.0
EPL_2008,09/11/08,14,25,2.0,1.0,0.0,11.0,13.0,6.0,7.0,6.0,1.0,2.0,2.0,0.0,0.0
EPL_2008,09/11/08,22,36,1.0,2.0,2.0,9.0,14.0,7.0,9.0,4.0,5.0,1.0,2.0,2.0,1.0
EPL_2008,15/11/08,0,1,0.0,2.0,2.0,11.0,9.0,8.0,6.0,8.0,5.0,2.0,4.0,0.0,0.0
EPL_2008,15/11/08,3,34,1.0,2.0,2.0,16.0,10.0,8.0,6.0,11.0,9.0,3.0,4.0,0.0,0.0
EPL_2008,15/11/08,5,20,0.0,2.0,2.0,15.0,15.0,9.0,6.0,7.0,3.0,1.0,1.0,0.0,0.0
EPL_2008,15/11/08,14,36,2.0,1.0,0.0,16.0,7.0,14.0,3.0,10.0,3.0,1.0,0.0,0.0,0.0
EPL_2008,15/11/08,23,33,5.0,0.0,0.0,21.0,3.0,15.0,1.0,3.0,0.0,1.0,2.0,0.0,0.0
EPL_2008,15/11/08,25,40,2.0,2.0,1.0,17.0,12.0,9.0,7.0,4.0,10.0,1.0,3.0,0.0,1.0
EPL_2008,15/11/08,38,11,0.0,3.0,2.0,13.0,15.0,3.0,9.0,3.0,10.0,0.0,3.0,0.0,0.0
EPL_2008,15/11/08,39,28,0.0,0.0,1.0,11.0,11.0,5.0,7.0,8.0,7.0,0.0,1.0,0.0,0.0
EPL_2008,16/11/08,13,24,1.0,1.0,1.0,15.0,11.0,7.0,3.0,11.0,1.0,0.0,2.0,0.0,0.0
EPL_2008,16/11/08,16,22,2.0,2.0,1.0,11.0,12.0,6.0,8.0,3.0,6.0,2.0,3.0,0.0,0.0
EPL_2008,22/11/08,1,23,0.0,0.0,1.0,10.0,12.0,7.0,7.0,3.0,6.0,1.0,0.0,0.0,0.0
EPL_2008,22/11/08,11,25,0.0,0.0,1.0,25.0,2.0,14.0,0.0,8.0,1.0,0.0,2.0,0.0,0.0
EPL_2008,22/11/08,20,14,0.0,0.0,1.0,18.0,6.0,7.0,6.0,9.0,3.0,0.0,0.0,0.0,0.0
EPL_2008,22/11/08,22,0,3.0,0.0,0.0,12.0,11.0,8.0,5.0,3.0,3.0,0.0,1.0,0.0,0.0
EPL_2008,22/11/08,24,5,1.0,3.0,2.0,18.0,11.0,5.0,5.0,8.0,0.0,2.0,5.0,0.0,0.0
EPL_2008,22/11/08,28,16,2.0,2.0,1.0,14.0,13.0,7.0,6.0,7.0,7.0,2.0,1.0,0.0,0.0
EPL_2008,22/11/08,33,38,1.0,0.0,0.0,9.0,8.0,7.0,2.0,4.0,1.0,1.0,0.0,0.0,0.0
EPL_2008,23/11/08,34,39,0.0,1.0,2.0,17.0,10.0,6.0,5.0,4.0,2.0,2.0,1.0,0.0,0.0
EPL_2008,23/11/08,36,3,1.0,0.0,0.0,16.0,9.0,7.0,6.0,6.0,6.0,2.0,3.0,0.0,1.0
EPL_2008,24/11/08,40,13,1.0,0.0,0.0,12.0,7.0,6.0,2.0,3.0,3.0,0.0,0.0,0.0,0.0
EPL_2008,29/11/08,1,14,0.0,0.0,1.0,12.0,5.0,4.0,2.0,11.0,4.0,0.0,2.0,0.0,0.0
EPL_2008,29/11/08,24,25,0.0,0.0,1.0,14.0,10.0,7.0,5.0,7.0,2.0,1.0,1.0,0.0,0.0
EPL_2008,29/11/08,33,16,1.0,1.0,1.0,10.0,6.0,5.0,5.0,5.0,3.0,2.0,3.0,0.0,0.0
EPL_2008,29/11/08,34,5,1.0,4.0,2.0,14.0,11.0,9.0,6.0,5.0,6.0,4.0,0.0,0.0,0.0
EPL_2008,29/11/08,40,38,2.0,1.0,0.0,17.0,17.0,9.0,9.0,6.0,8.0,0.0,2.0,0.0,0.0
EPL_2008,30/11/08,11,0,1.0,2.0,2.0,12.0,9.0,5.0,6.0,3.0,2.0,2.0,0.0,0.0,0.0
EPL_2008,30/11/08,22,23,0.0,1.0,2.0,10.0,12.0,1.0,8.0,3.0,8.0,2.0,5.0,0.0,1.0
EPL_2008,30/11/08,28,3,3.0,2.0,0.0,9.0,10.0,6.0,2.0,8.0,10.0,0.0,1.0,0.0,0.0
EPL_2008,30/11/08,36,13,0.0,1.0,2.0,14.0,8.0,6.0,6.0,5.0,1.0,1.0,3.0,0.0,0.0
EPL_2008,01/12/08,20,39,0.0,0.0,1.0,21.0,7.0,8.0,3.0,17.0,5.0,1.0,1.0,0.0,0.0
EPL_2008,06/12/08,0,40,1.0,0.0,0.0,11.0,10.0,4.0,4.0,8.0,3.0,1.0,2.0,0.0,0.0
EPL_2008,06/12/08,3,20,1.0,3.0,2.0,7.0,10.0,3.0,6.0,5.0,6.0,2.0,2.0,0.0,0.0
EPL_2008,06/12/08,5,11,0.0,2.0,2.0,21.0,11.0,11.0,7.0,10.0,2.0,2.0,1.0,0.0,0.0
EPL_2008,06/12/08,14,22,1.0,1.0,1.0,12.0,15.0,8.0,7.0,9.0,7.0,2.0,1.0,0.0,0.0
EPL_2008,06/12/08,16,24,2.0,1.0,0.0,17.0,9.0,7.0,7.0,8.0,6.0,1.0,1.0,0.0,1.0
EPL_2008,06/12/08,23,34,1.0,0.0,0.0,27.0,2.0,15.0,2.0,10.0,1.0,1.0,0.0,0.0,0.0
EPL_2008,06/12/08,25,33,2.0,2.0,1.0,9.0,12.0,6.0,4.0,6.0,3.0,0.0,1.0,0.0,0.0
EPL_2008,07/12/08,13,1,2.0,3.0,2.0,12.0,5.0,7.0,5.0,10.0,6.0,2.0,1.0,0.0,0.0
EPL_2008,07/12/08,38,28,1.0,1.0,1.0,14.0,6.0,8.0,3.0,3.0,5.0,1.0,2.0,0.0,0.0
EPL_2008,08/12/08,39,36,0.0,2.0,2.0,11.0,17.0,4.0,12.0,7.0,5.0,2.0,0.0,0.0,0.0
EPL_2008,13/12/08,1,5,4.0,2.0,0.0,16.0,9.0,7.0,5.0,10.0,3.0,0.0,1.0,0.0,0.0
EPL_2008,13/12/08,20,16,2.0,2.0,1.0,22.0,9.0,10.0,3.0,8.0,4.0,3.0,3.0,0.0,0.0
EPL_2008,13/12/08,22,13,0.0,1.0,2.0,7.0,11.0,4.0,4.0,5.0,7.0,0.0,1.0,0.0,0.0
EPL_2008,13/12/08,24,0,1.0,1.0,1.0,8.0,17.0,3.0,11.0,5.0,10.0,0.0,1.0,0.0,0.0
EPL_2008,13/12/08,33,14,0.0,0.0,1.0,6.0,9.0,2.0,6.0,5.0,6.0,1.0,1.0,0.0,0.0
EPL_2008,13/12/08,34,38,4.0,0.0,0.0,16.0,14.0,10.0,6.0,1.0,11.0,1.0,2.0,0.0,0.0
EPL_2008,13/12/08,36,23,0.0,0.0,1.0,11.0,15.0,6.0,12.0,4.0,14.0,1.0,1.0,0.0,0.0
EPL_2008,13/12/08,40,3,3.0,0.0,0.0,10.0,11.0,5.0,4.0,6.0,9.0,1.0,1.0,0.0,0.0
EPL_2008,14/12/08,11,39,1.0,1.0,1.0,19.0,4.0,12.0,2.0,9.0,4.0,3.0,2.0,0.0,0.0
EPL_2008,14/12/08,28,25,0.0,3.0,2.0,18.0,10.0,6.0,5.0,8.0,5.0,4.0,1.0,0.0,0.0
EPL_2008,20/12/08,3,33,3.0,0.0,0.0,10.0,14.0,9.0,4.0,3.0,7.0,0.0,2.0,0.0,0.0
EPL_2008,20/12/08,5,28,2.0,1.0,0.0,19.0,8.0,10.0,5.0,6.0,3.0,1.0,1.0,0.0,0.0
EPL_2008,20/12/08,14,24,3.0,0.0,0.0,19.0,12.0,13.0,5.0,6.0,4.0,0.0,2.0,0.0,0.0
EPL_2008,20/12/08,16,34,1.0,4.0,2.0,14.0,15.0,8.0,6.0,6.0,6.0,3.0,1.0,1.0,0.0
EPL_2008,20/12/08,39,1,0.0,1.0,2.0,17.0,10.0,13.0,4.0,7.0,6.0,2.0,1.0,0.0,0.0
EPL_2008,21/12/08,0,20,1.0,1.0,1.0,6.0,10.0,3.0,6.0,2.0,1.0,3.0,3.0,1.0,0.0
EPL_2008,21/12/08,25,36,2.0,1.0,0.0,7.0,11.0,4.0,6.0,4.0,7.0,3.0,2.0,0.0,0.0
EPL_2008,21/12/08,38,22,2.0,1.0,0.0,12.0,11.0,7.0,7.0,5.0,7.0,2.0,1.0,0.0,0.0
EPL_2008,22/12/08,13,11,0.0,0.0,1.0,10.0,6.0,8.0,2.0,6.0,5.0,0.0,3.0,0.0,1.0
EPL_2008,26/12/08,1,0,2.0,2.0,1.0,13.0,8.0,9.0,6.0,7.0,6.0,4.0,4.0,0.0,0.0
EPL_2008,26/12/08,11,38,2.0,0.0,0.0,23.0,6.0,15.0,2.0,7.0,5.0,1.0,0.0,0.0,0.0
EPL_2008,26/12/08,20,5,3.0,0.0,0.0,18.0,4.0,8.0,2.0,16.0,3.0,1.0,3.0,0.0,0.0
EPL_2008,26/12/08,22,16,5.0,1.0,0.0,23.0,15.0,16.0,11.0,8.0,10.0,0.0,4.0,0.0,0.0
EPL_2008,26/12/08,24,13,0.0,1.0,2.0,7.0,11.0,5.0,6.0,5.0,8.0,5.0,1.0,0.0,0.0
EPL_2008,26/12/08,28,39,1.0,4.0,2.0,21.0,16.0,14.0,9.0,9.0,5.0,1.0,3.0,0.0,0.0
EPL_2008,26/12/08,33,23,0.0,1.0,2.0,6.0,17.0,3.0,10.0,6.0,9.0,4.0,2.0,1.0,0.0
EPL_2008,26/12/08,34,3,0.0,0.0,1.0,13.0,7.0,8.0,3.0,5.0,2.0,0.0,3.0,0.0,0.0
EPL_2008,26/12/08,36,14,0.0,0.0,1.0,14.0,10.0,7.0,7.0,4.0,2.0,0.0,1.0,0.0,0.0
EPL_2008,26/12/08,40,25,2.0,1.0,0.0,11.0,5.0,5.0,3.0,7.0,4.0,2.0,3.0,0.0,1.0
EPL_2008,28/12/08,0,28,1.0,0.0,0.0,11.0,4.0,7.0,3.0,11.0,2.0,0.0,1.0,0.0,0.0
EPL_2008,28/12/08,3,22,2.0,2.0,1.0,11.0,13.0,6.0,3.0,4.0,3.0,2.0,1.0,0.0,0.0
EPL_2008,28/12/08,5,40,0.0,1.0,2.0,14.0,10.0,8.0,7.0,8.0,7.0,2.0,3.0,0.0,0.0
EPL_2008,28/12/08,13,34,3.0,0.0,0.0,10.0,8.0,6.0,5.0,8.0,2.0,1.0,4.0,0.0,0.0
EPL_2008,28/12/08,14,11,2.0,2.0,1.0,5.0,19.0,2.0,14.0,1.0,7.0,1.0,2.0,0.0,0.0
EPL_2008,28/12/08,25,20,1.0,5.0,2.0,10.0,17.0,7.0,12.0,4.0,9.0,2.0,1.0,0.0,0.0
EPL_2008,28/12/08,38,36,2.0,0.0,0.0,17.0,4.0,11.0,3.0,8.0,4.0,3.0,2.0,0.0,1.0
EPL_2008,28/12/08,39,33,2.0,1.0,0.0,15.0,8.0,7.0,5.0,8.0,4.0,3.0,3.0,0.0,1.0
EPL_2008,29/12/08,23,24,1.0,0.0,0.0,28.0,7.0,13.0,2.0,8.0,4.0,2.0,0.0,0.0,0.0
EPL_2008,30/12/08,16,1,0.0,1.0,2.0,8.0,7.0,3.0,3.0,9.0,5.0,1.0,2.0,0.0,0.0
EPL_2008,10/01/09,0,5,1.0,0.0,0.0,14.0,2.0,9.0,2.0,5.0,0.0,2.0,2.0,0.0,0.0
EPL_2008,10/01/09,1,38,2.0,1.0,0.0,21.0,9.0,13.0,6.0,10.0,7.0,1.0,1.0,0.0,0.0
EPL_2008,10/01/09,13,16,2.0,0.0,0.0,8.0,5.0,5.0,0.0,5.0,3.0,2.0,5.0,0.0,0.0
EPL_2008,10/01/09,24,34,1.0,1.0,1.0,9.0,10.0,3.0,5.0,2.0,7.0,0.0,4.0,0.0,0.0
EPL_2008,10/01/09,25,39,2.0,2.0,1.0,21.0,12.0,12.0,11.0,8.0,3.0,1.0,0.0,0.0,0.0
EPL_2008,10/01/09,33,20,0.0,0.0,1.0,5.0,7.0,0.0,3.0,4.0,5.0,2.0,2.0,0.0,0.0
EPL_2008,11/01/09,23,11,3.0,0.0,0.0,14.0,10.0,11.0,6.0,6.0,3.0,3.0,5.0,0.0,0.0
EPL_2008,11/01/09,40,36,1.0,0.0,0.0,13.0,6.0,5.0,3.0,8.0,3.0,3.0,3.0,0.0,0.0
EPL_2008,14/01/09,23,40,1.0,0.0,0.0,9.0,13.0,6.0,3.0,4.0,6.0,0.0,3.0,0.0,0.0
EPL_2008,17/01/09,3,25,3.0,0.0,0.0,9.0,10.0,4.0,3.0,2.0,5.0,2.0,3.0,0.0,1.0
EPL_2008,17/01/09,5,23,0.0,1.0,2.0,7.0,16.0,2.0,13.0,1.0,8.0,1.0,1.0,0.0,0.0
EPL_2008,17/01/09,11,33,2.0,1.0,0.0,37.0,4.0,22.0,1.0,10.0,4.0,0.0,3.0,0.0,0.0
EPL_2008,17/01/09,16,0,1.0,3.0,2.0,4.0,13.0,3.0,9.0,4.0,4.0,1.0,1.0,0.0,0.0
EPL_2008,17/01/09,22,40,1.0,0.0,0.0,10.0,15.0,3.0,6.0,2.0,11.0,1.0,4.0,1.0,0.0
EPL_2008,17/01/09,34,1,1.0,2.0,2.0,9.0,4.0,6.0,3.0,8.0,6.0,4.0,2.0,0.0,1.0
EPL_2008,17/01/09,38,24,3.0,0.0,0.0,12.0,9.0,8.0,3.0,5.0,3.0,0.0,2.0,0.0,1.0
EPL_2008,18/01/09,36,28,1.0,1.0,1.0,26.0,11.0,15.0,4.0,8.0,4.0,0.0,2.0,0.0,0.0
EPL_2008,18/01/09,39,14,3.0,1.0,0.0,11.0,9.0,7.0,5.0,3.0,3.0,1.0,3.0,0.0,0.0
EPL_2008,19/01/09,20,13,1.0,1.0,1.0,9.0,7.0,5.0,6.0,4.0,4.0,0.0,2.0,0.0,0.0
EPL_2008,27/01/09,28,1,0.0,1.0,2.0,17.0,9.0,8.0,2.0,17.0,5.0,2.0,2.0,1.0,0.0
EPL_2008,27/01/09,34,14,1.0,0.0,0.0,16.0,15.0,11.0,8.0,3.0,1.0,0.0,0.0,0.0,0.0
EPL_2008,27/01/09,36,33,3.0,1.0,0.0,22.0,6.0,14.0,3.0,7.0,4.0,2.0,3.0,0.0,0.0
EPL_2008,27/01/09,38,23,0.0,5.0,2.0,10.0,17.0,4.0,10.0,5.0,4.0,5.0,2.0,1.0,0.0
EPL_2008,28/01/09,3,5,2.0,2.0,1.0,15.0,9.0,12.0,5.0,6.0,4.0,3.0,4.0,0.0,0.0
EPL_2008,28/01/09,11,24,2.0,0.0,0.0,23.0,7.0,12.0,5.0,8.0,3.0,0.0,2.0,0.0,0.0
EPL_2008,28/01/09,13,0,1.0,1.0,1.0,7.0,7.0,3.0,4.0,7.0,6.0,2.0,2.0,0.0,0.0
EPL_2008,28/01/09,22,25,2.0,1.0,0.0,14.0,2.0,7.0,1.0,7.0,0.0,1.0,2.0,0.0,0.0
EPL_2008,28/01/09,39,16,2.0,0.0,0.0,25.0,15.0,13.0,12.0,11.0,5.0,0.0,1.0,0.0,0.0
EPL_2008,28/01/09,40,20,1.0,1.0,1.0,3.0,10.0,1.0,5.0,2.0,2.0,1.0,0.0,0.0,0.0
EPL_2008,31/01/09,0,39,0.0,0.0,1.0,15.0,2.0,8.0,2.0,13.0,3.0,2.0,2.0,0.0,0.0
EPL_2008,31/01/09,1,40,0.0,0.0,1.0,16.0,9.0,11.0,4.0,6.0,2.0,1.0,1.0,0.0,0.0
EPL_2008,31/01/09,5,36,3.0,2.0,0.0,13.0,13.0,7.0,10.0,2.0,8.0,0.0,1.0,0.0,0.0
EPL_2008,31/01/09,14,28,3.0,1.0,0.0,6.0,12.0,6.0,6.0,5.0,8.0,0.0,1.0,0.0,0.0
EPL_2008,31/01/09,16,38,2.0,2.0,1.0,16.0,13.0,12.0,7.0,8.0,6.0,2.0,4.0,0.0,0.0
EPL_2008,31/01/09,23,13,1.0,0.0,0.0,17.0,7.0,10.0,4.0,6.0,2.0,0.0,0.0,0.0,0.0
EPL_2008,31/01/09,24,3,0.0,0.0,1.0,7.0,15.0,4.0,10.0,3.0,9.0,0.0,4.0,0.0,0.0
EPL_2008,31/01/09,33,22,1.0,0.0,0.0,7.0,17.0,4.0,7.0,7.0,6.0,1.0,1.0,1.0,0.0
EPL_2008,01/02/09,20,11,2.0,0.0,0.0,21.0,4.0,15.0,1.0,12.0,1.0,4.0,3.0,0.0,1.0
EPL_2008,01/02/09,25,34,1.0,1.0,1.0,15.0,16.0,10.0,9.0,4.0,3.0,2.0,4.0,0.0,0.0
EPL_2008,07/02/09,3,1,0.0,2.0,2.0,17.0,15.0,8.0,8.0,4.0,13.0,2.0,0.0,0.0,0.0
EPL_2008,07/02/09,11,16,0.0,0.0,1.0,13.0,12.0,6.0,4.0,13.0,3.0,1.0,2.0,0.0,0.0
EPL_2008,07/02/09,13,5,3.0,0.0,0.0,20.0,7.0,11.0,4.0,8.0,4.0,1.0,1.0,0.0,0.0
EPL_2008,07/02/09,22,24,1.0,0.0,0.0,20.0,7.0,12.0,4.0,13.0,3.0,0.0,1.0,0.0,0.0
EPL_2008,07/02/09,28,20,2.0,3.0,2.0,9.0,14.0,7.0,9.0,2.0,4.0,1.0,0.0,0.0,0.0
EPL_2008,07/02/09,34,33,2.0,0.0,0.0,12.0,5.0,6.0,1.0,3.0,3.0,2.0,1.0,0.0,1.0
EPL_2008,07/02/09,38,25,2.0,3.0,2.0,13.0,10.0,7.0,7.0,3.0,4.0,2.0,2.0,0.0,0.0
EPL_2008,07/02/09,40,14,0.0,0.0,1.0,10.0,8.0,3.0,2.0,4.0,8.0,1.0,2.0,0.0,0.0
EPL_2008,08/02/09,36,0,0.0,0.0,1.0,16.0,4.0,6.0,1.0,6.0,4.0,1.0,2.0,0.0,1.0
EPL_2008,08/02/09,39,23,0.0,1.0,2.0,9.0,11.0,5.0,6.0,5.0,11.0,1.0,1.0,0.0,0.0
EPL_2008,14/02/09,28,22,2.0,0.0,0.0,15.0,10.0,9.0,7.0,8.0,2.0,1.0,3.0,0.0,0.0
EPL_2008,18/02/09,23,14,3.0,0.0,0.0,17.0,5.0,9.0,0.0,11.0,2.0,1.0,1.0,0.0,0.0
EPL_2008,21/02/09,0,34,0.0,0.0,1.0,16.0,3.0,9.0,2.0,8.0,3.0,2.0,2.0,0.0,0.0
EPL_2008,21/02/09,1,11,0.0,1.0,2.0,12.0,18.0,5.0,12.0,6.0,11.0,1.0,3.0,0.0,0.0
EPL_2008,21/02/09,5,39,2.0,1.0,0.0,12.0,17.0,8.0,12.0,4.0,13.0,0.0,2.0,0.0,0.0
EPL_2008,21/02/09,23,3,2.0,1.0,0.0,15.0,12.0,7.0,7.0,4.0,7.0,2.0,2.0,0.0,0.0
EPL_2008,21/02/09,24,40,0.0,0.0,1.0,6.0,12.0,3.0,6.0,5.0,1.0,2.0,4.0,0.0,0.0
EPL_2008,21/02/09,33,28,2.0,2.0,1.0,6.0,6.0,2.0,2.0,2.0,3.0,1.0,3.0,0.0,0.0
EPL_2008,22/02/09,14,38,2.0,0.0,0.0,19.0,8.0,9.0,5.0,12.0,4.0,0.0,1.0,0.0,0.0
EPL_2008,22/02/09,20,22,1.0,1.0,1.0,18.0,10.0,5.0,4.0,6.0,4.0,1.0,2.0,0.0,0.0
EPL_2008,22/02/09,25,13,0.0,0.0,1.0,4.0,15.0,0.0,5.0,0.0,6.0,0.0,1.0,1.0,0.0
EPL_2008,23/02/09,16,36,1.0,2.0,2.0,12.0,9.0,4.0,6.0,11.0,13.0,2.0,1.0,0.0,0.0
EPL_2008,28/02/09,0,14,0.0,0.0,1.0,16.0,12.0,8.0,3.0,11.0,6.0,0.0,0.0,0.0,0.0
EPL_2008,28/02/09,11,40,2.0,1.0,0.0,17.0,13.0,13.0,7.0,12.0,8.0,3.0,2.0,0.0,0.0
EPL_2008,28/02/09,13,38,2.0,0.0,0.0,11.0,17.0,6.0,9.0,3.0,6.0,1.0,1.0,0.0,0.0
EPL_2008,28/02/09,24,20,2.0,0.0,0.0,5.0,16.0,3.0,7.0,2.0,9.0,2.0,0.0,0.0,0.0
EPL_2008,01/03/09,1,33,2.0,2.0,1.0,11.0,7.0,7.0,3.0,6.0,6.0,1.0,1.0,0.0,0.0
EPL_2008,01/03/09,5,25,1.0,0.0,0.0,10.0,19.0,6.0,11.0,1.0,10.0,2.0,3.0,0.0,0.0
EPL_2008,01/03/09,16,3,1.0,2.0,2.0,9.0,8.0,5.0,6.0,6.0,4.0,2.0,3.0,1.0,1.0
EPL_2008,01/03/09,39,22,1.0,0.0,0.0,13.0,9.0,9.0,2.0,4.0,7.0,2.0,2.0,0.0,0.0
EPL_2008,03/03/09,20,34,2.0,0.0,0.0,22.0,5.0,12.0,2.0,6.0,2.0,1.0,1.0,0.0,0.0
EPL_2008,03/03/09,28,11,0.0,1.0,2.0,13.0,20.0,9.0,11.0,6.0,5.0,0.0,0.0,0.0,0.0
EPL_2008,03/03/09,38,0,1.0,3.0,2.0,8.0,16.0,4.0,8.0,3.0,4.0,4.0,0.0,0.0,0.0
EPL_2008,04/03/09,3,13,0.0,0.0,1.0,8.0,9.0,3.0,5.0,2.0,4.0,1.0,0.0,0.0,0.0
EPL_2008,04/03/09,14,16,0.0,1.0,2.0,17.0,10.0,9.0,3.0,13.0,5.0,3.0,1.0,0.0,0.0
EPL_2008,04/03/09,22,1,2.0,0.0,0.0,15.0,7.0,7.0,5.0,6.0,5.0,1.0,2.0,0.0,0.0
EPL_2008,04/03/09,25,23,1.0,2.0,2.0,9.0,11.0,6.0,9.0,3.0,10.0,2.0,2.0,0.0,0.0
EPL_2008,04/03/09,33,5,2.0,0.0,0.0,11.0,12.0,6.0,9.0,7.0,6.0,2.0,1.0,0.0,0.0
EPL_2008,04/03/09,36,24,4.0,0.0,0.0,12.0,15.0,7.0,6.0,4.0,8.0,0.0,1.0,0.0,0.0
EPL_2008,04/03/09,40,39,0.0,1.0,2.0,20.0,8.0,8.0,4.0,8.0,1.0,2.0,5.0,1.0,1.0
EPL_2008,07/03/09,34,36,1.0,1.0,1.0,8.0,13.0,3.0,8.0,4.0,1.0,3.0,2.0,0.0,0.0
EPL_2008,11/03/09,14,3,1.0,2.0,2.0,10.0,16.0,8.0,9.0,9.0,9.0,1.0,1.0,0.0,0.0
EPL_2008,14/03/09,0,3,4.0,0.0,0.0,18.0,7.0,12.0,3.0,7.0,4.0,0.0,4.0,0.0,0.0
EPL_2008,14/03/09,5,14,1.0,3.0,2.0,14.0,14.0,9.0,8.0,4.0,5.0,0.0,0.0,0.0,0.0
EPL_2008,14/03/09,13,33,3.0,1.0,0.0,17.0,10.0,13.0,5.0,4.0,9.0,0.0,1.0,0.0,0.0
EPL_2008,14/03/09,16,25,1.0,1.0,1.0,9.0,9.0,2.0,3.0,3.0,3.0,3.0,3.0,0.0,0.0
EPL_2008,14/03/09,23,20,1.0,4.0,2.0,14.0,9.0,9.0,6.0,10.0,3.0,2.0,3.0,1.0,0.0
EPL_2008,14/03/09,24,28,1.0,1.0,1.0,16.0,8.0,11.0,4.0,12.0,4.0,1.0,3.0,1.0,0.0
EPL_2008,14/03/09,34,40,1.0,2.0,2.0,7.0,9.0,3.0,5.0,6.0,2.0,0.0,1.0,0.0,0.0
EPL_2008,15/03/09,1,36,1.0,2.0,2.0,11.0,10.0,5.0,9.0,9.0,5.0,1.0,3.0,0.0,0.0
EPL_2008,15/03/09,11,22,1.0,0.0,0.0,18.0,6.0,6.0,3.0,4.0,3.0,0.0,2.0,0.0,0.0
EPL_2008,16/03/09,39,38,0.0,0.0,1.0,9.0,8.0,4.0,4.0,3.0,4.0,1.0,1.0,0.0,0.0
EPL_2008,21/03/09,3,39,1.0,1.0,1.0,15.0,6.0,11.0,2.0,6.0,1.0,2.0,1.0,0.0,0.0
EPL_2008,21/03/09,14,23,2.0,0.0,0.0,15.0,13.0,6.0,8.0,3.0,4.0,2.0,4.0,0.0,2.0
EPL_2008,21/03/09,25,0,1.0,3.0,2.0,11.0,15.0,8.0,10.0,8.0,4.0,0.0,1.0,0.0,0.0
EPL_2008,21/03/09,28,13,2.0,1.0,0.0,16.0,5.0,11.0,2.0,7.0,4.0,2.0,1.0,0.0,0.0
EPL_2008,21/03/09,33,24,1.0,0.0,0.0,10.0,17.0,4.0,8.0,5.0,4.0,4.0,1.0,0.0,0.0
EPL_2008,21/03/09,36,11,1.0,0.0,0.0,8.0,15.0,4.0,9.0,8.0,7.0,2.0,2.0,0.0,0.0
EPL_2008,21/03/09,38,5,1.0,1.0,1.0,11.0,14.0,4.0,11.0,8.0,4.0,2.0,1.0,0.0,0.0
EPL_2008,22/03/09,20,1,5.0,0.0,0.0,14.0,6.0,7.0,4.0,4.0,6.0,1.0,3.0,0.0,1.0
EPL_2008,22/03/09,22,34,1.0,0.0,0.0,18.0,6.0,10.0,5.0,7.0,7.0,3.0,6.0,0.0,1.0
EPL_2008,22/03/09,40,16,1.0,0.0,0.0,16.0,8.0,6.0,2.0,5.0,4.0,1.0,3.0,0.0,0.0
EPL_2008,04/04/09,0,22,2.0,0.0,0.0,17.0,9.0,9.0,4.0,7.0,2.0,1.0,3.0,0.0,0.0
EPL_2008,04/04/09,3,36,2.0,1.0,0.0,11.0,9.0,6.0,3.0,4.0,7.0,1.0,1.0,0.0,1.0
EPL_2008,04/04/09,5,24,4.0,1.0,0.0,16.0,19.0,9.0,4.0,7.0,5.0,2.0,1.0,0.0,0.0
EPL_2008,04/04/09,14,20,0.0,1.0,2.0,3.0,19.0,1.0,10.0,3.0,6.0,2.0,2.0,0.0,0.0
EPL_2008,04/04/09,16,28,0.0,0.0,1.0,9.0,7.0,1.0,2.0,1.0,4.0,0.0,2.0,0.0,1.0
EPL_2008,04/04/09,25,11,0.0,2.0,2.0,6.0,16.0,4.0,10.0,4.0,6.0,0.0,2.0,0.0,0.0
EPL_2008,04/04/09,38,33,0.0,2.0,2.0,12.0,9.0,9.0,6.0,6.0,3.0,2.0,1.0,0.0,0.0
EPL_2008,04/04/09,39,34,2.0,0.0,0.0,16.0,14.0,11.0,9.0,11.0,8.0,1.0,1.0,0.0,0.0
EPL_2008,05/04/09,13,40,4.0,0.0,0.0,14.0,14.0,10.0,8.0,1.0,4.0,0.0,3.0,0.0,0.0
EPL_2008,05/04/09,23,1,3.0,2.0,0.0,14.0,8.0,9.0,8.0,8.0,4.0,1.0,2.0,0.0,0.0
EPL_2008,11/04/09,11,5,4.0,3.0,0.0,20.0,14.0,9.0,6.0,8.0,4.0,0.0,0.0,0.0,0.0
EPL_2008,11/04/09,20,3,4.0,0.0,0.0,22.0,7.0,12.0,5.0,7.0,2.0,2.0,1.0,0.0,0.0
EPL_2008,11/04/09,24,16,3.0,1.0,0.0,15.0,12.0,9.0,6.0,3.0,3.0,3.0,3.0,0.0,0.0
EPL_2008,11/04/09,28,38,2.0,2.0,1.0,14.0,12.0,4.0,7.0,4.0,2.0,3.0,1.0,0.0,0.0
EPL_2008,11/04/09,33,25,1.0,1.0,1.0,17.0,8.0,6.0,2.0,8.0,4.0,4.0,2.0,0.0,0.0
EPL_2008,11/04/09,34,23,1.0,2.0,2.0,12.0,18.0,7.0,8.0,5.0,4.0,1.0,2.0,0.0,0.0
EPL_2008,11/04/09,36,39,1.0,0.0,0.0,14.0,8.0,9.0,6.0,10.0,1.0,1.0,4.0,0.0,0.0
EPL_2008,11/04/09,40,0,1.0,4.0,2.0,11.0,15.0,5.0,8.0,6.0,5.0,3.0,3.0,0.0,0.0
EPL_2008,12/04/09,1,13,3.0,3.0,1.0,15.0,10.0,8.0,6.0,11.0,7.0,0.0,2.0,0.0,0.0
EPL_2008,12/04/09,22,14,1.0,3.0,2.0,13.0,15.0,5.0,11.0,8.0,3.0,0.0,1.0,0.0,0.0
EPL_2008,18/04/09,1,39,1.0,1.0,1.0,17.0,18.0,7.0,9.0,12.0,11.0,2.0,3.0,0.0,0.0
EPL_2008,18/04/09,24,14,0.0,0.0,1.0,18.0,11.0,14.0,6.0,9.0,1.0,3.0,1.0,0.0,0.0
EPL_2008,18/04/09,28,5,1.0,0.0,0.0,20.0,5.0,10.0,1.0,6.0,5.0,2.0,4.0,0.0,0.0
EPL_2008,18/04/09,33,3,1.0,0.0,0.0,6.0,3.0,2.0,1.0,4.0,6.0,3.0,1.0,0.0,0.0
EPL_2008,18/04/09,34,16,1.0,0.0,0.0,8.0,13.0,4.0,3.0,6.0,6.0,2.0,3.0,0.0,0.0
EPL_2008,19/04/09,22,38,4.0,2.0,0.0,18.0,26.0,11.0,17.0,3.0,9.0,1.0,2.0,0.0,0.0
EPL_2008,19/04/09,36,25,1.0,0.0,0.0,22.0,8.0,18.0,3.0,4.0,7.0,1.0,2.0,0.0,0.0
EPL_2008,21/04/09,20,0,4.0,4.0,1.0,22.0,8.0,15.0,4.0,12.0,0.0,0.0,1.0,0.0,0.0
EPL_2008,22/04/09,11,13,0.0,0.0,1.0,18.0,14.0,6.0,5.0,4.0,6.0,0.0,1.0,0.0,0.0
EPL_2008,22/04/09,23,28,2.0,0.0,0.0,20.0,5.0,14.0,1.0,6.0,2.0,1.0,0.0,0.0,0.0
EPL_2008,25/04/09,5,1,1.0,1.0,1.0,9.0,14.0,6.0,6.0,4.0,5.0,0.0,1.0,0.0,0.0
EPL_2008,25/04/09,13,22,1.0,2.0,2.0,12.0,16.0,4.0,10.0,5.0,3.0,1.0,3.0,0.0,0.0
EPL_2008,25/04/09,14,33,1.0,0.0,0.0,10.0,9.0,7.0,2.0,5.0,7.0,1.0,2.0,0.0,0.0
EPL_2008,25/04/09,16,20,1.0,3.0,2.0,7.0,21.0,5.0,8.0,3.0,8.0,3.0,1.0,1.0,0.0
EPL_2008,25/04/09,23,36,5.0,2.0,0.0,21.0,6.0,14.0,4.0,6.0,2.0,3.0,3.0,0.0,0.0
EPL_2008,25/04/09,38,34,3.0,0.0,0.0,15.0,9.0,9.0,5.0,6.0,3.0,0.0,1.0,0.0,0.0
EPL_2008,25/04/09,39,11,0.0,1.0,2.0,8.0,20.0,6.0,8.0,3.0,5.0,1.0,0.0,0.0,0.0
EPL_2008,26/04/09,0,24,2.0,0.0,0.0,15.0,5.0,11.0,4.0,8.0,1.0,0.0,0.0,0.0,0.0
EPL_2008,26/04/09,3,40,2.0,0.0,0.0,14.0,17.0,8.0,8.0,3.0,9.0,0.0,0.0,0.0,0.0
EPL_2008,27/04/09,25,28,0.0,0.0,1.0,13.0,15.0,8.0,7.0,7.0,10.0,2.0,2.0,0.0,0.0
EPL_2008,02/05/09,11,14,3.0,1.0,0.0,13.0,8.0,5.0,3.0,5.0,4.0,0.0,1.0,0.0,0.0
EPL_2008,02/05/09,22,3,3.0,1.0,0.0,9.0,16.0,7.0,9.0,7.0,6.0,2.0,3.0,0.0,0.0
EPL_2008,02/05/09,24,23,0.0,2.0,2.0,11.0,13.0,5.0,4.0,3.0,3.0,1.0,1.0,0.0,0.0
EPL_2008,02/05/09,28,0,0.0,3.0,2.0,12.0,15.0,4.0,9.0,5.0,11.0,3.0,1.0,1.0,0.0
EPL_2008,02/05/09,33,39,0.0,1.0,2.0,13.0,7.0,7.0,3.0,7.0,0.0,3.0,2.0,0.0,0.0
EPL_2008,02/05/09,36,38,1.0,0.0,0.0,16.0,10.0,9.0,7.0,9.0,7.0,1.0,1.0,0.0,0.0
EPL_2008,02/05/09,40,5,0.0,0.0,1.0,16.0,10.0,7.0,2.0,9.0,6.0,2.0,3.0,0.0,0.0
EPL_2008,03/05/09,20,25,3.0,0.0,0.0,25.0,3.0,11.0,3.0,7.0,1.0,0.0,2.0,0.0,1.0
EPL_2008,03/05/09,34,13,0.0,2.0,2.0,8.0,10.0,3.0,8.0,9.0,3.0,3.0,4.0,0.0,0.0
EPL_2008,04/05/09,1,16,1.0,0.0,0.0,12.0,9.0,8.0,5.0,13.0,7.0,0.0,2.0,0.0,0.0
EPL_2008,09/05/09,3,28,2.0,0.0,0.0,8.0,7.0,6.0,4.0,4.0,3.0,2.0,1.0,0.0,0.0
EPL_2008,09/05/09,5,34,0.0,0.0,1.0,8.0,15.0,4.0,4.0,10.0,3.0,2.0,0.0,0.0,0.0
EPL_2008,09/05/09,13,36,0.0,0.0,1.0,13.0,4.0,5.0,2.0,4.0,5.0,2.0,3.0,0.0,0.0
EPL_2008,09/05/09,14,1,3.0,1.0,0.0,15.0,7.0,11.0,2.0,7.0,5.0,1.0,0.0,0.0,0.0
EPL_2008,09/05/09,16,33,1.0,2.0,2.0,14.0,10.0,5.0,2.0,5.0,3.0,0.0,1.0,0.0,0.0
EPL_2008,09/05/09,38,40,3.0,1.0,0.0,12.0,11.0,10.0,4.0,5.0,3.0,2.0,0.0,0.0,0.0
EPL_2008,09/05/09,39,20,0.0,3.0,2.0,8.0,16.0,3.0,9.0,2.0,4.0,3.0,2.0,0.0,0.0
EPL_2008,10/05/09,0,11,1.0,4.0,2.0,15.0,16.0,7.0,8.0,6.0,2.0,1.0,0.0,0.0,0.0
EPL_2008,10/05/09,23,22,2.0,0.0,0.0,15.0,11.0,7.0,5.0,8.0,7.0,1.0,1.0,0.0,0.0
EPL_2008,11/05/09,25,24,3.0,1.0,0.0,19.0,11.0,9.0,5.0,11.0,1.0,3.0,1.0,0.0,0.0
EPL_2008,13/05/09,40,23,1.0,2.0,2.0,13.0,18.0,5.0,9.0,5.0,4.0,0.0,0.0,0.0,0.0
EPL_2008,16/05/09,5,16,1.0,1.0,1.0,16.0,20.0,9.0,12.0,5.0,7.0,1.0,2.0,0.0,0.0
EPL_2008,16/05/09,13,39,3.0,1.0,0.0,18.0,8.0,9.0,3.0,6.0,3.0,1.0,2.0,0.0,1.0
EPL_2008,16/05/09,23,0,0.0,0.0,1.0,11.0,14.0,5.0,11.0,2.0,6.0,0.0,5.0,0.0,0.0
EPL_2008,16/05/09,24,1,1.0,1.0,1.0,10.0,8.0,6.0,6.0,6.0,8.0,0.0,2.0,0.0,0.0
EPL_2008,16/05/09,25,14,0.0,1.0,2.0,12.0,12.0,6.0,5.0,6.0,2.0,0.0,3.0,1.0,0.0
EPL_2008,16/05/09,33,40,2.0,0.0,0.0,13.0,8.0,8.0,3.0,6.0,3.0,0.0,0.0,0.0,0.0
EPL_2008,16/05/09,36,22,2.0,1.0,0.0,11.0,9.0,4.0,3.0,4.0,7.0,0.0,1.0,0.0,0.0
EPL_2008,17/05/09,11,3,2.0,0.0,0.0,21.0,8.0,12.0,5.0,1.0,4.0,1.0,2.0,0.0,0.0
EPL_2008,17/05/09,38,20,0.0,2.0,2.0,12.0,16.0,7.0,10.0,11.0,5.0,2.0,0.0,0.0,0.0
EPL_2008,18/05/09,28,34,3.0,1.0,0.0,9.0,20.0,4.0,9.0,5.0,6.0,1.0,0.0,0.0,0.0
EPL_2008,24/05/09,0,33,4.0,1.0,0.0,24.0,3.0,11.0,1.0,6.0,0.0,1.0,0.0,0.0,0.0
EPL_2008,24/05/09,1,25,1.0,0.0,0.0,15.0,8.0,5.0,3.0,5.0,3.0,0.0,2.0,0.0,1.0
EPL_2008,24/05/09,3,38,0.0,0.0,1.0,10.0,13.0,5.0,5.0,4.0,9.0,0.0,1.0,1.0,0.0
EPL_2008,24/05/09,14,13,0.0,2.0,2.0,10.0,13.0,4.0,10.0,2.0,2.0,0.0,0.0,0.0,0.0
EPL_2008,24/05/09,16,23,0.0,1.0,2.0,12.0,12.0,8.0,5.0,8.0,3.0,2.0,1.0,0.0,0.0
EPL_2008,24/05/09,20,36,3.0,1.0,0.0,20.0,8.0,9.0,4.0,9.0,2.0,0.0,1.0,0.0,0.0
EPL_2008,24/05/09,22,5,1.0,0.0,0.0,20.0,8.0,12.0,4.0,15.0,9.0,0.0,0.0,0.0,0.0
EPL_2008,24/05/09,34,11,2.0,3.0,2.0,8.0,14.0,7.0,9.0,6.0,7.0,1.0,1.0,0.0,0.0
EPL_2008,24/05/09,39,24,2.0,1.0,0.0,14.0,17.0,8.0,6.0,4.0,5.0,0.0,1.0,0.0,0.0
EPL_2008,24/05/09,40,28,1.0,0.0,0.0,19.0,9.0,10.0,3.0,8.0,2.0,0.0,4.0,0.0,0.0
EPL_2009,15/08/09,1,40,0.0,2.0,2.0,11.0,14.0,5.0,7.0,4.0,6.0,2.0,2.0,0.0,0.0
EPL_2009,15/08/09,3,22,0.0,2.0,2.0,17.0,8.0,9.0,5.0,5.0,4.0,2.0,1.0,0.0,0.0
EPL_2009,15/08/09,5,34,0.0,1.0,2.0,11.0,20.0,3.0,13.0,4.0,7.0,2.0,1.0,0.0,0.0
EPL_2009,15/08/09,11,16,2.0,1.0,0.0,26.0,7.0,12.0,3.0,12.0,4.0,1.0,2.0,0.0,0.0
EPL_2009,15/08/09,13,0,1.0,6.0,2.0,8.0,15.0,5.0,9.0,4.0,9.0,0.0,0.0,0.0,0.0
EPL_2009,15/08/09,28,14,0.0,1.0,2.0,16.0,9.0,4.0,3.0,6.0,4.0,3.0,2.0,0.0,0.0
EPL_2009,15/08/09,33,9,2.0,0.0,0.0,12.0,9.0,5.0,5.0,3.0,6.0,2.0,2.0,0.0,0.0
EPL_2009,15/08/09,41,39,0.0,2.0,2.0,19.0,16.0,11.0,13.0,8.0,6.0,0.0,0.0,0.0,0.0
EPL_2009,16/08/09,23,2,1.0,0.0,0.0,26.0,6.0,17.0,4.0,13.0,2.0,1.0,1.0,0.0,0.0
EPL_2009,16/08/09,36,20,2.0,1.0,0.0,17.0,6.0,11.0,3.0,6.0,5.0,3.0,3.0,0.0,0.0
EPL_2009,18/08/09,34,11,1.0,3.0,2.0,4.0,20.0,3.0,9.0,1.0,14.0,2.0,2.0,0.0,0.0
EPL_2009,18/08/09,40,41,0.0,1.0,2.0,18.0,9.0,5.0,3.0,4.0,4.0,0.0,3.0,0.0,0.0
EPL_2009,19/08/09,2,28,1.0,0.0,0.0,9.0,9.0,5.0,4.0,4.0,5.0,0.0,5.0,0.0,0.0
EPL_2009,19/08/09,9,23,1.0,0.0,0.0,8.0,18.0,2.0,9.0,1.0,12.0,2.0,1.0,0.0,0.0
EPL_2009,19/08/09,16,36,1.0,5.0,2.0,9.0,18.0,7.0,12.0,6.0,5.0,3.0,2.0,0.0,0.0
EPL_2009,19/08/09,20,33,4.0,0.0,0.0,18.0,6.0,13.0,3.0,11.0,5.0,0.0,1.0,0.0,0.0
EPL_2009,22/08/09,0,28,4.0,1.0,0.0,19.0,9.0,16.0,4.0,8.0,4.0,1.0,0.0,0.0,0.0
EPL_2009,22/08/09,2,33,0.0,0.0,1.0,8.0,13.0,6.0,3.0,3.0,3.0,0.0,3.0,0.0,0.0
EPL_2009,22/08/09,16,5,1.0,0.0,0.0,12.0,20.0,5.0,10.0,4.0,12.0,3.0,2.0,0.0,0.0
EPL_2009,22/08/09,22,41,1.0,0.0,0.0,16.0,10.0,11.0,2.0,5.0,6.0,0.0,1.0,0.0,0.0
EPL_2009,22/08/09,34,3,2.0,1.0,0.0,8.0,18.0,5.0,5.0,0.0,10.0,2.0,1.0,0.0,0.0
EPL_2009,22/08/09,40,23,0.0,5.0,2.0,16.0,16.0,7.0,13.0,3.0,5.0,2.0,2.0,0.0,0.0
EPL_2009,23/08/09,9,13,1.0,0.0,0.0,8.0,17.0,4.0,11.0,3.0,7.0,1.0,0.0,0.0,0.0
EPL_2009,23/08/09,14,11,0.0,2.0,2.0,4.0,12.0,1.0,4.0,4.0,7.0,0.0,0.0,0.0,0.0
EPL_2009,23/08/09,39,36,1.0,2.0,2.0,17.0,17.0,8.0,10.0,4.0,8.0,2.0,1.0,0.0,0.0
EPL_2009,24/08/09,20,1,1.0,3.0,2.0,21.0,7.0,12.0,4.0,10.0,4.0,3.0,2.0,0.0,0.0
EPL_2009,29/08/09,3,39,0.0,0.0,1.0,19.0,11.0,9.0,5.0,5.0,2.0,1.0,3.0,0.0,0.0
EPL_2009,29/08/09,5,20,2.0,3.0,2.0,8.0,26.0,5.0,14.0,5.0,11.0,3.0,1.0,1.0,0.0
EPL_2009,29/08/09,11,9,3.0,0.0,0.0,27.0,3.0,17.0,0.0,10.0,1.0,0.0,1.0,0.0,0.0
EPL_2009,29/08/09,23,0,2.0,1.0,0.0,10.0,9.0,4.0,3.0,6.0,5.0,3.0,6.0,0.0,0.0
EPL_2009,29/08/09,33,34,1.0,0.0,0.0,13.0,9.0,7.0,6.0,10.0,10.0,0.0,2.0,0.0,0.0
EPL_2009,29/08/09,36,2,2.0,1.0,0.0,20.0,11.0,14.0,6.0,7.0,3.0,2.0,2.0,0.0,0.0
EPL_2009,29/08/09,41,16,1.0,1.0,1.0,24.0,5.0,17.0,4.0,8.0,2.0,0.0,2.0,0.0,0.0
EPL_2009,30/08/09,1,14,2.0,0.0,0.0,9.0,6.0,4.0,3.0,9.0,4.0,1.0,2.0,0.0,0.0
EPL_2009,30/08/09,13,40,2.0,1.0,0.0,26.0,12.0,14.0,7.0,12.0,5.0,1.0,5.0,0.0,0.0
EPL_2009,30/08/09,28,22,0.0,1.0,2.0,11.0,12.0,6.0,8.0,3.0,11.0,2.0,1.0,0.0,0.0
EPL_2009,12/09/09,3,41,3.0,1.0,0.0,13.0,9.0,10.0,5.0,10.0,6.0,1.0,2.0,0.0,0.0
EPL_2009,12/09/09,20,9,4.0,0.0,0.0,27.0,6.0,16.0,3.0,7.0,5.0,0.0,2.0,0.0,0.0
EPL_2009,12/09/09,22,0,4.0,2.0,0.0,10.0,19.0,6.0,9.0,3.0,12.0,3.0,2.0,0.0,0.0
EPL_2009,12/09/09,28,5,2.0,3.0,2.0,21.0,14.0,11.0,6.0,7.0,5.0,2.0,0.0,0.0,0.0
EPL_2009,12/09/09,33,11,1.0,2.0,2.0,4.0,18.0,2.0,10.0,4.0,14.0,3.0,3.0,0.0,0.0
EPL_2009,12/09/09,34,16,4.0,1.0,0.0,7.0,6.0,4.0,5.0,7.0,8.0,2.0,2.0,0.0,0.0
EPL_2009,12/09/09,36,23,1.0,3.0,2.0,11.0,17.0,7.0,13.0,3.0,9.0,3.0,2.0,0.0,1.0
EPL_2009,12/09/09,40,39,1.0,0.0,0.0,12.0,12.0,6.0,5.0,6.0,7.0,2.0,1.0,0.0,0.0
EPL_2009,13/09/09,2,1,0.0,1.0,2.0,11.0,12.0,7.0,5.0,7.0,1.0,1.0,2.0,0.0,0.0
EPL_2009,13/09/09,14,13,2.0,1.0,0.0,14.0,6.0,8.0,6.0,5.0,3.0,1.0,0.0,0.0,0.0
EPL_2009,19/09/09,0,40,4.0,0.0,0.0,23.0,8.0,11.0,5.0,6.0,4.0,2.0,2.0,0.0,0.0
EPL_2009,19/09/09,1,28,2.0,0.0,0.0,7.0,17.0,5.0,12.0,7.0,5.0,2.0,0.0,0.0,0.0
EPL_2009,19/09/09,5,33,1.0,1.0,1.0,11.0,10.0,5.0,6.0,4.0,6.0,2.0,2.0,0.0,0.0
EPL_2009,19/09/09,9,34,3.0,1.0,0.0,10.0,8.0,3.0,5.0,4.0,4.0,0.0,3.0,0.0,0.0
EPL_2009,19/09/09,16,2,0.0,1.0,2.0,16.0,14.0,11.0,9.0,10.0,8.0,0.0,2.0,0.0,0.0
EPL_2009,19/09/09,39,20,2.0,3.0,2.0,8.0,19.0,5.0,15.0,4.0,4.0,3.0,3.0,0.0,0.0
EPL_2009,20/09/09,11,36,3.0,0.0,0.0,25.0,9.0,15.0,4.0,11.0,3.0,0.0,2.0,0.0,0.0
EPL_2009,20/09/09,13,3,3.0,0.0,0.0,18.0,7.0,11.0,4.0,6.0,2.0,1.0,2.0,0.0,0.0
EPL_2009,20/09/09,23,22,4.0,3.0,0.0,21.0,10.0,11.0,6.0,11.0,1.0,2.0,2.0,0.0,0.0
EPL_2009,20/09/09,41,14,2.0,1.0,0.0,12.0,3.0,4.0,1.0,3.0,3.0,1.0,1.0,0.0,0.0
EPL_2009,26/09/09,2,5,1.0,2.0,2.0,12.0,10.0,6.0,4.0,8.0,4.0,2.0,1.0,0.0,0.0
EPL_2009,26/09/09,3,1,2.0,1.0,0.0,15.0,10.0,7.0,5.0,6.0,5.0,2.0,3.0,1.0,0.0
EPL_2009,26/09/09,14,0,0.0,1.0,2.0,18.0,14.0,12.0,4.0,4.0,6.0,4.0,0.0,0.0,0.0
EPL_2009,26/09/09,20,16,6.0,1.0,0.0,22.0,7.0,14.0,3.0,13.0,2.0,1.0,4.0,0.0,0.0
EPL_2009,26/09/09,28,13,0.0,1.0,2.0,16.0,12.0,12.0,8.0,5.0,6.0,0.0,3.0,0.0,0.0
EPL_2009,26/09/09,33,23,0.0,2.0,2.0,2.0,13.0,1.0,7.0,2.0,7.0,1.0,1.0,0.0,0.0
EPL_2009,26/09/09,36,9,5.0,0.0,0.0,18.0,10.0,12.0,7.0,2.0,7.0,1.0,1.0,0.0,0.0
EPL_2009,26/09/09,40,11,3.0,1.0,0.0,15.0,14.0,9.0,8.0,4.0,7.0,1.0,2.0,0.0,1.0
EPL_2009,27/09/09,34,41,5.0,2.0,0.0,10.0,15.0,8.0,11.0,7.0,8.0,1.0,3.0,0.0,0.0
EPL_2009,28/09/09,22,39,3.0,1.0,0.0,20.0,12.0,12.0,8.0,11.0,5.0,1.0,1.0,0.0,0.0
EPL_2009,03/10/09,5,36,2.0,2.0,1.0,12.0,17.0,9.0,9.0,5.0,6.0,2.0,1.0,0.0,0.0
EPL_2009,03/10/09,9,2,2.0,1.0,0.0,15.0,10.0,13.0,6.0,8.0,4.0,0.0,3.0,0.0,0.0
EPL_2009,03/10/09,16,40,2.0,1.0,0.0,11.0,13.0,6.0,5.0,4.0,2.0,0.0,2.0,0.0,0.0
EPL_2009,03/10/09,23,34,2.0,2.0,1.0,17.0,4.0,9.0,3.0,14.0,1.0,2.0,3.0,0.0,1.0
EPL_2009,03/10/09,41,28,0.0,1.0,2.0,11.0,12.0,5.0,8.0,8.0,6.0,1.0,2.0,0.0,0.0
EPL_2009,04/10/09,0,3,6.0,2.0,0.0,24.0,7.0,18.0,7.0,8.0,1.0,1.0,1.0,0.0,0.0
EPL_2009,04/10/09,11,20,2.0,0.0,0.0,12.0,12.0,8.0,3.0,5.0,8.0,1.0,1.0,0.0,0.0
EPL_2009,04/10/09,13,33,1.0,1.0,1.0,24.0,8.0,17.0,6.0,11.0,4.0,1.0,3.0,0.0,0.0
EPL_2009,04/10/09,39,14,2.0,2.0,1.0,20.0,10.0,10.0,6.0,8.0,4.0,3.0,2.0,0.0,1.0
EPL_2009,05/10/09,1,22,1.0,1.0,1.0,12.0,9.0,6.0,7.0,6.0,6.0,1.0,2.0,0.0,0.0
EPL_2009,17/10/09,0,2,3.0,1.0,0.0,20.0,3.0,12.0,2.0,7.0,3.0,1.0,2.0,0.0,0.0
EPL_2009,17/10/09,1,11,2.0,1.0,0.0,7.0,21.0,5.0,13.0,6.0,9.0,2.0,1.0,0.0,0.0
EPL_2009,17/10/09,13,41,1.0,1.0,1.0,13.0,12.0,5.0,6.0,6.0,5.0,1.0,3.0,0.0,1.0
EPL_2009,17/10/09,23,5,2.0,1.0,0.0,13.0,15.0,7.0,7.0,13.0,1.0,0.0,1.0,0.0,0.0
EPL_2009,17/10/09,28,36,1.0,2.0,2.0,23.0,9.0,13.0,4.0,10.0,9.0,3.0,3.0,1.0,1.0
EPL_2009,17/10/09,33,39,2.0,1.0,0.0,11.0,12.0,4.0,11.0,5.0,6.0,3.0,3.0,0.0,0.0
EPL_2009,17/10/09,34,20,1.0,0.0,0.0,13.0,15.0,7.0,6.0,1.0,7.0,2.0,1.0,0.0,0.0
EPL_2009,18/10/09,3,9,3.0,2.0,0.0,12.0,9.0,6.0,5.0,3.0,2.0,3.0,3.0,0.0,0.0
EPL_2009,18/10/09,40,22,1.0,1.0,1.0,13.0,5.0,7.0,4.0,6.0,6.0,2.0,1.0,0.0,1.0
EPL_2009,19/10/09,14,16,2.0,0.0,0.0,17.0,5.0,11.0,2.0,7.0,4.0,1.0,1.0,0.0,0.0
EPL_2009,24/10/09,2,34,2.0,1.0,0.0,19.0,14.0,13.0,6.0,6.0,8.0,3.0,1.0,0.0,0.0
EPL_2009,24/10/09,9,40,1.0,3.0,2.0,12.0,13.0,9.0,8.0,7.0,4.0,2.0,0.0,0.0,0.0
EPL_2009,24/10/09,11,3,5.0,0.0,0.0,26.0,5.0,15.0,2.0,8.0,0.0,0.0,1.0,0.0,0.0
EPL_2009,24/10/09,16,28,0.0,0.0,1.0,7.0,8.0,3.0,2.0,6.0,6.0,2.0,1.0,0.0,0.0
EPL_2009,24/10/09,36,33,0.0,1.0,2.0,22.0,8.0,12.0,2.0,7.0,1.0,0.0,3.0,0.0,0.0
EPL_2009,24/10/09,41,1,1.0,1.0,1.0,8.0,12.0,4.0,8.0,8.0,3.0,1.0,2.0,0.0,0.0
EPL_2009,25/10/09,5,13,3.0,2.0,0.0,12.0,17.0,8.0,12.0,4.0,4.0,3.0,1.0,0.0,0.0
EPL_2009,25/10/09,20,23,2.0,0.0,0.0,11.0,7.0,6.0,5.0,5.0,1.0,2.0,3.0,1.0,1.0
EPL_2009,25/10/09,22,14,2.0,2.0,1.0,20.0,11.0,7.0,5.0,14.0,2.0,0.0,2.0,0.0,0.0
EPL_2009,25/10/09,39,0,2.0,2.0,1.0,15.0,15.0,9.0,10.0,6.0,8.0,3.0,2.0,1.0,0.0
EPL_2009,31/10/09,0,36,3.0,0.0,0.0,18.0,7.0,12.0,5.0,6.0,2.0,1.0,1.0,0.0,0.0
EPL_2009,31/10/09,5,11,0.0,4.0,2.0,15.0,27.0,6.0,17.0,8.0,10.0,1.0,1.0,1.0,0.0
EPL_2009,31/10/09,9,16,2.0,0.0,0.0,11.0,8.0,5.0,6.0,8.0,1.0,1.0,4.0,0.0,1.0
EPL_2009,31/10/09,13,1,1.0,1.0,1.0,9.0,13.0,4.0,8.0,3.0,4.0,1.0,3.0,1.0,1.0
EPL_2009,31/10/09,14,20,3.0,1.0,0.0,10.0,6.0,6.0,3.0,2.0,2.0,1.0,0.0,0.0,2.0
EPL_2009,31/10/09,23,3,2.0,0.0,0.0,20.0,2.0,11.0,1.0,7.0,2.0,0.0,2.0,0.0,0.0
EPL_2009,31/10/09,28,40,4.0,0.0,0.0,21.0,8.0,11.0,3.0,7.0,4.0,0.0,1.0,0.0,0.0
EPL_2009,31/10/09,33,41,2.0,2.0,1.0,10.0,11.0,5.0,7.0,4.0,3.0,0.0,3.0,0.0,0.0
EPL_2009,31/10/09,34,39,2.0,2.0,1.0,17.0,15.0,7.0,9.0,7.0,3.0,3.0,3.0,1.0,1.0
EPL_2009,01/11/09,2,22,0.0,0.0,1.0,7.0,14.0,4.0,6.0,4.0,8.0,3.0,1.0,1.0,0.0
EPL_2009,04/11/09,39,1,2.0,1.0,0.0,14.0,13.0,7.0,10.0,6.0,14.0,2.0,4.0,0.0,1.0
EPL_2009,07/11/09,1,5,5.0,1.0,0.0,19.0,13.0,13.0,9.0,8.0,1.0,1.0,4.0,0.0,0.0
EPL_2009,07/11/09,3,28,3.0,1.0,0.0,10.0,9.0,6.0,3.0,8.0,5.0,3.0,3.0,0.0,0.0
EPL_2009,07/11/09,22,9,3.0,3.0,1.0,13.0,6.0,8.0,4.0,8.0,3.0,1.0,3.0,0.0,0.0
EPL_2009,07/11/09,36,34,2.0,0.0,0.0,10.0,14.0,8.0,6.0,4.0,4.0,1.0,2.0,0.0,0.0
EPL_2009,07/11/09,41,0,1.0,4.0,2.0,8.0,11.0,6.0,6.0,4.0,4.0,2.0,3.0,0.0,0.0
EPL_2009,08/11/09,11,23,1.0,0.0,0.0,12.0,21.0,9.0,10.0,0.0,7.0,3.0,3.0,0.0,0.0
EPL_2009,08/11/09,16,33,2.0,1.0,0.0,16.0,7.0,8.0,4.0,4.0,2.0,1.0,4.0,0.0,1.0
EPL_2009,08/11/09,39,13,1.0,2.0,2.0,16.0,9.0,7.0,6.0,5.0,4.0,0.0,5.0,0.0,0.0
EPL_2009,08/11/09,40,14,1.0,1.0,1.0,19.0,7.0,12.0,3.0,10.0,6.0,2.0,1.0,0.0,0.0
EPL_2009,09/11/09,20,2,2.0,2.0,1.0,27.0,5.0,14.0,2.0,11.0,1.0,1.0,2.0,0.0,0.0
EPL_2009,21/11/09,2,14,1.0,0.0,0.0,3.0,12.0,2.0,5.0,0.0,7.0,1.0,0.0,0.0,0.0
EPL_2009,21/11/09,9,1,1.0,1.0,1.0,11.0,10.0,6.0,6.0,6.0,8.0,0.0,3.0,0.0,0.0
EPL_2009,21/11/09,11,41,4.0,0.0,0.0,23.0,4.0,14.0,3.0,5.0,6.0,0.0,2.0,0.0,0.0
EPL_2009,21/11/09,16,39,3.0,3.0,1.0,12.0,16.0,8.0,10.0,5.0,3.0,0.0,4.0,1.0,0.0
EPL_2009,21/11/09,20,22,2.0,2.0,1.0,10.0,9.0,6.0,6.0,7.0,3.0,2.0,0.0,0.0,0.0
EPL_2009,21/11/09,23,13,3.0,0.0,0.0,18.0,11.0,11.0,5.0,13.0,4.0,2.0,2.0,0.0,0.0
EPL_2009,21/11/09,34,0,1.0,0.0,0.0,5.0,9.0,1.0,3.0,2.0,6.0,2.0,1.0,0.0,0.0
EPL_2009,22/11/09,5,3,0.0,2.0,2.0,15.0,15.0,8.0,11.0,7.0,7.0,3.0,1.0,0.0,0.0
EPL_2009,22/11/09,33,28,1.0,0.0,0.0,9.0,14.0,3.0,7.0,4.0,4.0,1.0,2.0,0.0,0.0
EPL_2009,22/11/09,36,40,9.0,1.0,0.0,28.0,11.0,16.0,5.0,10.0,5.0,1.0,0.0,0.0,0.0
EPL_2009,25/11/09,14,3,3.0,0.0,0.0,8.0,7.0,4.0,3.0,3.0,3.0,0.0,0.0,0.0,0.0
EPL_2009,25/11/09,16,13,3.0,2.0,0.0,8.0,5.0,7.0,3.0,3.0,4.0,1.0,4.0,0.0,0.0
EPL_2009,28/11/09,1,36,1.0,1.0,1.0,12.0,23.0,4.0,17.0,7.0,9.0,0.0,1.0,0.0,0.0
EPL_2009,28/11/09,3,33,0.0,0.0,1.0,11.0,7.0,4.0,4.0,9.0,2.0,1.0,2.0,0.0,0.0
EPL_2009,28/11/09,14,5,1.0,1.0,1.0,12.0,4.0,7.0,2.0,8.0,5.0,1.0,6.0,0.0,0.0
EPL_2009,28/11/09,22,16,1.0,1.0,1.0,17.0,8.0,7.0,3.0,8.0,2.0,1.0,3.0,0.0,0.0
EPL_2009,28/11/09,28,23,1.0,4.0,2.0,20.0,12.0,12.0,8.0,4.0,8.0,4.0,3.0,0.0,0.0
EPL_2009,28/11/09,39,9,5.0,3.0,0.0,9.0,16.0,5.0,10.0,1.0,7.0,2.0,1.0,0.0,1.0
EPL_2009,28/11/09,40,34,1.0,0.0,0.0,16.0,9.0,10.0,4.0,5.0,8.0,0.0,3.0,0.0,0.0
EPL_2009,29/11/09,0,11,0.0,3.0,2.0,5.0,7.0,3.0,5.0,4.0,3.0,2.0,2.0,0.0,0.0
EPL_2009,29/11/09,13,20,0.0,2.0,2.0,12.0,9.0,8.0,7.0,6.0,4.0,1.0,0.0,0.0,0.0
EPL_2009,29/11/09,41,2,0.0,1.0,2.0,8.0,13.0,2.0,7.0,6.0,5.0,2.0,1.0,0.0,0.0
EPL_2009,05/12/09,0,33,2.0,0.0,0.0,12.0,5.0,8.0,4.0,10.0,2.0,0.0,0.0,0.0,0.0
EPL_2009,05/12/09,1,16,3.0,0.0,0.0,13.0,5.0,6.0,1.0,9.0,3.0,4.0,3.0,0.0,0.0
EPL_2009,05/12/09,3,20,0.0,0.0,1.0,9.0,15.0,3.0,11.0,1.0,8.0,1.0,0.0,0.0,0.0
EPL_2009,05/12/09,22,11,2.0,1.0,0.0,13.0,10.0,8.0,6.0,9.0,6.0,1.0,6.0,0.0,0.0
EPL_2009,05/12/09,28,9,2.0,0.0,0.0,9.0,14.0,4.0,8.0,5.0,5.0,4.0,2.0,0.0,0.0
EPL_2009,05/12/09,39,23,0.0,4.0,2.0,11.0,18.0,7.0,11.0,2.0,8.0,0.0,1.0,0.0,0.0
EPL_2009,05/12/09,40,2,2.0,3.0,2.0,18.0,10.0,7.0,9.0,2.0,2.0,2.0,0.0,0.0,0.0
EPL_2009,05/12/09,41,5,2.0,1.0,0.0,12.0,17.0,11.0,10.0,11.0,10.0,2.0,1.0,0.0,0.0
EPL_2009,06/12/09,13,36,2.0,2.0,1.0,15.0,19.0,6.0,11.0,1.0,6.0,4.0,4.0,0.0,0.0
EPL_2009,06/12/09,14,34,1.0,0.0,0.0,16.0,8.0,5.0,5.0,4.0,8.0,1.0,2.0,0.0,0.0
EPL_2009,12/12/09,2,39,1.0,0.0,0.0,16.0,14.0,9.0,7.0,11.0,7.0,3.0,4.0,0.0,1.0
EPL_2009,12/12/09,5,22,3.0,3.0,1.0,12.0,14.0,8.0,6.0,5.0,9.0,3.0,3.0,0.0,1.0
EPL_2009,12/12/09,9,14,1.0,1.0,1.0,10.0,12.0,8.0,6.0,7.0,4.0,0.0,2.0,0.0,0.0
EPL_2009,12/12/09,11,13,3.0,3.0,1.0,25.0,10.0,13.0,7.0,7.0,1.0,0.0,1.0,0.0,0.0
EPL_2009,12/12/09,16,3,0.0,0.0,1.0,9.0,14.0,7.0,9.0,3.0,4.0,1.0,2.0,0.0,0.0
EPL_2009,12/12/09,23,1,0.0,1.0,2.0,16.0,8.0,9.0,5.0,9.0,4.0,1.0,1.0,0.0,0.0
EPL_2009,12/12/09,33,40,2.0,2.0,1.0,14.0,11.0,5.0,8.0,5.0,3.0,5.0,1.0,0.0,0.0
EPL_2009,12/12/09,34,28,1.0,1.0,1.0,16.0,9.0,9.0,6.0,9.0,6.0,4.0,3.0,0.0,1.0
EPL_2009,12/12/09,36,41,0.0,1.0,2.0,18.0,3.0,10.0,3.0,1.0,5.0,0.0,5.0,0.0,0.0
EPL_2009,13/12/09,20,0,1.0,2.0,2.0,6.0,7.0,3.0,5.0,3.0,4.0,3.0,3.0,0.0,0.0
EPL_2009,15/12/09,2,3,2.0,1.0,0.0,13.0,8.0,6.0,4.0,6.0,7.0,2.0,2.0,0.0,0.0
EPL_2009,15/12/09,5,39,3.0,1.0,0.0,23.0,9.0,12.0,6.0,8.0,4.0,4.0,1.0,0.0,0.0
EPL_2009,15/12/09,23,41,3.0,0.0,0.0,12.0,4.0,9.0,1.0,8.0,3.0,1.0,1.0,0.0,0.0
EPL_2009,15/12/09,34,1,0.0,2.0,2.0,15.0,11.0,5.0,4.0,7.0,1.0,2.0,2.0,1.0,0.0
EPL_2009,16/12/09,9,0,1.0,1.0,1.0,8.0,17.0,3.0,9.0,3.0,6.0,2.0,0.0,0.0,0.0
EPL_2009,16/12/09,11,28,2.0,1.0,0.0,21.0,7.0,8.0,3.0,11.0,2.0,0.0,0.0,0.0,0.0
EPL_2009,16/12/09,20,40,2.0,1.0,0.0,12.0,8.0,7.0,5.0,13.0,0.0,1.0,1.0,0.0,0.0
EPL_2009,16/12/09,36,22,3.0,0.0,0.0,19.0,9.0,7.0,5.0,5.0,6.0,2.0,3.0,0.0,0.0
EPL_2009,19/12/09,0,16,3.0,0.0,0.0,18.0,6.0,9.0,2.0,8.0,0.0,1.0,5.0,0.0,0.0
EPL_2009,19/12/09,1,33,1.0,0.0,0.0,17.0,13.0,8.0,5.0,3.0,4.0,0.0,1.0,0.0,0.0
EPL_2009,19/12/09,3,36,0.0,2.0,2.0,13.0,7.0,9.0,2.0,5.0,0.0,0.0,1.0,0.0,0.0
EPL_2009,19/12/09,14,23,3.0,0.0,0.0,10.0,16.0,7.0,4.0,5.0,2.0,0.0,1.0,0.0,0.0
EPL_2009,19/12/09,22,34,4.0,3.0,0.0,11.0,7.0,5.0,5.0,6.0,4.0,2.0,2.0,0.0,1.0
EPL_2009,19/12/09,28,20,2.0,0.0,0.0,14.0,7.0,6.0,3.0,8.0,10.0,3.0,3.0,0.0,1.0
EPL_2009,20/12/09,13,2,1.0,1.0,1.0,19.0,2.0,7.0,1.0,6.0,4.0,0.0,3.0,0.0,0.0
EPL_2009,20/12/09,39,11,1.0,1.0,1.0,6.0,20.0,5.0,6.0,5.0,5.0,4.0,3.0,0.0,0.0
EPL_2009,20/12/09,41,9,2.0,0.0,0.0,12.0,10.0,12.0,6.0,5.0,5.0,2.0,1.0,0.0,0.0
EPL_2009,26/12/09,2,11,0.0,0.0,1.0,11.0,27.0,4.0,12.0,7.0,11.0,1.0,2.0,0.0,1.0
EPL_2009,26/12/09,9,5,1.0,1.0,1.0,15.0,11.0,7.0,5.0,8.0,2.0,0.0,0.0,0.0,0.0
EPL_2009,26/12/09,14,36,0.0,0.0,1.0,15.0,6.0,6.0,1.0,4.0,2.0,1.0,0.0,0.0,0.0
EPL_2009,26/12/09,20,41,2.0,0.0,0.0,14.0,6.0,10.0,2.0,7.0,1.0,0.0,1.0,0.0,1.0
EPL_2009,26/12/09,22,33,2.0,0.0,0.0,12.0,7.0,6.0,3.0,7.0,6.0,0.0,2.0,0.0,0.0
EPL_2009,26/12/09,34,13,1.0,1.0,1.0,10.0,12.0,6.0,4.0,4.0,12.0,1.0,3.0,0.0,0.0
EPL_2009,26/12/09,39,28,2.0,0.0,0.0,13.0,11.0,5.0,7.0,6.0,4.0,0.0,3.0,0.0,0.0
EPL_2009,26/12/09,40,3,1.0,1.0,1.0,14.0,8.0,8.0,3.0,6.0,2.0,1.0,4.0,0.0,0.0
EPL_2009,27/12/09,0,1,3.0,0.0,0.0,19.0,7.0,12.0,3.0,10.0,4.0,1.0,3.0,0.0,0.0
EPL_2009,27/12/09,16,23,1.0,3.0,2.0,12.0,19.0,6.0,11.0,5.0,6.0,0.0,2.0,0.0,0.0
EPL_2009,28/12/09,3,34,2.0,2.0,1.0,21.0,13.0,11.0,8.0,4.0,4.0,1.0,4.0,0.0,0.0
EPL_2009,28/12/09,11,14,2.0,1.0,0.0,18.0,3.0,11.0,3.0,10.0,6.0,1.0,1.0,0.0,0.0
EPL_2009,28/12/09,13,9,2.0,0.0,0.0,24.0,12.0,16.0,9.0,10.0,6.0,1.0,5.0,0.0,1.0
EPL_2009,28/12/09,33,2,0.0,1.0,2.0,12.0,9.0,6.0,5.0,10.0,7.0,2.0,3.0,0.0,0.0
EPL_2009,28/12/09,36,39,2.0,0.0,0.0,21.0,3.0,9.0,2.0,9.0,3.0,2.0,3.0,0.0,0.0
EPL_2009,28/12/09,41,22,0.0,3.0,2.0,11.0,12.0,6.0,5.0,8.0,3.0,3.0,2.0,0.0,0.0
EPL_2009,29/12/09,1,20,0.0,1.0,2.0,11.0,12.0,7.0,9.0,8.0,10.0,1.0,1.0,0.0,0.0
EPL_2009,29/12/09,5,16,2.0,2.0,1.0,16.0,12.0,6.0,7.0,8.0,8.0,1.0,2.0,0.0,0.0
EPL_2009,30/12/09,23,40,5.0,0.0,0.0,23.0,11.0,16.0,6.0,7.0,3.0,0.0,1.0,0.0,0.0
EPL_2009,30/12/09,28,0,1.0,4.0,2.0,10.0,14.0,6.0,10.0,2.0,10.0,2.0,0.0,0.0,0.0
EPL_2009,05/01/10,33,14,3.0,2.0,0.0,11.0,14.0,9.0,7.0,8.0,10.0,1.0,0.0,0.0,0.0
EPL_2009,09/01/10,0,13,2.0,2.0,1.0,6.0,9.0,5.0,5.0,6.0,8.0,1.0,1.0,0.0,0.0
EPL_2009,09/01/10,2,23,1.0,1.0,1.0,6.0,14.0,5.0,10.0,2.0,12.0,2.0,1.0,0.0,1.0
EPL_2009,11/01/10,22,3,4.0,1.0,0.0,12.0,8.0,6.0,3.0,4.0,3.0,1.0,1.0,0.0,0.0
EPL_2009,16/01/10,11,34,7.0,2.0,0.0,23.0,7.0,13.0,3.0,15.0,1.0,0.0,1.0,0.0,0.0
EPL_2009,16/01/10,13,22,2.0,0.0,0.0,13.0,8.0,6.0,4.0,11.0,3.0,0.0,0.0,0.0,0.0
EPL_2009,16/01/10,23,9,3.0,0.0,0.0,24.0,11.0,11.0,5.0,7.0,1.0,0.0,0.0,0.0,0.0
EPL_2009,16/01/10,33,20,1.0,1.0,1.0,6.0,4.0,5.0,3.0,10.0,0.0,1.0,2.0,0.0,0.0
EPL_2009,16/01/10,36,16,0.0,0.0,1.0,25.0,8.0,18.0,2.0,14.0,1.0,4.0,2.0,0.0,0.0
EPL_2009,16/01/10,41,40,0.0,2.0,2.0,9.0,20.0,4.0,14.0,4.0,3.0,4.0,3.0,1.0,1.0
EPL_2009,17/01/10,1,39,0.0,0.0,1.0,17.0,8.0,10.0,3.0,16.0,4.0,1.0,3.0,0.0,0.0
EPL_2009,17/01/10,3,14,2.0,0.0,0.0,11.0,14.0,7.0,9.0,3.0,6.0,1.0,3.0,0.0,0.0
EPL_2009,17/01/10,5,0,0.0,2.0,2.0,12.0,14.0,6.0,9.0,2.0,4.0,1.0,2.0,0.0,0.0
EPL_2009,20/01/10,0,5,4.0,2.0,0.0,20.0,7.0,14.0,4.0,9.0,3.0,1.0,2.0,0.0,0.0
EPL_2009,20/01/10,20,36,2.0,0.0,0.0,13.0,7.0,5.0,5.0,2.0,3.0,2.0,3.0,0.0,0.0
EPL_2009,23/01/10,23,16,4.0,0.0,0.0,25.0,8.0,15.0,4.0,12.0,8.0,1.0,1.0,0.0,0.0
EPL_2009,26/01/10,5,9,1.0,0.0,0.0,14.0,10.0,6.0,5.0,4.0,7.0,3.0,2.0,0.0,0.0
EPL_2009,26/01/10,28,39,1.0,1.0,1.0,14.0,12.0,8.0,4.0,6.0,4.0,3.0,1.0,0.0,0.0
EPL_2009,26/01/10,36,14,2.0,0.0,0.0,13.0,9.0,7.0,6.0,11.0,3.0,1.0,1.0,0.0,0.0
EPL_2009,26/01/10,41,20,0.0,0.0,1.0,6.0,6.0,4.0,3.0,0.0,7.0,0.0,1.0,0.0,0.0
EPL_2009,27/01/10,1,0,0.0,0.0,1.0,8.0,12.0,2.0,8.0,7.0,7.0,2.0,2.0,0.0,0.0
EPL_2009,27/01/10,3,40,2.0,1.0,0.0,13.0,13.0,7.0,8.0,5.0,6.0,3.0,1.0,0.0,0.0
EPL_2009,27/01/10,11,2,3.0,0.0,0.0,25.0,5.0,17.0,3.0,8.0,3.0,0.0,0.0,0.0,0.0
EPL_2009,27/01/10,13,34,2.0,0.0,0.0,11.0,5.0,7.0,3.0,3.0,8.0,0.0,1.0,0.0,0.0
EPL_2009,30/01/10,2,36,1.0,1.0,1.0,12.0,21.0,6.0,12.0,5.0,8.0,4.0,2.0,0.0,0.0
EPL_2009,30/01/10,9,11,1.0,2.0,2.0,5.0,16.0,3.0,9.0,2.0,9.0,1.0,1.0,0.0,0.0
EPL_2009,30/01/10,14,1,0.0,2.0,2.0,15.0,9.0,8.0,6.0,9.0,3.0,0.0,2.0,0.0,0.0
EPL_2009,30/01/10,16,41,2.0,2.0,1.0,8.0,13.0,4.0,4.0,4.0,7.0,2.0,0.0,0.0,0.0
EPL_2009,30/01/10,20,5,2.0,0.0,0.0,13.0,4.0,6.0,1.0,11.0,3.0,1.0,3.0,0.0,0.0
EPL_2009,30/01/10,39,3,0.0,0.0,1.0,7.0,8.0,6.0,4.0,10.0,7.0,0.0,1.0,0.0,0.0
EPL_2009,30/01/10,40,13,0.0,1.0,2.0,10.0,10.0,4.0,7.0,4.0,7.0,0.0,2.0,0.0,0.0
EPL_2009,31/01/10,0,23,1.0,3.0,2.0,18.0,11.0,7.0,5.0,8.0,5.0,1.0,0.0,0.0,0.0
EPL_2009,31/01/10,22,28,2.0,0.0,0.0,13.0,10.0,6.0,4.0,10.0,7.0,1.0,3.0,0.0,0.0
EPL_2009,01/02/10,34,33,0.0,0.0,1.0,6.0,4.0,5.0,3.0,7.0,3.0,2.0,3.0,0.0,0.0
EPL_2009,02/02/10,16,11,1.0,1.0,1.0,7.0,21.0,3.0,11.0,6.0,8.0,1.0,3.0,0.0,0.0
EPL_2009,03/02/10,14,28,1.0,0.0,0.0,14.0,12.0,9.0,8.0,5.0,5.0,0.0,1.0,0.0,0.0
EPL_2009,06/02/10,5,14,0.0,0.0,1.0,16.0,7.0,11.0,4.0,2.0,5.0,0.0,0.0,0.0,0.0
EPL_2009,06/02/10,9,39,2.0,1.0,0.0,8.0,20.0,4.0,11.0,3.0,5.0,2.0,1.0,0.0,0.0
EPL_2009,06/02/10,16,22,2.0,1.0,0.0,8.0,17.0,4.0,11.0,4.0,8.0,2.0,4.0,0.0,0.0
EPL_2009,06/02/10,20,13,1.0,0.0,0.0,9.0,6.0,4.0,3.0,8.0,8.0,3.0,3.0,1.0,1.0
EPL_2009,06/02/10,23,28,5.0,0.0,0.0,21.0,7.0,8.0,5.0,12.0,1.0,1.0,4.0,0.0,0.0
EPL_2009,06/02/10,33,3,3.0,0.0,0.0,15.0,9.0,11.0,4.0,12.0,7.0,2.0,3.0,0.0,1.0
EPL_2009,06/02/10,34,40,1.0,1.0,1.0,11.0,14.0,8.0,6.0,2.0,3.0,4.0,5.0,0.0,0.0
EPL_2009,06/02/10,36,1,0.0,0.0,1.0,28.0,10.0,15.0,5.0,12.0,4.0,0.0,0.0,0.0,0.0
EPL_2009,07/02/10,2,41,2.0,1.0,0.0,15.0,12.0,10.0,5.0,11.0,4.0,5.0,3.0,0.0,0.0
EPL_2009,07/02/10,11,0,2.0,0.0,0.0,9.0,14.0,3.0,6.0,4.0,8.0,2.0,2.0,0.0,0.0
EPL_2009,09/02/10,14,9,3.0,0.0,0.0,16.0,10.0,12.0,3.0,6.0,2.0,1.0,0.0,0.0,0.0
EPL_2009,09/02/10,22,5,2.0,0.0,0.0,8.0,11.0,4.0,5.0,6.0,3.0,0.0,2.0,0.0,0.0
EPL_2009,09/02/10,28,34,1.0,1.0,1.0,12.0,7.0,6.0,2.0,8.0,4.0,3.0,1.0,1.0,2.0
EPL_2009,09/02/10,40,33,1.0,1.0,1.0,16.0,10.0,11.0,6.0,9.0,5.0,2.0,3.0,0.0,0.0
EPL_2009,10/02/10,0,20,1.0,0.0,0.0,11.0,9.0,6.0,7.0,3.0,6.0,3.0,2.0,0.0,0.0
EPL_2009,10/02/10,1,23,1.0,1.0,1.0,10.0,12.0,6.0,6.0,1.0,7.0,0.0,1.0,0.0,1.0
EPL_2009,10/02/10,3,16,1.0,0.0,0.0,20.0,7.0,10.0,4.0,6.0,6.0,1.0,3.0,0.0,1.0
EPL_2009,10/02/10,13,11,2.0,1.0,0.0,7.0,14.0,5.0,5.0,5.0,6.0,1.0,2.0,0.0,0.0
EPL_2009,10/02/10,39,2,2.0,0.0,0.0,13.0,9.0,10.0,4.0,3.0,6.0,1.0,2.0,0.0,0.0
EPL_2009,10/02/10,41,36,1.0,0.0,0.0,8.0,10.0,4.0,4.0,5.0,7.0,2.0,1.0,0.0,0.0
EPL_2009,16/02/10,33,22,1.0,1.0,1.0,8.0,9.0,5.0,3.0,3.0,3.0,3.0,3.0,1.0,0.0
EPL_2009,17/02/10,40,5,0.0,0.0,1.0,10.0,8.0,1.0,0.0,4.0,9.0,0.0,1.0,0.0,0.0
EPL_2009,20/02/10,0,34,2.0,0.0,0.0,16.0,6.0,10.0,4.0,7.0,1.0,1.0,5.0,0.0,0.0
EPL_2009,20/02/10,13,23,3.0,1.0,0.0,11.0,11.0,7.0,5.0,4.0,12.0,5.0,1.0,0.0,0.0
EPL_2009,20/02/10,28,33,1.0,2.0,2.0,15.0,14.0,12.0,7.0,7.0,7.0,2.0,1.0,0.0,1.0
EPL_2009,20/02/10,39,16,3.0,0.0,0.0,20.0,7.0,12.0,3.0,9.0,2.0,1.0,1.0,0.0,1.0
EPL_2009,20/02/10,41,11,0.0,2.0,2.0,11.0,7.0,7.0,2.0,1.0,5.0,0.0,1.0,0.0,0.0
EPL_2009,21/02/10,1,9,5.0,2.0,0.0,15.0,13.0,8.0,10.0,9.0,5.0,0.0,3.0,0.0,0.0
EPL_2009,21/02/10,3,5,3.0,0.0,0.0,12.0,10.0,7.0,7.0,8.0,3.0,0.0,1.0,0.0,0.0
EPL_2009,21/02/10,14,2,2.0,1.0,0.0,11.0,9.0,6.0,6.0,3.0,1.0,1.0,1.0,0.0,0.0
EPL_2009,21/02/10,22,20,0.0,0.0,1.0,4.0,6.0,1.0,2.0,8.0,5.0,1.0,6.0,0.0,0.0
EPL_2009,21/02/10,40,36,0.0,3.0,2.0,8.0,13.0,7.0,12.0,3.0,2.0,3.0,4.0,0.0,0.0
EPL_2009,23/02/10,23,39,3.0,0.0,0.0,12.0,10.0,9.0,4.0,6.0,7.0,0.0,1.0,0.0,0.0
EPL_2009,27/02/10,2,40,1.0,0.0,0.0,10.0,11.0,5.0,2.0,2.0,7.0,1.0,3.0,0.0,0.0
EPL_2009,27/02/10,5,41,1.0,0.0,0.0,16.0,6.0,9.0,4.0,7.0,11.0,0.0,2.0,0.0,0.0
EPL_2009,27/02/10,9,28,1.0,2.0,2.0,14.0,13.0,8.0,5.0,4.0,3.0,1.0,2.0,0.0,1.0
EPL_2009,27/02/10,11,22,2.0,4.0,2.0,23.0,8.0,13.0,6.0,3.0,2.0,3.0,1.0,2.0,0.0
EPL_2009,27/02/10,33,0,1.0,3.0,2.0,4.0,17.0,3.0,11.0,3.0,6.0,0.0,1.0,1.0,0.0
EPL_2009,28/02/10,20,3,2.0,1.0,0.0,12.0,12.0,6.0,7.0,4.0,5.0,1.0,5.0,0.0,0.0
EPL_2009,28/02/10,34,14,0.0,0.0,1.0,12.0,3.0,5.0,1.0,2.0,2.0,3.0,3.0,0.0,0.0
EPL_2009,28/02/10,36,13,2.0,1.0,0.0,13.0,14.0,9.0,10.0,6.0,9.0,1.0,4.0,0.0,0.0
EPL_2009,06/03/10,0,9,3.0,1.0,0.0,20.0,8.0,11.0,5.0,8.0,2.0,0.0,4.0,0.0,0.0
EPL_2009,06/03/10,39,5,1.0,2.0,2.0,18.0,15.0,8.0,7.0,6.0,3.0,2.0,5.0,0.0,1.0
EPL_2009,06/03/10,41,23,0.0,1.0,2.0,12.0,15.0,6.0,6.0,2.0,4.0,2.0,1.0,0.0,0.0
EPL_2009,07/03/10,13,16,5.0,1.0,0.0,18.0,7.0,10.0,4.0,4.0,1.0,0.0,1.0,0.0,0.0
EPL_2009,08/03/10,40,20,1.0,0.0,0.0,12.0,11.0,4.0,3.0,4.0,7.0,1.0,5.0,0.0,0.0
EPL_2009,09/03/10,28,2,1.0,2.0,2.0,11.0,10.0,8.0,6.0,5.0,6.0,1.0,2.0,0.0,0.0
EPL_2009,09/03/10,34,5,4.0,0.0,0.0,12.0,7.0,7.0,2.0,2.0,7.0,2.0,2.0,0.0,1.0
EPL_2009,10/03/10,9,33,1.0,1.0,1.0,10.0,8.0,3.0,3.0,4.0,4.0,2.0,0.0,0.0,0.0
EPL_2009,13/03/10,2,13,2.0,2.0,1.0,7.0,13.0,4.0,11.0,5.0,4.0,1.0,1.0,0.0,0.0
EPL_2009,13/03/10,5,40,4.0,0.0,0.0,8.0,13.0,6.0,7.0,3.0,6.0,1.0,2.0,0.0,0.0
EPL_2009,13/03/10,9,41,1.0,2.0,2.0,22.0,7.0,11.0,3.0,11.0,6.0,1.0,4.0,0.0,0.0
EPL_2009,13/03/10,11,39,4.0,1.0,0.0,22.0,4.0,15.0,2.0,11.0,1.0,0.0,1.0,0.0,0.0
EPL_2009,13/03/10,16,0,1.0,2.0,2.0,7.0,18.0,2.0,9.0,2.0,8.0,2.0,2.0,1.0,0.0
EPL_2009,13/03/10,33,1,0.0,0.0,1.0,13.0,10.0,6.0,5.0,8.0,6.0,0.0,4.0,0.0,0.0
EPL_2009,13/03/10,36,3,3.0,1.0,0.0,14.0,10.0,7.0,7.0,5.0,6.0,0.0,0.0,0.0,0.0
EPL_2009,14/03/10,23,14,3.0,0.0,0.0,33.0,8.0,19.0,5.0,11.0,1.0,1.0,1.0,0.0,0.0
EPL_2009,14/03/10,34,22,1.0,1.0,1.0,12.0,13.0,7.0,9.0,3.0,7.0,2.0,4.0,0.0,0.0
EPL_2009,15/03/10,20,28,4.0,1.0,0.0,23.0,7.0,12.0,3.0,8.0,4.0,0.0,2.0,0.0,0.0
EPL_2009,16/03/10,40,1,1.0,2.0,2.0,10.0,18.0,6.0,10.0,7.0,8.0,2.0,1.0,0.0,0.0
EPL_2009,20/03/10,0,39,2.0,0.0,0.0,9.0,8.0,5.0,4.0,4.0,2.0,1.0,4.0,1.0,0.0
EPL_2009,20/03/10,1,41,2.0,2.0,1.0,11.0,7.0,3.0,4.0,7.0,5.0,1.0,2.0,0.0,0.0
EPL_2009,20/03/10,13,5,2.0,0.0,0.0,18.0,6.0,11.0,4.0,6.0,3.0,1.0,1.0,0.0,1.0
EPL_2009,20/03/10,28,16,3.0,2.0,0.0,18.0,9.0,10.0,5.0,11.0,1.0,1.0,0.0,0.0,0.0
EPL_2009,20/03/10,33,36,1.0,2.0,2.0,8.0,16.0,4.0,9.0,6.0,7.0,2.0,2.0,1.0,0.0
EPL_2009,20/03/10,34,2,3.0,1.0,0.0,11.0,21.0,9.0,14.0,7.0,10.0,0.0,1.0,0.0,0.0
EPL_2009,20/03/10,40,9,1.0,0.0,0.0,21.0,13.0,11.0,8.0,5.0,3.0,1.0,3.0,0.0,0.0
EPL_2009,21/03/10,3,11,1.0,1.0,1.0,8.0,14.0,4.0,8.0,3.0,11.0,0.0,1.0,0.0,0.0
EPL_2009,21/03/10,14,22,1.0,2.0,2.0,10.0,14.0,4.0,9.0,4.0,2.0,0.0,0.0,0.0,0.0
EPL_2009,21/03/10,23,20,2.0,1.0,0.0,10.0,4.0,5.0,2.0,1.0,2.0,2.0,3.0,0.0,0.0
EPL_2009,23/03/10,39,41,1.0,3.0,2.0,17.0,5.0,10.0,4.0,8.0,5.0,0.0,2.0,0.0,0.0
EPL_2009,24/03/10,1,34,1.0,1.0,1.0,11.0,10.0,4.0,5.0,6.0,7.0,0.0,0.0,0.0,0.0
EPL_2009,24/03/10,3,2,2.0,1.0,0.0,9.0,8.0,7.0,5.0,5.0,6.0,2.0,1.0,0.0,0.0
EPL_2009,24/03/10,22,13,0.0,2.0,2.0,12.0,10.0,5.0,7.0,7.0,4.0,3.0,2.0,0.0,0.0
EPL_2009,24/03/10,28,11,0.0,5.0,2.0,10.0,20.0,6.0,11.0,1.0,6.0,3.0,2.0,0.0,0.0
EPL_2009,27/03/10,2,0,1.0,1.0,1.0,7.0,13.0,3.0,8.0,3.0,6.0,3.0,2.0,0.0,0.0
EPL_2009,27/03/10,5,23,0.0,4.0,2.0,14.0,13.0,10.0,8.0,11.0,6.0,0.0,0.0,0.0,0.0
EPL_2009,27/03/10,11,1,7.0,1.0,0.0,13.0,7.0,11.0,5.0,8.0,6.0,3.0,2.0,0.0,0.0
EPL_2009,27/03/10,16,14,2.0,0.0,0.0,7.0,12.0,4.0,9.0,6.0,8.0,2.0,4.0,0.0,0.0
EPL_2009,27/03/10,36,28,2.0,0.0,0.0,16.0,8.0,8.0,3.0,11.0,2.0,0.0,1.0,0.0,0.0
EPL_2009,27/03/10,39,33,0.0,1.0,2.0,17.0,12.0,7.0,7.0,6.0,7.0,0.0,2.0,0.0,0.0
EPL_2009,27/03/10,41,13,0.0,0.0,1.0,9.0,22.0,2.0,13.0,3.0,7.0,1.0,1.0,0.0,0.0
EPL_2009,28/03/10,9,3,0.0,1.0,2.0,7.0,12.0,3.0,5.0,7.0,2.0,3.0,2.0,0.0,0.0
EPL_2009,28/03/10,20,34,3.0,0.0,0.0,25.0,7.0,16.0,2.0,9.0,2.0,0.0,1.0,0.0,0.0
EPL_2009,29/03/10,22,40,3.0,0.0,0.0,10.0,9.0,8.0,3.0,3.0,4.0,3.0,2.0,0.0,1.0
EPL_2009,03/04/10,0,41,1.0,0.0,0.0,23.0,3.0,13.0,2.0,10.0,4.0,0.0,2.0,0.0,1.0
EPL_2009,03/04/10,5,1,0.0,1.0,2.0,14.0,13.0,10.0,9.0,6.0,8.0,2.0,0.0,0.0,0.0
EPL_2009,03/04/10,9,22,1.0,6.0,2.0,14.0,20.0,7.0,14.0,6.0,7.0,0.0,0.0,0.0,0.0
EPL_2009,03/04/10,23,11,1.0,2.0,2.0,9.0,11.0,3.0,5.0,3.0,3.0,3.0,1.0,0.0,0.0
EPL_2009,03/04/10,28,3,0.0,0.0,1.0,6.0,16.0,3.0,8.0,1.0,9.0,2.0,1.0,1.0,0.0
EPL_2009,03/04/10,33,16,2.0,0.0,0.0,9.0,5.0,3.0,3.0,3.0,2.0,3.0,2.0,0.0,0.0
EPL_2009,03/04/10,34,36,3.0,1.0,0.0,11.0,12.0,10.0,9.0,6.0,6.0,2.0,0.0,0.0,0.0
EPL_2009,04/04/10,2,20,1.0,1.0,1.0,8.0,16.0,3.0,8.0,5.0,4.0,2.0,1.0,0.0,0.0
EPL_2009,04/04/10,13,39,2.0,2.0,1.0,10.0,10.0,5.0,5.0,2.0,8.0,2.0,3.0,0.0,0.0
EPL_2009,04/04/10,14,40,2.0,1.0,0.0,7.0,12.0,5.0,7.0,6.0,3.0,1.0,2.0,0.0,0.0
EPL_2009,10/04/10,16,9,1.0,4.0,2.0,11.0,9.0,4.0,7.0,6.0,1.0,5.0,1.0,0.0,0.0
EPL_2009,10/04/10,39,34,1.0,0.0,0.0,10.0,9.0,6.0,7.0,2.0,7.0,1.0,3.0,0.0,0.0
EPL_2009,11/04/10,3,23,0.0,0.0,1.0,8.0,13.0,7.0,6.0,1.0,7.0,1.0,2.0,0.0,0.0
EPL_2009,11/04/10,20,14,0.0,0.0,1.0,18.0,2.0,9.0,2.0,10.0,1.0,1.0,3.0,0.0,0.0
EPL_2009,11/04/10,22,2,5.0,1.0,0.0,17.0,5.0,8.0,3.0,8.0,4.0,0.0,3.0,0.0,0.0
EPL_2009,11/04/10,41,33,0.0,0.0,1.0,10.0,9.0,8.0,1.0,7.0,6.0,0.0,0.0,0.0,0.0
EPL_2009,13/04/10,11,5,1.0,0.0,0.0,18.0,7.0,8.0,2.0,5.0,2.0,1.0,4.0,0.0,0.0
EPL_2009,14/04/10,1,13,2.0,2.0,1.0,10.0,13.0,7.0,10.0,7.0,6.0,2.0,2.0,0.0,0.0
EPL_2009,14/04/10,36,0,2.0,1.0,0.0,13.0,19.0,10.0,11.0,4.0,6.0,3.0,1.0,0.0,0.0
EPL_2009,14/04/10,40,28,0.0,0.0,1.0,24.0,6.0,14.0,2.0,10.0,3.0,2.0,1.0,0.0,0.0
EPL_2009,17/04/10,2,16,0.0,0.0,1.0,10.0,11.0,7.0,4.0,8.0,1.0,0.0,0.0,0.0,0.0
EPL_2009,17/04/10,3,13,2.0,3.0,2.0,15.0,11.0,10.0,4.0,4.0,2.0,3.0,2.0,0.0,0.0
EPL_2009,17/04/10,14,41,0.0,0.0,1.0,11.0,5.0,4.0,1.0,5.0,9.0,1.0,0.0,0.0,0.0
EPL_2009,17/04/10,22,23,0.0,1.0,2.0,8.0,13.0,5.0,3.0,7.0,5.0,2.0,1.0,0.0,0.0
EPL_2009,17/04/10,33,5,1.0,2.0,2.0,11.0,13.0,5.0,8.0,5.0,1.0,1.0,2.0,0.0,0.0
EPL_2009,17/04/10,34,9,2.0,1.0,0.0,16.0,9.0,11.0,4.0,3.0,3.0,3.0,2.0,0.0,0.0
EPL_2009,17/04/10,36,11,2.0,1.0,0.0,20.0,9.0,10.0,6.0,13.0,4.0,2.0,4.0,0.0,1.0
EPL_2009,18/04/10,28,1,1.0,2.0,2.0,16.0,12.0,12.0,9.0,7.0,6.0,0.0,0.0,0.0,0.0
EPL_2009,18/04/10,40,0,3.0,2.0,0.0,16.0,11.0,11.0,8.0,8.0,3.0,2.0,1.0,0.0,0.0
EPL_2009,19/04/10,20,39,3.0,0.0,0.0,17.0,6.0,8.0,2.0,9.0,2.0,0.0,2.0,0.0,0.0
EPL_2009,21/04/10,16,1,0.0,2.0,2.0,14.0,11.0,10.0,5.0,11.0,9.0,2.0,2.0,0.0,0.0
EPL_2009,24/04/10,0,22,0.0,0.0,1.0,9.0,3.0,4.0,2.0,5.0,1.0,4.0,2.0,0.0,0.0
EPL_2009,24/04/10,5,28,2.0,2.0,1.0,14.0,13.0,10.0,6.0,12.0,5.0,1.0,1.0,0.0,0.0
EPL_2009,24/04/10,16,34,0.0,1.0,2.0,14.0,10.0,8.0,5.0,3.0,6.0,1.0,3.0,1.0,1.0
EPL_2009,24/04/10,23,36,3.0,1.0,0.0,15.0,9.0,8.0,3.0,4.0,4.0,1.0,0.0,0.0,0.0
EPL_2009,24/04/10,39,40,3.0,2.0,0.0,9.0,12.0,7.0,10.0,4.0,5.0,1.0,2.0,0.0,0.0
EPL_2009,24/04/10,41,3,1.0,1.0,1.0,14.0,12.0,5.0,8.0,4.0,4.0,0.0,1.0,0.0,0.0
EPL_2009,25/04/10,1,2,1.0,0.0,0.0,10.0,16.0,6.0,14.0,7.0,5.0,1.0,4.0,0.0,0.0
EPL_2009,25/04/10,9,20,0.0,4.0,2.0,12.0,12.0,6.0,10.0,4.0,5.0,2.0,1.0,0.0,0.0
EPL_2009,25/04/10,11,33,7.0,0.0,0.0,29.0,3.0,18.0,2.0,7.0,0.0,0.0,3.0,0.0,0.0
EPL_2009,25/04/10,13,14,2.0,1.0,0.0,15.0,8.0,9.0,6.0,9.0,3.0,0.0,1.0,0.0,0.0
EPL_2009,01/05/10,2,9,2.0,1.0,0.0,13.0,12.0,4.0,7.0,6.0,8.0,2.0,1.0,0.0,0.0
EPL_2009,01/05/10,22,1,3.0,1.0,0.0,17.0,10.0,12.0,6.0,13.0,5.0,1.0,2.0,0.0,0.0
EPL_2009,01/05/10,28,41,3.0,1.0,0.0,12.0,18.0,8.0,11.0,7.0,9.0,0.0,1.0,0.0,0.0
EPL_2009,01/05/10,33,13,0.0,0.0,1.0,12.0,11.0,6.0,9.0,6.0,5.0,0.0,0.0,0.0,0.0
EPL_2009,01/05/10,36,5,1.0,0.0,0.0,25.0,11.0,12.0,7.0,11.0,7.0,0.0,3.0,0.0,0.0
EPL_2009,02/05/10,14,39,3.0,2.0,0.0,5.0,7.0,3.0,5.0,9.0,3.0,0.0,0.0,0.0,0.0
EPL_2009,02/05/10,20,11,0.0,2.0,2.0,7.0,15.0,2.0,11.0,9.0,5.0,1.0,2.0,0.0,0.0
EPL_2009,02/05/10,34,23,0.0,1.0,2.0,10.0,14.0,2.0,9.0,9.0,4.0,3.0,2.0,0.0,0.0
EPL_2009,03/05/10,3,0,2.0,1.0,0.0,11.0,6.0,7.0,4.0,5.0,8.0,2.0,2.0,0.0,0.0
EPL_2009,03/05/10,40,16,2.0,2.0,1.0,13.0,6.0,7.0,3.0,8.0,1.0,2.0,0.0,0.0,0.0
EPL_2009,05/05/10,14,33,0.0,1.0,2.0,12.0,5.0,6.0,2.0,8.0,3.0,1.0,3.0,0.0,0.0
EPL_2009,05/05/10,22,36,0.0,1.0,2.0,10.0,10.0,5.0,6.0,9.0,7.0,0.0,3.0,0.0,0.0
EPL_2009,09/05/10,0,14,4.0,0.0,0.0,16.0,5.0,11.0,2.0,5.0,2.0,2.0,2.0,0.0,0.0
EPL_2009,09/05/10,1,3,0.0,1.0,2.0,16.0,9.0,12.0,3.0,11.0,5.0,2.0,1.0,0.0,0.0
EPL_2009,09/05/10,5,2,2.0,1.0,0.0,14.0,10.0,8.0,5.0,3.0,6.0,2.0,5.0,0.0,0.0
EPL_2009,09/05/10,9,36,4.0,2.0,0.0,16.0,16.0,12.0,11.0,5.0,6.0,0.0,0.0,0.0,0.0
EPL_2009,09/05/10,11,40,8.0,0.0,0.0,17.0,4.0,10.0,3.0,2.0,3.0,2.0,2.0,0.0,1.0
EPL_2009,09/05/10,13,28,1.0,0.0,0.0,21.0,10.0,13.0,4.0,14.0,1.0,0.0,0.0,0.0,0.0
EPL_2009,09/05/10,16,20,0.0,0.0,1.0,11.0,19.0,6.0,7.0,2.0,6.0,1.0,0.0,0.0,0.0
EPL_2009,09/05/10,23,33,4.0,0.0,0.0,18.0,4.0,13.0,4.0,10.0,2.0,2.0,0.0,0.0,0.0
EPL_2009,09/05/10,39,22,1.0,1.0,1.0,12.0,17.0,8.0,6.0,4.0,3.0,2.0,0.0,0.0,0.0
EPL_2009,09/05/10,41,34,2.0,1.0,0.0,14.0,11.0,7.0,5.0,4.0,1.0,1.0,2.0,0.0,2.0
EPL_2010,14/08/10,1,39,3.0,0.0,0.0,23.0,12.0,11.0,2.0,16.0,7.0,1.0,2.0,0.0,0.0
EPL_2010,14/08/10,3,13,1.0,0.0,0.0,7.0,17.0,2.0,12.0,1.0,3.0,2.0,1.0,0.0,0.0
EPL_2010,14/08/10,5,14,0.0,0.0,1.0,13.0,12.0,9.0,7.0,4.0,8.0,1.0,3.0,0.0,0.0
EPL_2010,14/08/10,11,38,6.0,0.0,0.0,18.0,10.0,13.0,4.0,3.0,1.0,1.0,0.0,0.0,0.0
EPL_2010,14/08/10,34,2,2.0,2.0,1.0,6.0,13.0,2.0,7.0,3.0,6.0,3.0,3.0,1.0,0.0
EPL_2010,14/08/10,36,22,0.0,0.0,1.0,22.0,11.0,18.0,7.0,10.0,3.0,0.0,2.0,0.0,0.0
EPL_2010,14/08/10,40,4,0.0,4.0,2.0,11.0,9.0,6.0,7.0,6.0,4.0,1.0,1.0,0.0,0.0
EPL_2010,14/08/10,41,33,2.0,1.0,0.0,13.0,10.0,7.0,6.0,5.0,5.0,0.0,2.0,0.0,0.0
EPL_2010,15/08/10,20,0,1.0,1.0,1.0,7.0,14.0,4.0,7.0,9.0,11.0,1.0,3.0,1.0,1.0
EPL_2010,16/08/10,23,25,3.0,0.0,0.0,18.0,7.0,10.0,3.0,5.0,3.0,2.0,2.0,0.0,0.0
EPL_2010,21/08/10,0,4,6.0,0.0,0.0,26.0,3.0,16.0,1.0,8.0,2.0,0.0,0.0,0.0,1.0
EPL_2010,21/08/10,2,3,2.0,1.0,0.0,10.0,7.0,7.0,2.0,4.0,12.0,2.0,3.0,0.0,0.0
EPL_2010,21/08/10,13,41,1.0,1.0,1.0,14.0,9.0,6.0,4.0,3.0,3.0,1.0,2.0,0.0,0.0
EPL_2010,21/08/10,33,36,1.0,2.0,2.0,15.0,7.0,10.0,6.0,6.0,2.0,3.0,1.0,0.0,0.0
EPL_2010,21/08/10,38,34,1.0,0.0,0.0,11.0,10.0,5.0,4.0,4.0,6.0,2.0,2.0,0.0,0.0
EPL_2010,21/08/10,39,5,1.0,3.0,2.0,17.0,12.0,10.0,8.0,8.0,5.0,2.0,4.0,0.0,0.0
EPL_2010,21/08/10,40,11,0.0,6.0,2.0,17.0,10.0,12.0,8.0,0.0,0.0,1.0,2.0,0.0,0.0
EPL_2010,22/08/10,14,23,2.0,2.0,1.0,16.0,14.0,8.0,7.0,5.0,11.0,2.0,2.0,0.0,0.0
EPL_2010,22/08/10,25,1,6.0,0.0,0.0,20.0,3.0,14.0,1.0,10.0,2.0,3.0,1.0,0.0,0.0
EPL_2010,23/08/10,22,20,3.0,0.0,0.0,8.0,13.0,3.0,7.0,5.0,4.0,1.0,1.0,0.0,0.0
EPL_2010,28/08/10,3,0,1.0,2.0,2.0,15.0,14.0,7.0,9.0,4.0,8.0,1.0,0.0,0.0,0.0
EPL_2010,28/08/10,4,14,2.0,2.0,1.0,14.0,12.0,5.0,7.0,4.0,5.0,1.0,0.0,0.0,0.0
EPL_2010,28/08/10,11,33,2.0,0.0,0.0,15.0,9.0,6.0,3.0,6.0,1.0,0.0,2.0,0.0,0.0
EPL_2010,28/08/10,23,39,3.0,0.0,0.0,18.0,7.0,11.0,2.0,9.0,3.0,1.0,2.0,0.0,0.0
EPL_2010,28/08/10,36,40,0.0,1.0,2.0,12.0,13.0,7.0,5.0,16.0,7.0,3.0,2.0,0.0,0.0
EPL_2010,28/08/10,41,25,1.0,1.0,1.0,5.0,11.0,2.0,6.0,5.0,3.0,7.0,4.0,0.0,0.0
EPL_2010,29/08/10,1,13,1.0,0.0,0.0,12.0,15.0,6.0,9.0,4.0,16.0,4.0,0.0,0.0,0.0
EPL_2010,29/08/10,5,2,2.0,2.0,1.0,11.0,9.0,8.0,5.0,6.0,1.0,2.0,3.0,1.0,0.0
EPL_2010,29/08/10,20,38,1.0,0.0,0.0,11.0,14.0,7.0,5.0,7.0,6.0,0.0,0.0,0.0,1.0
EPL_2010,29/08/10,34,22,1.0,0.0,0.0,12.0,9.0,4.0,7.0,3.0,7.0,0.0,3.0,0.0,0.0
EPL_2010,11/09/10,0,5,4.0,1.0,0.0,23.0,7.0,14.0,6.0,9.0,6.0,2.0,2.0,0.0,1.0
EPL_2010,11/09/10,13,23,3.0,3.0,1.0,23.0,13.0,14.0,8.0,7.0,5.0,1.0,1.0,0.0,0.0
EPL_2010,11/09/10,14,41,2.0,1.0,0.0,13.0,4.0,6.0,2.0,6.0,6.0,3.0,6.0,0.0,1.0
EPL_2010,11/09/10,22,3,1.0,1.0,1.0,20.0,4.0,14.0,2.0,14.0,2.0,2.0,1.0,0.0,0.0
EPL_2010,11/09/10,25,4,0.0,2.0,2.0,16.0,7.0,13.0,4.0,3.0,2.0,2.0,3.0,0.0,0.0
EPL_2010,11/09/10,38,36,1.0,1.0,1.0,15.0,16.0,8.0,9.0,9.0,4.0,2.0,1.0,0.0,0.0
EPL_2010,11/09/10,39,11,1.0,3.0,2.0,13.0,17.0,7.0,9.0,1.0,5.0,2.0,2.0,0.0,0.0
EPL_2010,11/09/10,40,34,1.0,1.0,1.0,17.0,4.0,4.0,2.0,5.0,1.0,4.0,2.0,0.0,1.0
EPL_2010,12/09/10,2,20,0.0,0.0,1.0,15.0,14.0,3.0,8.0,4.0,3.0,1.0,0.0,0.0,0.0
EPL_2010,13/09/10,33,1,2.0,1.0,0.0,20.0,10.0,12.0,6.0,8.0,7.0,1.0,2.0,0.0,0.0
EPL_2010,18/09/10,1,5,1.0,1.0,1.0,13.0,13.0,6.0,7.0,8.0,4.0,1.0,2.0,0.0,0.0
EPL_2010,18/09/10,3,14,1.0,1.0,1.0,9.0,9.0,5.0,4.0,3.0,3.0,0.0,1.0,0.0,0.0
EPL_2010,18/09/10,13,25,0.0,1.0,2.0,6.0,9.0,3.0,4.0,3.0,6.0,2.0,3.0,0.0,0.0
EPL_2010,18/09/10,33,39,1.0,1.0,1.0,9.0,13.0,3.0,6.0,6.0,3.0,3.0,2.0,0.0,0.0
EPL_2010,18/09/10,34,0,1.0,1.0,1.0,16.0,16.0,5.0,7.0,11.0,3.0,2.0,2.0,0.0,1.0
EPL_2010,18/09/10,36,41,3.0,1.0,0.0,20.0,5.0,11.0,2.0,5.0,4.0,3.0,3.0,0.0,0.0
EPL_2010,18/09/10,38,2,3.0,1.0,0.0,16.0,6.0,10.0,3.0,5.0,0.0,1.0,1.0,0.0,0.0
EPL_2010,19/09/10,11,4,4.0,0.0,0.0,27.0,11.0,15.0,4.0,9.0,6.0,1.0,2.0,0.0,0.0
EPL_2010,19/09/10,23,20,3.0,2.0,0.0,16.0,7.0,7.0,1.0,6.0,1.0,4.0,1.0,0.0,0.0
EPL_2010,19/09/10,40,22,0.0,2.0,2.0,9.0,11.0,3.0,5.0,3.0,1.0,1.0,2.0,0.0,0.0
EPL_2010,25/09/10,0,38,2.0,3.0,2.0,24.0,7.0,12.0,5.0,16.0,4.0,4.0,3.0,0.0,0.0
EPL_2010,25/09/10,2,40,0.0,0.0,1.0,10.0,17.0,4.0,10.0,3.0,7.0,2.0,3.0,1.0,0.0
EPL_2010,25/09/10,4,3,1.0,2.0,2.0,11.0,13.0,8.0,8.0,8.0,8.0,2.0,1.0,0.0,0.0
EPL_2010,25/09/10,14,13,0.0,0.0,1.0,12.0,15.0,2.0,7.0,4.0,5.0,2.0,1.0,0.0,0.0
EPL_2010,25/09/10,20,34,2.0,2.0,1.0,13.0,10.0,5.0,1.0,3.0,3.0,3.0,1.0,0.0,0.0
EPL_2010,25/09/10,22,11,1.0,0.0,0.0,8.0,15.0,6.0,4.0,3.0,4.0,2.0,3.0,0.0,0.0
EPL_2010,25/09/10,39,36,1.0,0.0,0.0,22.0,17.0,15.0,11.0,14.0,7.0,2.0,0.0,0.0,0.0
EPL_2010,26/09/10,5,23,2.0,2.0,1.0,15.0,12.0,9.0,6.0,7.0,12.0,1.0,2.0,0.0,0.0
EPL_2010,26/09/10,25,33,1.0,2.0,2.0,11.0,8.0,7.0,2.0,3.0,4.0,0.0,1.0,0.0,0.0
EPL_2010,26/09/10,41,1,1.0,2.0,2.0,14.0,10.0,12.0,8.0,5.0,4.0,1.0,2.0,0.0,0.0
EPL_2010,02/10/10,2,13,0.0,2.0,2.0,6.0,11.0,3.0,6.0,6.0,5.0,0.0,0.0,0.0,0.0
EPL_2010,02/10/10,33,3,1.0,0.0,0.0,18.0,7.0,11.0,4.0,8.0,6.0,2.0,3.0,0.0,0.0
EPL_2010,02/10/10,34,23,0.0,0.0,1.0,14.0,10.0,8.0,4.0,10.0,4.0,1.0,2.0,0.0,0.0
EPL_2010,02/10/10,36,1,2.0,1.0,0.0,19.0,13.0,10.0,4.0,10.0,4.0,1.0,3.0,0.0,0.0
EPL_2010,02/10/10,38,5,1.0,1.0,1.0,17.0,10.0,9.0,5.0,7.0,4.0,3.0,2.0,0.0,0.0
EPL_2010,02/10/10,39,14,1.0,1.0,1.0,12.0,17.0,5.0,5.0,2.0,3.0,3.0,1.0,0.0,0.0
EPL_2010,02/10/10,40,41,2.0,0.0,0.0,24.0,2.0,17.0,0.0,3.0,3.0,1.0,2.0,0.0,1.0
EPL_2010,03/10/10,11,0,2.0,0.0,0.0,11.0,13.0,6.0,5.0,10.0,10.0,1.0,1.0,0.0,0.0
EPL_2010,03/10/10,20,4,1.0,2.0,2.0,19.0,11.0,10.0,7.0,5.0,2.0,2.0,1.0,0.0,0.0
EPL_2010,03/10/10,22,25,2.0,1.0,0.0,9.0,8.0,5.0,4.0,4.0,4.0,3.0,2.0,0.0,0.0
EPL_2010,16/10/10,0,2,2.0,1.0,0.0,18.0,6.0,13.0,4.0,7.0,3.0,2.0,2.0,1.0,0.0
EPL_2010,16/10/10,1,11,0.0,0.0,1.0,11.0,13.0,5.0,6.0,9.0,5.0,4.0,3.0,0.0,0.0
EPL_2010,16/10/10,5,33,2.0,1.0,0.0,11.0,8.0,6.0,3.0,5.0,6.0,2.0,2.0,1.0,0.0
EPL_2010,16/10/10,14,36,1.0,2.0,2.0,11.0,14.0,5.0,6.0,4.0,11.0,1.0,1.0,0.0,0.0
EPL_2010,16/10/10,23,38,2.0,2.0,1.0,16.0,7.0,9.0,2.0,3.0,2.0,1.0,2.0,0.0,0.0
EPL_2010,16/10/10,25,40,2.0,2.0,1.0,9.0,8.0,4.0,4.0,6.0,3.0,2.0,1.0,0.0,0.0
EPL_2010,16/10/10,41,39,1.0,1.0,1.0,9.0,9.0,5.0,7.0,8.0,3.0,0.0,1.0,0.0,0.0
EPL_2010,17/10/10,4,22,2.0,3.0,2.0,16.0,13.0,5.0,8.0,3.0,9.0,0.0,2.0,0.0,0.0
EPL_2010,17/10/10,13,20,2.0,0.0,0.0,9.0,15.0,6.0,9.0,8.0,7.0,2.0,2.0,0.0,0.0
EPL_2010,18/10/10,3,34,0.0,0.0,1.0,9.0,16.0,3.0,7.0,5.0,3.0,2.0,1.0,1.0,0.0
EPL_2010,23/10/10,2,4,2.0,0.0,0.0,17.0,14.0,8.0,6.0,9.0,10.0,1.0,1.0,0.0,0.0
EPL_2010,23/10/10,11,41,2.0,0.0,0.0,17.0,12.0,10.0,9.0,8.0,8.0,1.0,2.0,0.0,0.0
EPL_2010,23/10/10,34,1,1.0,0.0,0.0,13.0,11.0,6.0,7.0,4.0,11.0,1.0,2.0,0.0,0.0
EPL_2010,23/10/10,36,13,1.0,1.0,1.0,13.0,7.0,8.0,3.0,4.0,4.0,3.0,1.0,0.0,0.0
EPL_2010,23/10/10,38,14,2.0,1.0,0.0,14.0,9.0,7.0,3.0,7.0,5.0,0.0,0.0,0.0,0.0
EPL_2010,23/10/10,39,25,1.0,2.0,2.0,5.0,13.0,1.0,8.0,2.0,6.0,0.0,0.0,0.0,0.0
EPL_2010,23/10/10,40,5,1.0,1.0,1.0,15.0,9.0,9.0,2.0,5.0,0.0,0.0,2.0,0.0,0.0
EPL_2010,24/10/10,20,3,2.0,1.0,0.0,17.0,4.0,10.0,2.0,15.0,4.0,2.0,3.0,0.0,0.0
EPL_2010,24/10/10,22,0,0.0,3.0,2.0,9.0,12.0,6.0,8.0,6.0,7.0,2.0,4.0,1.0,0.0
EPL_2010,24/10/10,33,23,1.0,2.0,2.0,6.0,12.0,2.0,5.0,5.0,6.0,2.0,2.0,0.0,0.0
EPL_2010,30/10/10,0,39,1.0,0.0,0.0,20.0,6.0,13.0,3.0,7.0,4.0,2.0,2.0,0.0,0.0
EPL_2010,30/10/10,3,11,1.0,2.0,2.0,13.0,16.0,6.0,9.0,4.0,5.0,2.0,2.0,0.0,0.0
EPL_2010,30/10/10,13,33,1.0,0.0,0.0,18.0,9.0,10.0,1.0,6.0,2.0,1.0,1.0,0.0,0.0
EPL_2010,30/10/10,14,40,2.0,0.0,0.0,15.0,8.0,9.0,3.0,7.0,1.0,0.0,0.0,0.0,0.0
EPL_2010,30/10/10,23,36,2.0,0.0,0.0,18.0,11.0,10.0,5.0,1.0,4.0,0.0,3.0,0.0,0.0
EPL_2010,30/10/10,41,22,2.0,1.0,0.0,10.0,17.0,6.0,9.0,5.0,7.0,1.0,2.0,0.0,0.0
EPL_2010,31/10/10,1,2,0.0,0.0,1.0,7.0,10.0,3.0,6.0,1.0,4.0,2.0,3.0,0.0,0.0
EPL_2010,31/10/10,5,20,0.0,1.0,2.0,14.0,10.0,10.0,4.0,1.0,4.0,2.0,2.0,0.0,0.0
EPL_2010,31/10/10,25,34,5.0,1.0,0.0,16.0,11.0,12.0,5.0,8.0,6.0,3.0,6.0,0.0,1.0
EPL_2010,01/11/10,4,38,2.0,1.0,0.0,21.0,12.0,8.0,5.0,8.0,2.0,2.0,3.0,0.0,2.0
EPL_2010,06/11/10,2,39,2.0,2.0,1.0,8.0,16.0,5.0,8.0,3.0,4.0,0.0,1.0,0.0,0.0
EPL_2010,06/11/10,3,40,2.0,1.0,0.0,10.0,16.0,3.0,10.0,3.0,6.0,0.0,2.0,0.0,0.0
EPL_2010,06/11/10,4,13,2.0,2.0,1.0,11.0,20.0,8.0,14.0,3.0,7.0,2.0,1.0,0.0,0.0
EPL_2010,06/11/10,5,36,4.0,2.0,0.0,18.0,11.0,8.0,6.0,7.0,6.0,1.0,0.0,0.0,0.0
EPL_2010,06/11/10,14,1,1.0,1.0,1.0,14.0,15.0,10.0,8.0,3.0,3.0,1.0,0.0,0.0,0.0
EPL_2010,06/11/10,23,41,2.0,1.0,0.0,14.0,8.0,10.0,6.0,3.0,2.0,1.0,0.0,0.0,0.0
EPL_2010,06/11/10,34,33,2.0,0.0,0.0,14.0,11.0,7.0,5.0,6.0,9.0,0.0,5.0,0.0,0.0
EPL_2010,07/11/10,0,25,0.0,1.0,2.0,11.0,7.0,8.0,2.0,12.0,2.0,3.0,1.0,1.0,0.0
EPL_2010,07/11/10,20,11,2.0,0.0,0.0,9.0,11.0,7.0,7.0,2.0,5.0,0.0,2.0,0.0,0.0
EPL_2010,07/11/10,38,22,0.0,2.0,2.0,13.0,9.0,7.0,5.0,6.0,1.0,3.0,4.0,1.0,1.0
EPL_2010,09/11/10,33,2,3.0,2.0,0.0,19.0,14.0,12.0,10.0,10.0,4.0,0.0,0.0,0.0,0.0
EPL_2010,09/11/10,36,34,1.0,1.0,1.0,20.0,8.0,12.0,4.0,17.0,3.0,2.0,1.0,0.0,0.0
EPL_2010,10/11/10,1,4,3.0,2.0,0.0,19.0,12.0,12.0,6.0,11.0,8.0,2.0,3.0,0.0,0.0
EPL_2010,10/11/10,11,14,1.0,0.0,0.0,19.0,5.0,10.0,3.0,4.0,4.0,2.0,0.0,1.0,0.0
EPL_2010,10/11/10,13,5,1.0,1.0,1.0,23.0,10.0,12.0,5.0,15.0,10.0,0.0,3.0,1.0,0.0
EPL_2010,10/11/10,22,23,0.0,0.0,1.0,6.0,7.0,4.0,4.0,8.0,5.0,0.0,2.0,0.0,0.0
EPL_2010,10/11/10,25,3,1.0,2.0,2.0,9.0,7.0,3.0,5.0,4.0,1.0,3.0,4.0,0.0,0.0
EPL_2010,10/11/10,39,38,2.0,2.0,1.0,8.0,14.0,5.0,6.0,6.0,7.0,3.0,0.0,0.0,0.0
EPL_2010,10/11/10,40,20,1.0,1.0,1.0,10.0,8.0,8.0,3.0,5.0,4.0,0.0,2.0,0.0,0.0
EPL_2010,10/11/10,41,0,0.0,2.0,2.0,14.0,12.0,7.0,8.0,5.0,2.0,1.0,2.0,0.0,0.0
EPL_2010,13/11/10,1,23,2.0,2.0,1.0,12.0,16.0,6.0,10.0,9.0,7.0,3.0,4.0,0.0,0.0
EPL_2010,13/11/10,22,2,0.0,0.0,1.0,21.0,5.0,11.0,3.0,6.0,4.0,2.0,0.0,0.0,0.0
EPL_2010,13/11/10,25,14,0.0,0.0,1.0,13.0,10.0,7.0,8.0,5.0,5.0,2.0,2.0,0.0,0.0
EPL_2010,13/11/10,33,20,2.0,0.0,0.0,14.0,10.0,7.0,6.0,4.0,3.0,2.0,3.0,0.0,1.0
EPL_2010,13/11/10,36,3,4.0,2.0,0.0,20.0,12.0,12.0,8.0,12.0,6.0,2.0,2.0,0.0,0.0
EPL_2010,13/11/10,39,4,0.0,0.0,1.0,17.0,16.0,4.0,5.0,8.0,7.0,0.0,1.0,0.0,0.0
EPL_2010,13/11/10,40,38,1.0,0.0,0.0,13.0,12.0,4.0,6.0,5.0,5.0,1.0,1.0,0.0,0.0
EPL_2010,13/11/10,41,5,2.0,3.0,2.0,10.0,13.0,6.0,7.0,12.0,3.0,1.0,0.0,0.0,0.0
EPL_2010,14/11/10,11,34,0.0,3.0,2.0,14.0,19.0,7.0,9.0,6.0,3.0,1.0,2.0,0.0,0.0
EPL_2010,14/11/10,13,0,1.0,2.0,2.0,14.0,13.0,7.0,8.0,9.0,2.0,2.0,2.0,0.0,0.0
EPL_2010,20/11/10,0,36,2.0,3.0,2.0,12.0,10.0,7.0,6.0,2.0,6.0,3.0,1.0,0.0,0.0
EPL_2010,20/11/10,2,11,1.0,0.0,0.0,1.0,24.0,1.0,9.0,4.0,14.0,2.0,0.0,0.0,0.0
EPL_2010,20/11/10,4,41,2.0,1.0,0.0,13.0,19.0,9.0,10.0,4.0,11.0,0.0,2.0,0.0,0.0
EPL_2010,20/11/10,5,25,5.0,1.0,0.0,18.0,6.0,9.0,1.0,2.0,3.0,0.0,2.0,0.0,1.0
EPL_2010,20/11/10,20,39,3.0,0.0,0.0,19.0,6.0,11.0,1.0,10.0,2.0,0.0,1.0,0.0,0.0
EPL_2010,20/11/10,23,40,2.0,0.0,0.0,17.0,10.0,12.0,4.0,11.0,1.0,0.0,2.0,0.0,2.0
EPL_2010,20/11/10,38,33,0.0,3.0,2.0,15.0,6.0,8.0,4.0,8.0,3.0,0.0,0.0,0.0,0.0
EPL_2010,21/11/10,3,1,2.0,0.0,0.0,14.0,16.0,5.0,11.0,5.0,8.0,0.0,1.0,0.0,0.0
EPL_2010,21/11/10,14,22,1.0,4.0,2.0,9.0,11.0,3.0,8.0,7.0,7.0,2.0,1.0,0.0,0.0
EPL_2010,22/11/10,34,13,2.0,2.0,1.0,13.0,10.0,8.0,8.0,4.0,4.0,0.0,2.0,0.0,0.0
EPL_2010,27/11/10,1,0,2.0,4.0,2.0,6.0,17.0,4.0,10.0,3.0,8.0,1.0,1.0,0.0,0.0
EPL_2010,27/11/10,5,4,2.0,2.0,1.0,24.0,16.0,14.0,10.0,4.0,4.0,2.0,2.0,0.0,0.0
EPL_2010,27/11/10,13,38,1.0,4.0,2.0,12.0,7.0,4.0,3.0,2.0,2.0,1.0,3.0,1.0,1.0
EPL_2010,27/11/10,14,2,1.0,1.0,1.0,11.0,7.0,7.0,3.0,7.0,4.0,1.0,0.0,0.0,0.0
EPL_2010,27/11/10,23,3,7.0,1.0,0.0,15.0,3.0,11.0,2.0,5.0,2.0,0.0,2.0,0.0,0.0
EPL_2010,27/11/10,33,22,1.0,1.0,1.0,16.0,9.0,9.0,4.0,6.0,2.0,2.0,2.0,0.0,0.0
EPL_2010,27/11/10,39,40,3.0,1.0,0.0,15.0,10.0,9.0,10.0,7.0,2.0,0.0,0.0,0.0,0.0
EPL_2010,27/11/10,41,34,3.0,2.0,0.0,14.0,15.0,8.0,9.0,11.0,5.0,2.0,3.0,0.0,0.0
EPL_2010,28/11/10,25,11,1.0,1.0,1.0,5.0,17.0,3.0,13.0,6.0,7.0,2.0,1.0,0.0,0.0
EPL_2010,28/11/10,36,20,2.0,1.0,0.0,20.0,12.0,13.0,8.0,5.0,8.0,0.0,5.0,0.0,0.0
EPL_2010,04/12/10,0,14,2.0,1.0,0.0,15.0,11.0,9.0,7.0,3.0,7.0,0.0,0.0,0.0,0.0
EPL_2010,04/12/10,2,36,1.0,1.0,1.0,13.0,10.0,5.0,5.0,6.0,11.0,1.0,1.0,0.0,0.0
EPL_2010,04/12/10,3,41,3.0,0.0,0.0,10.0,10.0,7.0,7.0,8.0,11.0,0.0,2.0,0.0,0.0
EPL_2010,04/12/10,11,13,1.0,1.0,1.0,12.0,16.0,5.0,7.0,7.0,2.0,1.0,4.0,0.0,0.0
EPL_2010,04/12/10,22,5,1.0,0.0,0.0,19.0,7.0,10.0,2.0,8.0,8.0,3.0,2.0,1.0,0.0
EPL_2010,04/12/10,40,33,2.0,2.0,1.0,15.0,11.0,8.0,7.0,5.0,4.0,1.0,4.0,0.0,0.0
EPL_2010,05/12/10,34,39,1.0,0.0,0.0,17.0,8.0,12.0,2.0,9.0,3.0,1.0,3.0,0.0,0.0
EPL_2010,05/12/10,38,25,3.0,1.0,0.0,20.0,11.0,12.0,7.0,7.0,3.0,0.0,5.0,0.0,0.0
EPL_2010,06/12/10,20,1,3.0,0.0,0.0,12.0,5.0,7.0,2.0,4.0,3.0,0.0,1.0,0.0,0.0
EPL_2010,11/12/10,1,38,2.0,1.0,0.0,6.0,11.0,3.0,4.0,6.0,13.0,0.0,2.0,0.0,0.0
EPL_2010,11/12/10,13,40,0.0,0.0,1.0,16.0,5.0,8.0,4.0,9.0,4.0,2.0,4.0,0.0,0.0
EPL_2010,11/12/10,14,34,0.0,0.0,1.0,14.0,11.0,13.0,2.0,4.0,3.0,0.0,1.0,0.0,0.0
EPL_2010,11/12/10,25,20,3.0,1.0,0.0,8.0,16.0,5.0,7.0,2.0,5.0,2.0,1.0,0.0,0.0
EPL_2010,11/12/10,33,4,0.0,1.0,2.0,16.0,10.0,5.0,5.0,10.0,4.0,0.0,2.0,0.0,0.0
EPL_2010,11/12/10,39,22,1.0,3.0,2.0,13.0,12.0,3.0,7.0,2.0,6.0,1.0,3.0,0.0,0.0
EPL_2010,12/12/10,5,3,2.0,1.0,0.0,12.0,16.0,7.0,11.0,3.0,10.0,4.0,3.0,1.0,0.0
EPL_2010,12/12/10,36,11,1.0,1.0,1.0,10.0,13.0,3.0,7.0,1.0,7.0,2.0,2.0,0.0,0.0
EPL_2010,12/12/10,41,2,1.0,0.0,0.0,14.0,3.0,9.0,0.0,7.0,2.0,2.0,4.0,0.0,0.0
EPL_2010,13/12/10,23,0,1.0,0.0,0.0,14.0,11.0,10.0,6.0,5.0,4.0,0.0,4.0,0.0,0.0
EPL_2010,18/12/10,3,39,1.0,1.0,1.0,13.0,11.0,5.0,3.0,9.0,4.0,2.0,3.0,0.0,0.0
EPL_2010,18/12/10,34,5,1.0,0.0,0.0,13.0,12.0,5.0,8.0,2.0,5.0,1.0,3.0,0.0,0.0
EPL_2010,20/12/10,22,13,1.0,2.0,2.0,25.0,4.0,15.0,3.0,11.0,0.0,3.0,2.0,1.0,1.0
EPL_2010,26/12/10,1,36,1.0,2.0,2.0,26.0,13.0,15.0,8.0,8.0,4.0,3.0,3.0,0.0,1.0
EPL_2010,26/12/10,3,33,0.0,2.0,2.0,12.0,11.0,8.0,9.0,5.0,3.0,1.0,4.0,0.0,0.0
EPL_2010,26/12/10,5,38,2.0,0.0,0.0,12.0,15.0,8.0,9.0,5.0,7.0,1.0,1.0,0.0,0.0
EPL_2010,26/12/10,14,39,1.0,3.0,2.0,13.0,10.0,6.0,7.0,8.0,4.0,1.0,1.0,0.0,0.0
EPL_2010,26/12/10,23,34,2.0,0.0,0.0,14.0,6.0,10.0,2.0,5.0,3.0,0.0,2.0,0.0,0.0
EPL_2010,26/12/10,25,22,1.0,3.0,2.0,20.0,9.0,10.0,6.0,6.0,3.0,1.0,5.0,0.0,0.0
EPL_2010,26/12/10,41,40,1.0,2.0,2.0,8.0,13.0,4.0,8.0,7.0,3.0,1.0,3.0,0.0,0.0
EPL_2010,27/12/10,0,11,3.0,1.0,0.0,10.0,10.0,8.0,4.0,4.0,6.0,2.0,3.0,0.0,0.0
EPL_2010,28/12/10,2,23,1.0,1.0,1.0,8.0,10.0,3.0,4.0,4.0,4.0,3.0,3.0,0.0,0.0
EPL_2010,28/12/10,22,1,4.0,0.0,0.0,11.0,9.0,8.0,4.0,8.0,6.0,1.0,2.0,0.0,0.0
EPL_2010,28/12/10,33,14,0.0,2.0,2.0,14.0,4.0,8.0,3.0,9.0,2.0,1.0,2.0,0.0,0.0
EPL_2010,28/12/10,34,4,0.0,2.0,2.0,32.0,9.0,16.0,4.0,9.0,2.0,2.0,0.0,0.0,0.0
EPL_2010,28/12/10,36,25,2.0,0.0,0.0,13.0,12.0,8.0,8.0,9.0,7.0,2.0,4.0,1.0,0.0
EPL_2010,28/12/10,38,3,1.0,3.0,2.0,21.0,6.0,11.0,4.0,8.0,5.0,1.0,3.0,1.0,1.0
EPL_2010,28/12/10,39,13,1.0,1.0,1.0,11.0,13.0,2.0,5.0,4.0,7.0,1.0,0.0,0.0,0.0
EPL_2010,29/12/10,11,5,1.0,0.0,0.0,12.0,6.0,7.0,2.0,6.0,3.0,1.0,1.0,0.0,0.0
EPL_2010,29/12/10,20,41,0.0,1.0,2.0,9.0,7.0,5.0,3.0,2.0,8.0,1.0,1.0,0.0,0.0
EPL_2010,29/12/10,40,0,2.0,2.0,1.0,7.0,15.0,5.0,9.0,3.0,4.0,1.0,0.0,1.0,0.0
EPL_2010,01/01/11,2,0,0.0,3.0,2.0,2.0,18.0,1.0,11.0,4.0,5.0,3.0,1.0,0.0,0.0
EPL_2010,01/01/11,20,5,2.0,1.0,0.0,16.0,10.0,7.0,4.0,7.0,4.0,2.0,2.0,0.0,0.0
EPL_2010,01/01/11,22,4,1.0,0.0,0.0,15.0,8.0,4.0,6.0,10.0,4.0,0.0,0.0,0.0,0.0
EPL_2010,01/01/11,33,13,2.0,0.0,0.0,7.0,15.0,3.0,10.0,1.0,5.0,4.0,1.0,0.0,0.0
EPL_2010,01/01/11,34,3,3.0,0.0,0.0,13.0,11.0,7.0,3.0,3.0,2.0,1.0,2.0,0.0,0.0
EPL_2010,01/01/11,36,14,1.0,0.0,0.0,13.0,12.0,9.0,4.0,5.0,1.0,2.0,1.0,0.0,0.0
EPL_2010,01/01/11,38,23,1.0,2.0,2.0,17.0,5.0,8.0,3.0,4.0,5.0,1.0,3.0,0.0,0.0
EPL_2010,01/01/11,39,41,2.0,0.0,0.0,11.0,15.0,6.0,10.0,5.0,10.0,0.0,1.0,0.0,0.0
EPL_2010,02/01/11,11,1,3.0,3.0,1.0,15.0,16.0,10.0,10.0,9.0,6.0,2.0,7.0,0.0,0.0
EPL_2010,02/01/11,40,25,0.0,1.0,2.0,9.0,13.0,4.0,5.0,3.0,3.0,2.0,2.0,0.0,0.0
EPL_2010,04/01/11,4,2,1.0,2.0,2.0,19.0,11.0,13.0,7.0,3.0,7.0,0.0,1.0,0.0,0.0
EPL_2010,04/01/11,14,38,3.0,0.0,0.0,12.0,12.0,6.0,4.0,7.0,4.0,0.0,1.0,0.0,0.0
EPL_2010,04/01/11,23,33,2.0,1.0,0.0,18.0,5.0,7.0,1.0,6.0,1.0,0.0,0.0,0.0,0.0
EPL_2010,05/01/11,0,22,0.0,0.0,1.0,13.0,5.0,8.0,0.0,7.0,2.0,0.0,2.0,1.0,1.0
EPL_2010,05/01/11,1,34,0.0,1.0,2.0,8.0,11.0,2.0,5.0,5.0,9.0,3.0,3.0,1.0,1.0
EPL_2010,05/01/11,3,20,3.0,1.0,0.0,10.0,13.0,4.0,9.0,0.0,7.0,1.0,1.0,0.0,0.0
EPL_2010,05/01/11,5,40,1.0,1.0,1.0,14.0,10.0,7.0,7.0,8.0,4.0,0.0,4.0,0.0,0.0
EPL_2010,05/01/11,13,36,2.0,1.0,0.0,19.0,13.0,12.0,5.0,4.0,3.0,1.0,0.0,0.0,0.0
EPL_2010,05/01/11,25,39,5.0,0.0,0.0,11.0,13.0,7.0,6.0,4.0,3.0,0.0,4.0,0.0,0.0
EPL_2010,05/01/11,41,11,1.0,0.0,0.0,3.0,17.0,2.0,8.0,4.0,9.0,0.0,1.0,0.0,0.0
EPL_2010,12/01/11,4,20,2.0,1.0,0.0,13.0,10.0,9.0,6.0,3.0,3.0,1.0,3.0,0.0,0.0
EPL_2010,15/01/11,11,3,2.0,0.0,0.0,27.0,3.0,11.0,2.0,14.0,1.0,1.0,0.0,0.0,0.0
EPL_2010,15/01/11,22,41,4.0,3.0,0.0,15.0,10.0,12.0,7.0,11.0,8.0,0.0,0.0,0.0,0.0
EPL_2010,15/01/11,33,5,2.0,0.0,0.0,12.0,13.0,5.0,6.0,5.0,5.0,0.0,2.0,0.0,0.0
EPL_2010,15/01/11,38,4,3.0,2.0,0.0,18.0,9.0,11.0,2.0,4.0,4.0,1.0,2.0,0.0,0.0
EPL_2010,15/01/11,39,0,0.0,3.0,2.0,7.0,19.0,6.0,13.0,4.0,10.0,1.0,0.0,0.0,0.0
EPL_2010,15/01/11,40,14,1.0,1.0,1.0,8.0,14.0,5.0,5.0,3.0,11.0,4.0,2.0,0.0,0.0
EPL_2010,16/01/11,2,1,1.0,1.0,1.0,14.0,13.0,4.0,3.0,5.0,7.0,1.0,2.0,0.0,0.0
EPL_2010,16/01/11,20,13,2.0,2.0,1.0,19.0,10.0,14.0,5.0,10.0,6.0,3.0,0.0,0.0,0.0
EPL_2010,16/01/11,34,25,1.0,1.0,1.0,10.0,9.0,7.0,2.0,4.0,6.0,1.0,1.0,0.0,0.0
EPL_2010,16/01/11,36,23,0.0,0.0,1.0,16.0,7.0,6.0,4.0,8.0,2.0,2.0,4.0,0.0,1.0
EPL_2010,22/01/11,0,40,3.0,0.0,0.0,23.0,3.0,15.0,1.0,8.0,1.0,0.0,1.0,0.0,1.0
EPL_2010,22/01/11,1,22,1.0,0.0,0.0,10.0,24.0,8.0,14.0,2.0,13.0,1.0,1.0,0.0,0.0
EPL_2010,22/01/11,4,34,1.0,2.0,2.0,13.0,11.0,7.0,6.0,10.0,4.0,2.0,0.0,0.0,0.0
EPL_2010,22/01/11,13,39,2.0,2.0,1.0,11.0,13.0,6.0,5.0,12.0,2.0,1.0,2.0,0.0,1.0
EPL_2010,22/01/11,14,33,2.0,0.0,0.0,10.0,9.0,7.0,1.0,3.0,2.0,1.0,1.0,0.0,1.0
EPL_2010,22/01/11,23,2,5.0,0.0,0.0,23.0,6.0,9.0,1.0,10.0,3.0,0.0,0.0,0.0,0.0
EPL_2010,22/01/11,25,36,1.0,1.0,1.0,13.0,14.0,6.0,9.0,1.0,4.0,0.0,0.0,0.0,0.0
EPL_2010,22/01/11,41,20,0.0,3.0,2.0,11.0,15.0,4.0,10.0,5.0,4.0,0.0,3.0,0.0,0.0
EPL_2010,23/01/11,3,38,2.0,0.0,0.0,17.0,24.0,12.0,20.0,9.0,9.0,0.0,1.0,0.0,0.0
EPL_2010,24/01/11,5,11,0.0,4.0,2.0,11.0,14.0,8.0,11.0,4.0,3.0,0.0,0.0,0.0,0.0
EPL_2010,25/01/11,4,23,2.0,3.0,2.0,6.0,17.0,4.0,13.0,6.0,7.0,1.0,2.0,0.0,0.0
EPL_2010,25/01/11,40,1,1.0,2.0,2.0,19.0,11.0,8.0,10.0,7.0,4.0,2.0,3.0,0.0,0.0
EPL_2010,26/01/11,20,14,1.0,0.0,0.0,11.0,12.0,7.0,8.0,6.0,2.0,0.0,0.0,0.0,0.0
EPL_2010,01/02/11,0,13,2.0,1.0,0.0,19.0,4.0,10.0,4.0,5.0,7.0,3.0,5.0,0.0,0.0
EPL_2010,01/02/11,23,1,3.0,1.0,0.0,18.0,9.0,11.0,5.0,5.0,5.0,0.0,0.0,0.0,0.0
EPL_2010,01/02/11,34,11,2.0,4.0,2.0,4.0,21.0,3.0,14.0,0.0,6.0,1.0,2.0,0.0,0.0
EPL_2010,01/02/11,38,40,2.0,2.0,1.0,21.0,11.0,10.0,7.0,8.0,5.0,4.0,5.0,0.0,0.0
EPL_2010,02/02/11,2,22,2.0,2.0,1.0,14.0,12.0,7.0,9.0,6.0,4.0,0.0,2.0,0.0,0.0
EPL_2010,02/02/11,3,36,0.0,1.0,2.0,17.0,6.0,9.0,5.0,4.0,4.0,2.0,1.0,0.0,0.0
EPL_2010,02/02/11,4,39,1.0,3.0,2.0,13.0,12.0,8.0,10.0,10.0,7.0,0.0,1.0,0.0,0.0
EPL_2010,02/02/11,5,41,1.0,0.0,0.0,13.0,11.0,8.0,5.0,8.0,3.0,1.0,3.0,0.0,0.0
EPL_2010,02/02/11,14,25,1.0,0.0,0.0,11.0,4.0,9.0,3.0,4.0,7.0,0.0,3.0,0.0,0.0
EPL_2010,02/02/11,20,33,2.0,0.0,0.0,13.0,6.0,9.0,1.0,7.0,0.0,1.0,4.0,0.0,0.0
EPL_2010,05/02/11,1,14,2.0,2.0,1.0,10.0,13.0,5.0,9.0,3.0,6.0,3.0,2.0,0.0,0.0
EPL_2010,05/02/11,13,4,5.0,3.0,0.0,23.0,11.0,16.0,7.0,9.0,5.0,0.0,1.0,0.0,0.0
EPL_2010,05/02/11,22,38,3.0,0.0,0.0,13.0,17.0,9.0,9.0,8.0,8.0,1.0,2.0,0.0,0.0
EPL_2010,05/02/11,25,0,4.0,4.0,1.0,16.0,13.0,8.0,10.0,12.0,6.0,2.0,3.0,0.0,1.0
EPL_2010,05/02/11,33,34,3.0,2.0,0.0,18.0,11.0,9.0,7.0,12.0,4.0,1.0,3.0,0.0,0.0
EPL_2010,05/02/11,36,5,2.0,1.0,0.0,13.0,8.0,7.0,3.0,6.0,7.0,1.0,3.0,0.0,0.0
EPL_2010,05/02/11,40,3,4.0,3.0,0.0,11.0,9.0,7.0,5.0,4.0,9.0,1.0,2.0,0.0,0.0
EPL_2010,05/02/11,41,23,2.0,1.0,0.0,6.0,14.0,5.0,7.0,4.0,6.0,2.0,2.0,0.0,0.0
EPL_2010,06/02/11,11,20,0.0,1.0,2.0,14.0,7.0,4.0,4.0,4.0,3.0,1.0,1.0,0.0,0.0
EPL_2010,06/02/11,39,2,0.0,1.0,2.0,16.0,9.0,9.0,3.0,5.0,5.0,3.0,1.0,0.0,0.0
EPL_2010,12/02/11,0,41,2.0,0.0,0.0,17.0,2.0,8.0,0.0,3.0,6.0,0.0,1.0,0.0,0.0
EPL_2010,12/02/11,2,33,1.0,0.0,0.0,10.0,15.0,4.0,5.0,3.0,5.0,1.0,0.0,0.0,0.0
EPL_2010,12/02/11,3,25,0.0,0.0,1.0,4.0,12.0,0.0,6.0,2.0,11.0,1.0,3.0,0.0,0.0
EPL_2010,12/02/11,4,1,1.0,1.0,1.0,14.0,7.0,5.0,4.0,4.0,8.0,2.0,1.0,0.0,1.0
EPL_2010,12/02/11,20,40,1.0,1.0,1.0,13.0,8.0,5.0,2.0,8.0,5.0,1.0,3.0,0.0,0.0
EPL_2010,12/02/11,23,22,2.0,1.0,0.0,11.0,13.0,6.0,8.0,4.0,7.0,2.0,2.0,0.0,0.0
EPL_2010,12/02/11,34,36,1.0,2.0,2.0,16.0,11.0,10.0,5.0,2.0,3.0,2.0,4.0,0.0,0.0
EPL_2010,12/02/11,38,39,3.0,3.0,1.0,15.0,18.0,11.0,11.0,4.0,9.0,2.0,3.0,0.0,0.0
EPL_2010,13/02/11,5,13,2.0,0.0,0.0,11.0,9.0,5.0,4.0,4.0,4.0,1.0,0.0,0.0,0.0
EPL_2010,14/02/11,14,11,0.0,0.0,1.0,12.0,23.0,8.0,9.0,4.0,6.0,2.0,1.0,0.0,0.0
EPL_2010,15/02/11,2,25,0.0,2.0,2.0,11.0,10.0,5.0,7.0,4.0,6.0,1.0,3.0,0.0,0.0
EPL_2010,20/02/11,38,41,1.0,1.0,1.0,19.0,6.0,11.0,2.0,12.0,1.0,0.0,0.0,0.0,0.0
EPL_2010,22/02/11,4,36,3.0,1.0,0.0,8.0,25.0,4.0,10.0,1.0,7.0,2.0,0.0,0.0,0.0
EPL_2010,23/02/11,0,33,1.0,0.0,0.0,9.0,7.0,4.0,4.0,5.0,3.0,1.0,2.0,0.0,0.0
EPL_2010,26/02/11,1,3,4.0,1.0,0.0,17.0,5.0,10.0,2.0,10.0,2.0,0.0,3.0,0.0,1.0
EPL_2010,26/02/11,13,34,2.0,0.0,0.0,17.0,12.0,9.0,7.0,4.0,1.0,0.0,0.0,0.0,0.0
EPL_2010,26/02/11,25,5,1.0,1.0,1.0,13.0,17.0,6.0,10.0,3.0,6.0,0.0,2.0,1.0,0.0
EPL_2010,26/02/11,40,23,0.0,4.0,2.0,10.0,14.0,4.0,9.0,8.0,4.0,0.0,1.0,0.0,0.0
EPL_2010,26/02/11,41,4,4.0,0.0,0.0,15.0,2.0,11.0,1.0,11.0,4.0,1.0,1.0,0.0,1.0
EPL_2010,27/02/11,22,14,1.0,1.0,1.0,14.0,11.0,4.0,5.0,10.0,1.0,1.0,2.0,0.0,0.0
EPL_2010,27/02/11,39,20,3.0,1.0,0.0,17.0,12.0,11.0,8.0,6.0,8.0,0.0,1.0,0.0,0.0
EPL_2010,28/02/11,33,38,1.0,1.0,1.0,6.0,16.0,3.0,11.0,4.0,0.0,2.0,2.0,0.0,0.0
EPL_2010,01/03/11,11,23,2.0,1.0,0.0,17.0,12.0,11.0,7.0,10.0,2.0,3.0,2.0,0.0,1.0
EPL_2010,05/03/11,0,34,0.0,0.0,1.0,14.0,6.0,7.0,3.0,5.0,6.0,3.0,3.0,0.0,0.0
EPL_2010,05/03/11,2,38,1.0,3.0,2.0,9.0,9.0,4.0,5.0,7.0,3.0,3.0,1.0,0.0,0.0
EPL_2010,05/03/11,5,1,3.0,2.0,0.0,15.0,10.0,9.0,6.0,8.0,5.0,5.0,2.0,0.0,0.0
EPL_2010,05/03/11,14,3,3.0,2.0,0.0,15.0,12.0,11.0,9.0,9.0,7.0,2.0,3.0,0.0,0.0
EPL_2010,05/03/11,22,40,1.0,0.0,0.0,7.0,12.0,3.0,5.0,4.0,6.0,3.0,1.0,0.0,0.0
EPL_2010,05/03/11,25,13,1.0,2.0,2.0,10.0,13.0,8.0,8.0,5.0,4.0,2.0,4.0,0.0,0.0
EPL_2010,05/03/11,39,33,3.0,0.0,0.0,15.0,7.0,10.0,5.0,7.0,3.0,0.0,3.0,0.0,0.0
EPL_2010,06/03/11,20,23,3.0,1.0,0.0,17.0,12.0,10.0,7.0,6.0,4.0,2.0,3.0,0.0,0.0
EPL_2010,06/03/11,41,36,3.0,3.0,1.0,13.0,15.0,4.0,10.0,7.0,4.0,0.0,3.0,0.0,0.0
EPL_2010,07/03/11,4,11,1.0,3.0,2.0,14.0,18.0,5.0,11.0,3.0,13.0,0.0,0.0,0.0,0.0
EPL_2010,09/03/11,13,2,1.0,1.0,1.0,17.0,5.0,11.0,3.0,9.0,1.0,1.0,3.0,0.0,0.0
EPL_2010,19/03/11,1,41,0.0,1.0,2.0,11.0,8.0,5.0,5.0,8.0,3.0,1.0,3.0,0.0,0.0
EPL_2010,19/03/11,3,4,2.0,2.0,1.0,24.0,8.0,7.0,6.0,8.0,3.0,1.0,1.0,0.0,0.0
EPL_2010,19/03/11,13,14,2.0,1.0,0.0,16.0,12.0,12.0,6.0,7.0,5.0,2.0,0.0,0.0,0.0
EPL_2010,19/03/11,23,5,1.0,0.0,0.0,14.0,11.0,8.0,6.0,12.0,5.0,0.0,0.0,1.0,0.0
EPL_2010,19/03/11,33,25,4.0,0.0,0.0,8.0,14.0,6.0,9.0,3.0,7.0,1.0,1.0,0.0,0.0
EPL_2010,19/03/11,36,39,0.0,0.0,1.0,26.0,11.0,14.0,5.0,6.0,2.0,0.0,4.0,0.0,0.0
EPL_2010,19/03/11,38,0,2.0,2.0,1.0,4.0,18.0,3.0,11.0,2.0,7.0,1.0,3.0,0.0,0.0
EPL_2010,19/03/11,40,2,2.0,1.0,0.0,16.0,7.0,13.0,4.0,9.0,4.0,3.0,1.0,0.0,0.0
EPL_2010,20/03/11,11,22,2.0,0.0,0.0,16.0,5.0,11.0,2.0,5.0,1.0,2.0,5.0,0.0,0.0
EPL_2010,20/03/11,34,20,0.0,2.0,2.0,3.0,10.0,1.0,4.0,3.0,6.0,3.0,3.0,1.0,0.0
EPL_2010,02/04/11,0,3,0.0,0.0,1.0,19.0,7.0,11.0,2.0,11.0,4.0,1.0,2.0,0.0,1.0
EPL_2010,02/04/11,2,5,2.0,1.0,0.0,9.0,19.0,6.0,12.0,8.0,9.0,0.0,2.0,0.0,0.0
EPL_2010,02/04/11,13,1,2.0,2.0,1.0,14.0,7.0,7.0,5.0,5.0,7.0,3.0,2.0,0.0,0.0
EPL_2010,02/04/11,25,41,4.0,1.0,0.0,17.0,13.0,13.0,9.0,5.0,4.0,5.0,3.0,0.0,0.0
EPL_2010,02/04/11,33,11,1.0,1.0,1.0,13.0,20.0,6.0,10.0,5.0,12.0,1.0,2.0,0.0,0.0
EPL_2010,02/04/11,38,20,2.0,1.0,0.0,17.0,13.0,14.0,9.0,0.0,5.0,2.0,3.0,0.0,0.0
EPL_2010,02/04/11,39,23,2.0,4.0,2.0,6.0,18.0,2.0,9.0,0.0,16.0,1.0,2.0,0.0,0.0
EPL_2010,02/04/11,40,36,0.0,0.0,1.0,14.0,10.0,5.0,6.0,8.0,2.0,1.0,1.0,0.0,0.0
EPL_2010,03/04/11,14,4,3.0,0.0,0.0,13.0,10.0,11.0,6.0,4.0,7.0,2.0,1.0,0.0,0.0
EPL_2010,03/04/11,22,34,5.0,0.0,0.0,14.0,8.0,12.0,4.0,6.0,5.0,2.0,3.0,0.0,0.0
EPL_2010,09/04/11,3,2,1.0,1.0,1.0,15.0,6.0,5.0,5.0,8.0,2.0,2.0,3.0,0.0,0.0
EPL_2010,09/04/11,5,39,3.0,0.0,0.0,23.0,14.0,12.0,8.0,5.0,10.0,1.0,0.0,0.0,0.0
EPL_2010,09/04/11,11,40,1.0,0.0,0.0,21.0,11.0,13.0,7.0,10.0,5.0,1.0,2.0,0.0,0.0
EPL_2010,09/04/11,23,14,2.0,0.0,0.0,16.0,12.0,12.0,5.0,8.0,3.0,0.0,0.0,0.0,0.0
EPL_2010,09/04/11,34,38,2.0,3.0,2.0,7.0,12.0,4.0,8.0,5.0,2.0,3.0,1.0,0.0,0.0
EPL_2010,09/04/11,36,33,3.0,2.0,0.0,9.0,10.0,8.0,5.0,10.0,5.0,1.0,3.0,0.0,0.0
EPL_2010,09/04/11,41,13,0.0,3.0,2.0,11.0,9.0,7.0,6.0,13.0,6.0,0.0,1.0,0.0,0.0
EPL_2010,10/04/11,1,25,1.0,0.0,0.0,13.0,6.0,7.0,4.0,9.0,2.0,2.0,2.0,0.0,0.0
EPL_2010,10/04/11,4,0,1.0,3.0,2.0,12.0,16.0,6.0,7.0,6.0,4.0,2.0,2.0,0.0,0.0
EPL_2010,11/04/11,20,22,3.0,0.0,0.0,15.0,13.0,7.0,4.0,6.0,2.0,1.0,0.0,0.0,0.0
EPL_2010,16/04/11,2,34,2.0,0.0,0.0,10.0,15.0,4.0,7.0,4.0,9.0,0.0,0.0,0.0,0.0
EPL_2010,16/04/11,4,40,1.0,3.0,2.0,14.0,9.0,9.0,5.0,5.0,3.0,2.0,2.0,0.0,0.0
EPL_2010,16/04/11,13,3,2.0,0.0,0.0,17.0,4.0,7.0,2.0,10.0,1.0,2.0,3.0,0.0,0.0
EPL_2010,16/04/11,38,11,1.0,3.0,2.0,12.0,19.0,6.0,11.0,3.0,5.0,1.0,0.0,0.0,0.0
EPL_2010,16/04/11,39,1,1.0,2.0,2.0,12.0,21.0,7.0,11.0,5.0,11.0,0.0,0.0,0.0,0.0
EPL_2010,17/04/11,0,20,1.0,1.0,1.0,12.0,9.0,6.0,5.0,10.0,3.0,2.0,4.0,0.0,0.0
EPL_2010,19/04/11,25,23,0.0,0.0,1.0,12.0,18.0,5.0,8.0,6.0,7.0,2.0,2.0,0.0,0.0
EPL_2010,20/04/11,11,2,3.0,1.0,0.0,17.0,6.0,7.0,3.0,7.0,4.0,0.0,1.0,0.0,0.0
EPL_2010,20/04/11,36,0,3.0,3.0,1.0,16.0,13.0,9.0,9.0,7.0,6.0,0.0,3.0,0.0,0.0
EPL_2010,23/04/11,1,33,1.0,1.0,1.0,7.0,4.0,2.0,3.0,7.0,8.0,0.0,3.0,0.0,0.0
EPL_2010,23/04/11,4,25,1.0,1.0,1.0,18.0,9.0,7.0,6.0,4.0,4.0,1.0,1.0,0.0,0.0
EPL_2010,23/04/11,11,39,3.0,0.0,0.0,16.0,12.0,11.0,7.0,5.0,7.0,1.0,2.0,0.0,0.0
EPL_2010,23/04/11,20,2,5.0,0.0,0.0,17.0,10.0,13.0,6.0,5.0,2.0,1.0,0.0,0.0,0.0
EPL_2010,23/04/11,23,13,1.0,0.0,0.0,21.0,5.0,12.0,3.0,13.0,1.0,1.0,2.0,0.0,0.0
EPL_2010,23/04/11,34,40,4.0,2.0,0.0,11.0,11.0,7.0,7.0,7.0,3.0,1.0,2.0,0.0,0.0
EPL_2010,23/04/11,36,38,2.0,2.0,1.0,19.0,10.0,9.0,4.0,11.0,1.0,1.0,1.0,0.0,0.0
EPL_2010,23/04/11,41,14,1.0,1.0,1.0,12.0,15.0,3.0,5.0,3.0,5.0,2.0,2.0,0.0,0.0
EPL_2010,24/04/11,5,0,2.0,1.0,0.0,11.0,17.0,10.0,7.0,3.0,9.0,3.0,3.0,0.0,0.0
EPL_2010,25/04/11,3,22,0.0,1.0,2.0,12.0,10.0,6.0,5.0,4.0,6.0,2.0,3.0,0.0,0.0
EPL_2010,26/04/11,33,41,3.0,0.0,0.0,17.0,5.0,8.0,1.0,7.0,11.0,3.0,2.0,0.0,0.0
EPL_2010,27/04/11,14,5,3.0,0.0,0.0,18.0,14.0,7.0,6.0,10.0,7.0,1.0,1.0,0.0,0.0
EPL_2010,30/04/11,3,5,1.0,0.0,0.0,17.0,11.0,8.0,3.0,3.0,10.0,2.0,1.0,0.0,0.0
EPL_2010,30/04/11,4,33,0.0,0.0,1.0,11.0,9.0,6.0,6.0,4.0,8.0,0.0,0.0,0.0,0.0
EPL_2010,30/04/11,11,36,2.0,1.0,0.0,16.0,12.0,10.0,7.0,6.0,5.0,3.0,1.0,0.0,0.0
EPL_2010,30/04/11,34,14,0.0,3.0,2.0,11.0,9.0,7.0,6.0,5.0,4.0,1.0,0.0,0.0,0.0
EPL_2010,30/04/11,38,1,2.0,1.0,0.0,8.0,11.0,4.0,6.0,3.0,7.0,3.0,1.0,1.0,0.0
EPL_2010,30/04/11,40,13,1.0,1.0,1.0,13.0,3.0,9.0,3.0,3.0,8.0,2.0,2.0,0.0,0.0
EPL_2010,01/05/11,0,23,1.0,0.0,0.0,9.0,11.0,2.0,7.0,3.0,6.0,2.0,3.0,0.0,0.0
EPL_2010,01/05/11,2,41,1.0,1.0,1.0,8.0,7.0,1.0,2.0,0.0,2.0,3.0,3.0,1.0,0.0
EPL_2010,01/05/11,20,25,3.0,0.0,0.0,9.0,7.0,5.0,3.0,3.0,12.0,1.0,2.0,0.0,0.0
EPL_2010,01/05/11,22,39,2.0,1.0,0.0,19.0,7.0,12.0,4.0,8.0,5.0,3.0,1.0,0.0,0.0
EPL_2010,07/05/11,1,40,1.0,1.0,1.0,10.0,7.0,7.0,4.0,2.0,5.0,2.0,0.0,0.0,0.0
EPL_2010,07/05/11,5,34,1.0,2.0,2.0,17.0,10.0,9.0,6.0,5.0,5.0,1.0,0.0,0.0,0.0
EPL_2010,07/05/11,13,22,2.0,1.0,0.0,10.0,12.0,6.0,7.0,11.0,6.0,4.0,2.0,0.0,0.0
EPL_2010,07/05/11,25,2,2.0,1.0,0.0,19.0,5.0,14.0,2.0,8.0,2.0,1.0,4.0,0.0,1.0
EPL_2010,07/05/11,36,4,1.0,1.0,1.0,20.0,13.0,11.0,7.0,7.0,6.0,3.0,2.0,0.0,0.0
EPL_2010,07/05/11,39,3,1.0,1.0,1.0,24.0,8.0,15.0,4.0,7.0,3.0,3.0,0.0,0.0,0.0
EPL_2010,08/05/11,23,11,2.0,1.0,0.0,13.0,19.0,8.0,11.0,7.0,2.0,2.0,4.0,0.0,0.0
EPL_2010,08/05/11,33,0,3.0,1.0,0.0,12.0,14.0,7.0,5.0,2.0,5.0,1.0,2.0,0.0,0.0
EPL_2010,08/05/11,41,38,3.0,1.0,0.0,14.0,14.0,10.0,6.0,8.0,4.0,3.0,1.0,0.0,0.0
EPL_2010,09/05/11,14,20,2.0,5.0,2.0,10.0,16.0,7.0,11.0,6.0,5.0,5.0,2.0,0.0,0.0
EPL_2010,10/05/11,22,36,1.0,0.0,0.0,7.0,14.0,4.0,7.0,2.0,8.0,1.0,1.0,0.0,0.0
EPL_2010,14/05/11,3,23,1.0,1.0,1.0,6.0,9.0,2.0,4.0,2.0,6.0,3.0,0.0,0.0,0.0
EPL_2010,14/05/11,4,5,4.0,3.0,0.0,12.0,17.0,8.0,9.0,5.0,6.0,2.0,4.0,0.0,0.0
EPL_2010,14/05/11,34,41,1.0,3.0,2.0,14.0,10.0,9.0,6.0,5.0,5.0,0.0,0.0,0.0,0.0
EPL_2010,14/05/11,38,13,1.0,0.0,0.0,14.0,23.0,9.0,10.0,2.0,12.0,2.0,2.0,0.0,1.0
EPL_2010,15/05/11,0,1,1.0,2.0,2.0,24.0,8.0,15.0,5.0,13.0,2.0,1.0,4.0,0.0,0.0
EPL_2010,15/05/11,2,14,0.0,2.0,2.0,7.0,18.0,2.0,9.0,5.0,5.0,0.0,5.0,0.0,0.0
EPL_2010,15/05/11,11,25,2.0,2.0,1.0,15.0,13.0,7.0,9.0,7.0,4.0,4.0,2.0,0.0,0.0
EPL_2010,15/05/11,20,36,0.0,2.0,2.0,10.0,8.0,2.0,4.0,11.0,5.0,2.0,1.0,0.0,0.0
EPL_2010,15/05/11,40,39,3.0,2.0,0.0,19.0,13.0,10.0,10.0,10.0,6.0,1.0,1.0,0.0,0.0
EPL_2010,17/05/11,22,33,3.0,0.0,0.0,16.0,4.0,9.0,2.0,4.0,3.0,0.0,3.0,0.0,0.0
EPL_2010,22/05/11,1,20,1.0,0.0,0.0,10.0,9.0,8.0,4.0,4.0,5.0,2.0,2.0,0.0,0.0
EPL_2010,22/05/11,5,22,0.0,2.0,2.0,16.0,16.0,8.0,10.0,6.0,5.0,1.0,1.0,1.0,0.0
EPL_2010,22/05/11,13,11,1.0,0.0,0.0,11.0,19.0,3.0,9.0,6.0,5.0,3.0,2.0,1.0,0.0
EPL_2010,22/05/11,14,0,2.0,2.0,1.0,10.0,12.0,6.0,6.0,5.0,3.0,2.0,1.0,1.0,0.0
EPL_2010,22/05/11,23,4,4.0,2.0,0.0,18.0,14.0,11.0,7.0,8.0,8.0,2.0,1.0,0.0,0.0
EPL_2010,22/05/11,25,38,3.0,3.0,1.0,15.0,13.0,10.0,7.0,7.0,6.0,0.0,0.0,0.0,0.0
EPL_2010,22/05/11,33,40,0.0,1.0,2.0,11.0,11.0,5.0,9.0,5.0,3.0,1.0,4.0,0.0,0.0
EPL_2010,22/05/11,36,2,2.0,1.0,0.0,22.0,7.0,16.0,3.0,7.0,5.0,0.0,3.0,0.0,0.0
EPL_2010,22/05/11,39,34,0.0,3.0,2.0,17.0,17.0,12.0,12.0,4.0,6.0,0.0,2.0,0.0,0.0
EPL_2010,22/05/11,41,3,2.0,3.0,2.0,12.0,13.0,5.0,10.0,8.0,3.0,3.0,1.0,0.0,0.0
EPL_2011,13/08/11,3,41,1.0,2.0,2.0,16.0,13.0,8.0,4.0,12.0,6.0,4.0,2.0,0.0,0.0
EPL_2011,13/08/11,14,1,0.0,0.0,1.0,13.0,7.0,9.0,1.0,2.0,3.0,2.0,4.0,0.0,0.0
EPL_2011,13/08/11,20,34,1.0,1.0,1.0,11.0,15.0,4.0,6.0,6.0,3.0,4.0,4.0,0.0,0.0
EPL_2011,13/08/11,25,0,0.0,0.0,1.0,6.0,9.0,1.0,4.0,2.0,5.0,3.0,5.0,0.0,1.0
EPL_2011,13/08/11,29,5,0.0,4.0,2.0,13.0,13.0,7.0,7.0,3.0,2.0,1.0,2.0,1.0,0.0
EPL_2011,13/08/11,40,26,1.0,1.0,1.0,18.0,13.0,11.0,3.0,7.0,3.0,2.0,2.0,0.0,0.0
EPL_2011,14/08/11,33,11,0.0,0.0,1.0,6.0,20.0,3.0,11.0,4.0,6.0,2.0,2.0,0.0,0.0
EPL_2011,14/08/11,38,23,1.0,2.0,2.0,14.0,11.0,8.0,5.0,6.0,5.0,3.0,2.0,0.0,0.0
EPL_2011,15/08/11,22,35,4.0,0.0,0.0,26.0,8.0,19.0,5.0,7.0,4.0,0.0,0.0,0.0,0.0
EPL_2011,20/08/11,0,20,0.0,2.0,2.0,10.0,13.0,6.0,8.0,9.0,5.0,2.0,2.0,1.0,0.0
EPL_2011,20/08/11,1,3,3.0,1.0,0.0,9.0,10.0,6.0,6.0,5.0,4.0,3.0,0.0,0.0,0.0
EPL_2011,20/08/11,11,38,2.0,1.0,0.0,22.0,6.0,12.0,4.0,7.0,4.0,2.0,4.0,0.0,0.0
EPL_2011,20/08/11,13,29,0.0,1.0,2.0,14.0,4.0,7.0,3.0,2.0,1.0,1.0,1.0,0.0,0.0
EPL_2011,20/08/11,34,25,0.0,1.0,2.0,15.0,12.0,5.0,10.0,7.0,6.0,3.0,3.0,1.0,0.0
EPL_2011,20/08/11,35,40,0.0,0.0,1.0,12.0,10.0,6.0,4.0,7.0,7.0,0.0,3.0,0.0,0.0
EPL_2011,21/08/11,5,22,2.0,3.0,2.0,6.0,17.0,4.0,9.0,7.0,8.0,2.0,0.0,0.0,0.0
EPL_2011,21/08/11,26,33,1.0,1.0,1.0,9.0,15.0,7.0,5.0,3.0,6.0,0.0,2.0,1.0,0.0
EPL_2011,21/08/11,41,14,2.0,0.0,0.0,17.0,8.0,7.0,4.0,7.0,8.0,2.0,2.0,0.0,0.0
EPL_2011,22/08/11,23,36,3.0,0.0,0.0,27.0,20.0,21.0,12.0,11.0,3.0,1.0,2.0,0.0,0.0
EPL_2011,27/08/11,1,41,0.0,0.0,1.0,15.0,3.0,5.0,2.0,11.0,8.0,1.0,3.0,0.0,0.0
EPL_2011,27/08/11,3,13,0.0,1.0,2.0,14.0,9.0,6.0,4.0,5.0,4.0,5.0,2.0,0.0,0.0
EPL_2011,27/08/11,11,26,3.0,1.0,0.0,16.0,9.0,8.0,6.0,8.0,6.0,2.0,2.0,0.0,1.0
EPL_2011,27/08/11,20,5,3.0,1.0,0.0,17.0,7.0,9.0,4.0,12.0,6.0,0.0,2.0,0.0,0.0
EPL_2011,27/08/11,35,34,0.0,0.0,1.0,15.0,12.0,6.0,8.0,7.0,4.0,1.0,1.0,0.0,0.0
EPL_2011,27/08/11,40,29,2.0,0.0,0.0,13.0,19.0,10.0,9.0,8.0,7.0,2.0,0.0,0.0,0.0
EPL_2011,28/08/11,23,0,8.0,2.0,0.0,25.0,19.0,15.0,13.0,3.0,5.0,2.0,3.0,0.0,1.0
EPL_2011,28/08/11,25,14,2.0,1.0,0.0,13.0,16.0,9.0,9.0,6.0,6.0,2.0,1.0,0.0,0.0
EPL_2011,28/08/11,36,22,1.0,5.0,2.0,15.0,22.0,10.0,12.0,10.0,5.0,2.0,4.0,0.0,0.0
EPL_2011,28/08/11,38,33,0.0,1.0,2.0,16.0,7.0,7.0,1.0,5.0,1.0,0.0,0.0,0.0,0.0
EPL_2011,10/09/11,0,35,1.0,0.0,0.0,18.0,10.0,8.0,5.0,4.0,5.0,3.0,2.0,0.0,0.0
EPL_2011,10/09/11,5,23,0.0,5.0,2.0,20.0,13.0,13.0,9.0,5.0,7.0,2.0,0.0,0.0,0.0
EPL_2011,10/09/11,13,1,2.0,2.0,1.0,17.0,7.0,10.0,3.0,8.0,0.0,1.0,1.0,0.0,0.0
EPL_2011,10/09/11,22,40,3.0,0.0,0.0,23.0,9.0,10.0,5.0,8.0,3.0,0.0,0.0,0.0,0.0
EPL_2011,10/09/11,33,20,1.0,0.0,0.0,3.0,20.0,1.0,11.0,2.0,12.0,0.0,1.0,0.0,0.0
EPL_2011,10/09/11,34,11,1.0,2.0,2.0,14.0,16.0,7.0,8.0,4.0,7.0,1.0,1.0,0.0,0.0
EPL_2011,10/09/11,41,36,0.0,2.0,2.0,10.0,17.0,6.0,11.0,4.0,10.0,3.0,2.0,0.0,0.0
EPL_2011,11/09/11,14,3,1.0,1.0,1.0,13.0,10.0,8.0,5.0,11.0,2.0,3.0,1.0,0.0,0.0
EPL_2011,11/09/11,26,38,0.0,1.0,2.0,17.0,14.0,5.0,9.0,1.0,3.0,1.0,2.0,0.0,0.0
EPL_2011,12/09/11,29,25,0.0,0.0,1.0,14.0,8.0,5.0,3.0,6.0,4.0,1.0,3.0,0.0,0.0
EPL_2011,17/09/11,1,25,1.0,1.0,1.0,10.0,21.0,2.0,13.0,4.0,9.0,1.0,1.0,0.0,0.0
EPL_2011,17/09/11,3,0,4.0,3.0,0.0,10.0,24.0,5.0,16.0,2.0,13.0,2.0,1.0,0.0,0.0
EPL_2011,17/09/11,5,26,1.0,2.0,2.0,7.0,11.0,7.0,5.0,6.0,9.0,3.0,1.0,1.0,0.0
EPL_2011,17/09/11,13,40,3.0,1.0,0.0,17.0,9.0,10.0,4.0,4.0,9.0,2.0,1.0,0.0,0.0
EPL_2011,17/09/11,35,38,3.0,0.0,0.0,7.0,13.0,5.0,8.0,2.0,8.0,1.0,2.0,0.0,0.0
EPL_2011,17/09/11,41,29,0.0,3.0,2.0,13.0,17.0,6.0,12.0,4.0,8.0,2.0,3.0,0.0,0.0
EPL_2011,18/09/11,14,22,2.0,2.0,1.0,14.0,18.0,11.0,11.0,6.0,9.0,1.0,1.0,0.0,0.0
EPL_2011,18/09/11,23,11,3.0,1.0,0.0,12.0,20.0,7.0,9.0,4.0,10.0,2.0,3.0,0.0,0.0
EPL_2011,18/09/11,34,33,4.0,0.0,0.0,8.0,9.0,7.0,5.0,6.0,5.0,1.0,2.0,0.0,0.0
EPL_2011,18/09/11,36,20,4.0,0.0,0.0,24.0,5.0,16.0,2.0,4.0,1.0,1.0,4.0,0.0,2.0
EPL_2011,24/09/11,0,5,3.0,0.0,0.0,23.0,3.0,14.0,3.0,9.0,2.0,0.0,1.0,0.0,1.0
EPL_2011,24/09/11,11,35,4.0,1.0,0.0,15.0,5.0,7.0,4.0,1.0,6.0,3.0,3.0,1.0,0.0
EPL_2011,24/09/11,20,41,2.0,1.0,0.0,14.0,11.0,6.0,6.0,7.0,2.0,3.0,4.0,0.0,0.0
EPL_2011,24/09/11,22,13,2.0,0.0,0.0,18.0,7.0,8.0,3.0,7.0,5.0,1.0,5.0,0.0,0.0
EPL_2011,24/09/11,25,3,3.0,1.0,0.0,19.0,4.0,8.0,1.0,4.0,2.0,0.0,4.0,0.0,1.0
EPL_2011,24/09/11,33,23,1.0,1.0,1.0,14.0,13.0,8.0,9.0,8.0,8.0,1.0,0.0,0.0,0.0
EPL_2011,24/09/11,38,14,0.0,0.0,1.0,8.0,18.0,5.0,9.0,1.0,1.0,0.0,3.0,0.0,0.0
EPL_2011,24/09/11,40,36,1.0,2.0,2.0,5.0,14.0,4.0,7.0,1.0,9.0,3.0,1.0,1.0,0.0
EPL_2011,25/09/11,29,1,1.0,1.0,1.0,17.0,8.0,9.0,4.0,11.0,8.0,1.0,6.0,1.0,0.0
EPL_2011,26/09/11,26,34,2.0,1.0,0.0,11.0,12.0,8.0,6.0,7.0,4.0,2.0,1.0,0.0,0.0
EPL_2011,01/10/11,1,40,2.0,0.0,0.0,16.0,14.0,10.0,9.0,5.0,10.0,0.0,1.0,0.0,0.0
EPL_2011,01/10/11,3,22,0.0,4.0,2.0,5.0,19.0,4.0,12.0,4.0,5.0,1.0,1.0,0.0,0.0
EPL_2011,01/10/11,13,20,0.0,2.0,2.0,12.0,15.0,4.0,9.0,5.0,9.0,1.0,1.0,1.0,0.0
EPL_2011,01/10/11,23,26,2.0,0.0,0.0,17.0,13.0,9.0,6.0,10.0,3.0,1.0,0.0,0.0,0.0
EPL_2011,01/10/11,34,38,2.0,2.0,1.0,12.0,7.0,7.0,3.0,7.0,4.0,2.0,0.0,0.0,0.0
EPL_2011,01/10/11,41,25,1.0,2.0,2.0,25.0,10.0,12.0,6.0,10.0,5.0,1.0,2.0,0.0,0.0
EPL_2011,02/10/11,5,11,1.0,5.0,2.0,14.0,21.0,10.0,14.0,4.0,5.0,1.0,2.0,0.0,0.0
EPL_2011,02/10/11,14,29,6.0,0.0,0.0,19.0,17.0,13.0,10.0,4.0,4.0,2.0,3.0,0.0,0.0
EPL_2011,02/10/11,35,33,2.0,0.0,0.0,9.0,11.0,5.0,6.0,6.0,5.0,3.0,5.0,0.0,0.0
EPL_2011,02/10/11,36,0,2.0,1.0,0.0,16.0,13.0,8.0,7.0,9.0,7.0,2.0,1.0,0.0,0.0
EPL_2011,15/10/11,11,13,3.0,1.0,0.0,7.0,9.0,5.0,5.0,2.0,2.0,2.0,2.0,0.0,0.0
EPL_2011,15/10/11,20,23,1.0,1.0,1.0,14.0,10.0,8.0,3.0,8.0,3.0,1.0,3.0,0.0,0.0
EPL_2011,15/10/11,22,1,4.0,1.0,0.0,15.0,8.0,10.0,6.0,5.0,1.0,1.0,1.0,0.0,0.0
EPL_2011,15/10/11,26,35,3.0,1.0,0.0,15.0,12.0,8.0,4.0,4.0,4.0,0.0,1.0,0.0,0.0
EPL_2011,15/10/11,29,3,1.0,1.0,1.0,12.0,10.0,6.0,9.0,5.0,7.0,3.0,2.0,0.0,0.0
EPL_2011,15/10/11,33,14,2.0,0.0,0.0,14.0,4.0,6.0,1.0,5.0,2.0,4.0,4.0,0.0,0.0
EPL_2011,15/10/11,40,5,1.0,3.0,2.0,13.0,14.0,9.0,11.0,5.0,4.0,4.0,4.0,0.0,0.0
EPL_2011,16/10/11,0,34,2.0,1.0,0.0,20.0,8.0,11.0,4.0,9.0,2.0,3.0,3.0,0.0,0.0
EPL_2011,16/10/11,25,36,2.0,2.0,1.0,12.0,11.0,7.0,8.0,5.0,2.0,1.0,2.0,0.0,0.0
EPL_2011,16/10/11,38,41,2.0,0.0,0.0,17.0,13.0,11.0,10.0,2.0,11.0,0.0,1.0,0.0,0.0
EPL_2011,22/10/11,1,38,1.0,2.0,2.0,3.0,8.0,0.0,5.0,3.0,8.0,2.0,3.0,1.0,0.0
EPL_2011,22/10/11,5,34,0.0,2.0,2.0,15.0,18.0,8.0,10.0,2.0,11.0,0.0,3.0,0.0,0.0
EPL_2011,22/10/11,20,26,1.0,1.0,1.0,25.0,12.0,15.0,10.0,10.0,3.0,0.0,1.0,0.0,0.0
EPL_2011,22/10/11,25,40,1.0,0.0,0.0,13.0,12.0,10.0,5.0,7.0,3.0,3.0,2.0,0.0,0.0
EPL_2011,22/10/11,41,35,2.0,2.0,1.0,20.0,16.0,13.0,14.0,8.0,13.0,2.0,0.0,0.0,0.0
EPL_2011,23/10/11,0,33,3.0,1.0,0.0,9.0,5.0,5.0,2.0,10.0,1.0,0.0,2.0,0.0,0.0
EPL_2011,23/10/11,3,36,1.0,2.0,2.0,19.0,9.0,8.0,7.0,8.0,5.0,4.0,1.0,0.0,0.0
EPL_2011,23/10/11,14,13,1.0,3.0,2.0,15.0,11.0,8.0,7.0,5.0,1.0,3.0,1.0,0.0,0.0
EPL_2011,23/10/11,23,22,1.0,6.0,2.0,12.0,19.0,8.0,12.0,7.0,4.0,4.0,4.0,1.0,0.0
EPL_2011,23/10/11,29,11,1.0,0.0,0.0,8.0,14.0,3.0,7.0,0.0,6.0,2.0,7.0,0.0,2.0
EPL_2011,29/10/11,11,0,3.0,5.0,2.0,12.0,13.0,10.0,8.0,3.0,2.0,2.0,3.0,0.0,0.0
EPL_2011,29/10/11,13,23,0.0,1.0,2.0,18.0,7.0,11.0,6.0,4.0,1.0,3.0,0.0,0.0,0.0
EPL_2011,29/10/11,22,41,3.0,1.0,0.0,18.0,9.0,9.0,2.0,5.0,4.0,2.0,1.0,1.0,0.0
EPL_2011,29/10/11,26,3,3.0,3.0,1.0,13.0,12.0,6.0,7.0,6.0,2.0,2.0,1.0,0.0,0.0
EPL_2011,29/10/11,34,1,2.0,2.0,1.0,13.0,10.0,8.0,5.0,5.0,6.0,1.0,3.0,0.0,0.0
EPL_2011,29/10/11,35,5,3.0,1.0,0.0,20.0,8.0,12.0,3.0,10.0,2.0,3.0,4.0,0.0,1.0
EPL_2011,29/10/11,38,20,0.0,2.0,2.0,10.0,17.0,6.0,7.0,3.0,10.0,1.0,0.0,0.0,0.0
EPL_2011,29/10/11,40,14,0.0,2.0,2.0,18.0,7.0,9.0,5.0,9.0,0.0,2.0,5.0,0.0,0.0
EPL_2011,30/10/11,36,29,3.0,1.0,0.0,22.0,12.0,13.0,8.0,4.0,8.0,0.0,0.0,0.0,0.0
EPL_2011,31/10/11,33,25,1.0,3.0,2.0,10.0,6.0,4.0,2.0,8.0,2.0,0.0,1.0,0.0,0.0
EPL_2011,05/11/11,0,38,3.0,0.0,0.0,12.0,9.0,7.0,4.0,4.0,1.0,0.0,0.0,0.0,0.0
EPL_2011,05/11/11,1,26,3.0,2.0,0.0,12.0,9.0,6.0,7.0,6.0,6.0,1.0,5.0,0.0,0.0
EPL_2011,05/11/11,3,11,0.0,1.0,2.0,13.0,12.0,8.0,8.0,5.0,8.0,4.0,2.0,0.0,0.0
EPL_2011,05/11/11,20,35,0.0,0.0,1.0,18.0,9.0,10.0,3.0,11.0,4.0,2.0,1.0,0.0,0.0
EPL_2011,05/11/11,23,34,1.0,0.0,0.0,15.0,9.0,9.0,3.0,6.0,2.0,0.0,2.0,0.0,0.0
EPL_2011,05/11/11,25,13,2.0,1.0,0.0,10.0,14.0,6.0,6.0,5.0,3.0,2.0,3.0,0.0,0.0
EPL_2011,05/11/11,29,22,2.0,3.0,2.0,18.0,16.0,9.0,8.0,3.0,1.0,1.0,1.0,0.0,0.0
EPL_2011,06/11/11,5,33,5.0,0.0,0.0,20.0,9.0,16.0,6.0,12.0,4.0,0.0,1.0,0.0,0.0
EPL_2011,06/11/11,14,36,1.0,3.0,2.0,26.0,8.0,20.0,8.0,11.0,1.0,0.0,1.0,0.0,0.0
EPL_2011,06/11/11,41,40,3.0,1.0,0.0,13.0,13.0,12.0,7.0,5.0,6.0,2.0,1.0,0.0,0.0
EPL_2011,19/11/11,13,41,2.0,1.0,0.0,13.0,4.0,9.0,1.0,9.0,1.0,1.0,2.0,0.0,0.0
EPL_2011,19/11/11,22,25,3.0,1.0,0.0,12.0,10.0,9.0,7.0,4.0,5.0,0.0,0.0,0.0,0.0
EPL_2011,19/11/11,26,0,1.0,2.0,2.0,7.0,20.0,4.0,14.0,1.0,6.0,3.0,0.0,0.0,0.0
EPL_2011,19/11/11,33,29,2.0,3.0,2.0,17.0,9.0,7.0,8.0,9.0,5.0,4.0,2.0,0.0,0.0
EPL_2011,19/11/11,34,14,0.0,0.0,1.0,13.0,13.0,8.0,9.0,6.0,7.0,1.0,1.0,0.0,0.0
EPL_2011,19/11/11,35,23,0.0,1.0,2.0,9.0,13.0,6.0,7.0,6.0,2.0,0.0,1.0,0.0,0.0
EPL_2011,19/11/11,38,5,2.0,1.0,0.0,16.0,8.0,9.0,6.0,7.0,5.0,1.0,0.0,0.0,0.0
EPL_2011,19/11/11,40,3,3.0,3.0,1.0,21.0,6.0,11.0,2.0,7.0,3.0,2.0,3.0,0.0,1.0
EPL_2011,20/11/11,11,20,1.0,2.0,2.0,18.0,9.0,5.0,3.0,6.0,5.0,3.0,2.0,0.0,0.0
EPL_2011,21/11/11,36,1,2.0,0.0,0.0,20.0,5.0,9.0,1.0,11.0,3.0,0.0,2.0,0.0,0.0
EPL_2011,26/11/11,0,14,1.0,1.0,1.0,20.0,10.0,12.0,6.0,13.0,4.0,1.0,3.0,0.0,0.0
EPL_2011,26/11/11,5,13,0.0,2.0,2.0,8.0,17.0,7.0,14.0,2.0,4.0,1.0,1.0,1.0,0.0
EPL_2011,26/11/11,11,41,3.0,0.0,0.0,17.0,7.0,11.0,2.0,9.0,2.0,1.0,2.0,0.0,0.0
EPL_2011,26/11/11,23,25,1.0,1.0,1.0,23.0,8.0,13.0,6.0,11.0,3.0,1.0,4.0,0.0,1.0
EPL_2011,26/11/11,26,29,2.0,1.0,0.0,15.0,13.0,8.0,4.0,6.0,4.0,1.0,0.0,0.0,0.0
EPL_2011,26/11/11,33,3,3.0,1.0,0.0,8.0,16.0,5.0,12.0,2.0,6.0,0.0,0.0,0.0,0.0
EPL_2011,26/11/11,34,40,1.0,2.0,2.0,17.0,7.0,11.0,4.0,3.0,2.0,3.0,1.0,0.0,0.0
EPL_2011,26/11/11,38,36,1.0,3.0,2.0,9.0,23.0,5.0,14.0,1.0,10.0,2.0,1.0,0.0,0.0
EPL_2011,27/11/11,20,22,1.0,1.0,1.0,17.0,7.0,9.0,3.0,8.0,5.0,1.0,4.0,0.0,1.0
EPL_2011,27/11/11,35,1,0.0,0.0,1.0,6.0,9.0,2.0,4.0,4.0,6.0,3.0,4.0,0.0,0.0
EPL_2011,03/12/11,1,23,0.0,1.0,2.0,7.0,11.0,3.0,5.0,5.0,5.0,0.0,0.0,0.0,0.0
EPL_2011,03/12/11,3,35,4.0,2.0,0.0,14.0,10.0,9.0,5.0,3.0,4.0,1.0,1.0,0.0,1.0
EPL_2011,03/12/11,22,26,5.0,1.0,0.0,21.0,5.0,16.0,2.0,12.0,4.0,0.0,1.0,0.0,0.0
EPL_2011,03/12/11,25,11,0.0,3.0,2.0,16.0,21.0,9.0,13.0,6.0,5.0,2.0,3.0,0.0,0.0
EPL_2011,03/12/11,29,38,1.0,1.0,1.0,14.0,15.0,4.0,10.0,3.0,5.0,0.0,3.0,0.0,0.0
EPL_2011,03/12/11,36,5,3.0,0.0,0.0,25.0,13.0,16.0,9.0,7.0,6.0,0.0,2.0,0.0,1.0
EPL_2011,03/12/11,40,0,0.0,4.0,2.0,7.0,16.0,4.0,10.0,4.0,5.0,3.0,2.0,0.0,0.0
EPL_2011,04/12/11,13,33,0.0,1.0,2.0,11.0,7.0,4.0,4.0,10.0,6.0,0.0,1.0,0.0,0.0
EPL_2011,04/12/11,41,34,2.0,1.0,0.0,15.0,18.0,10.0,12.0,8.0,3.0,2.0,3.0,0.0,0.0
EPL_2011,05/12/11,14,20,1.0,0.0,0.0,19.0,17.0,13.0,9.0,2.0,10.0,3.0,1.0,0.0,1.0
EPL_2011,10/12/11,0,13,1.0,0.0,0.0,12.0,7.0,7.0,1.0,7.0,4.0,2.0,2.0,0.0,0.0
EPL_2011,10/12/11,5,1,1.0,2.0,2.0,17.0,17.0,12.0,11.0,6.0,10.0,1.0,2.0,0.0,0.0
EPL_2011,10/12/11,20,29,1.0,0.0,0.0,21.0,6.0,15.0,2.0,17.0,5.0,2.0,0.0,0.0,0.0
EPL_2011,10/12/11,23,41,4.0,1.0,0.0,22.0,11.0,18.0,8.0,8.0,2.0,1.0,0.0,0.0,0.0
EPL_2011,10/12/11,26,25,4.0,2.0,0.0,13.0,11.0,11.0,8.0,7.0,2.0,3.0,2.0,0.0,1.0
EPL_2011,10/12/11,35,14,2.0,0.0,0.0,16.0,12.0,8.0,7.0,6.0,5.0,1.0,1.0,0.0,0.0
EPL_2011,10/12/11,38,40,1.0,2.0,2.0,13.0,7.0,8.0,4.0,13.0,2.0,1.0,1.0,0.0,0.0
EPL_2011,11/12/11,33,36,2.0,1.0,0.0,10.0,15.0,7.0,12.0,7.0,12.0,2.0,2.0,0.0,1.0
EPL_2011,11/12/11,34,3,2.0,1.0,0.0,22.0,3.0,12.0,2.0,9.0,0.0,2.0,2.0,0.0,0.0
EPL_2011,12/12/11,11,22,2.0,1.0,0.0,13.0,7.0,7.0,4.0,5.0,1.0,4.0,2.0,0.0,1.0
EPL_2011,17/12/11,3,38,1.0,2.0,2.0,17.0,13.0,14.0,6.0,3.0,7.0,1.0,1.0,0.0,0.0
EPL_2011,17/12/11,13,26,1.0,1.0,1.0,28.0,7.0,15.0,1.0,13.0,0.0,1.0,1.0,0.0,0.0
EPL_2011,17/12/11,14,5,2.0,0.0,0.0,16.0,14.0,9.0,6.0,8.0,4.0,1.0,3.0,0.0,0.0
EPL_2011,17/12/11,25,35,0.0,0.0,1.0,17.0,3.0,6.0,0.0,9.0,1.0,1.0,1.0,0.0,0.0
EPL_2011,17/12/11,40,11,1.0,1.0,1.0,15.0,10.0,7.0,5.0,7.0,5.0,0.0,0.0,0.0,0.0
EPL_2011,17/12/11,41,33,1.0,2.0,2.0,10.0,8.0,5.0,4.0,7.0,5.0,2.0,4.0,0.0,0.0
EPL_2011,18/12/11,1,20,0.0,2.0,2.0,16.0,19.0,8.0,12.0,4.0,10.0,1.0,2.0,0.0,0.0
EPL_2011,18/12/11,22,0,1.0,0.0,0.0,15.0,12.0,9.0,8.0,4.0,6.0,2.0,3.0,0.0,0.0
EPL_2011,18/12/11,29,23,0.0,2.0,2.0,11.0,19.0,3.0,12.0,5.0,10.0,1.0,2.0,0.0,0.0
EPL_2011,18/12/11,36,34,1.0,0.0,0.0,16.0,8.0,12.0,4.0,6.0,0.0,1.0,2.0,0.0,0.0
EPL_2011,20/12/11,3,5,1.0,2.0,2.0,17.0,8.0,7.0,5.0,5.0,9.0,3.0,0.0,0.0,0.0
EPL_2011,20/12/11,41,26,2.0,2.0,1.0,18.0,18.0,9.0,14.0,4.0,6.0,2.0,2.0,0.0,0.0
EPL_2011,21/12/11,1,0,1.0,2.0,2.0,10.0,8.0,4.0,6.0,7.0,15.0,2.0,3.0,1.0,0.0
EPL_2011,21/12/11,13,35,1.0,0.0,0.0,13.0,4.0,6.0,4.0,9.0,2.0,1.0,2.0,0.0,0.0
EPL_2011,21/12/11,14,23,0.0,5.0,2.0,13.0,14.0,8.0,12.0,3.0,10.0,1.0,0.0,0.0,0.0
EPL_2011,21/12/11,22,33,3.0,0.0,0.0,20.0,2.0,16.0,0.0,5.0,2.0,2.0,1.0,0.0,0.0
EPL_2011,21/12/11,25,38,2.0,3.0,2.0,21.0,14.0,11.0,8.0,10.0,1.0,1.0,0.0,0.0,0.0
EPL_2011,21/12/11,29,34,2.0,3.0,2.0,17.0,17.0,9.0,13.0,8.0,11.0,2.0,2.0,0.0,0.0
EPL_2011,21/12/11,40,20,0.0,0.0,1.0,15.0,18.0,10.0,10.0,7.0,14.0,1.0,2.0,0.0,0.0
EPL_2011,22/12/11,36,11,1.0,1.0,1.0,16.0,20.0,10.0,10.0,7.0,4.0,2.0,2.0,0.0,0.0
EPL_2011,26/12/11,5,25,0.0,2.0,2.0,4.0,12.0,3.0,7.0,4.0,4.0,1.0,1.0,0.0,0.0
EPL_2011,26/12/11,11,14,1.0,1.0,1.0,24.0,9.0,15.0,6.0,9.0,3.0,1.0,1.0,0.0,0.0
EPL_2011,26/12/11,20,3,1.0,1.0,1.0,28.0,5.0,13.0,2.0,9.0,2.0,1.0,0.0,0.0,0.0
EPL_2011,26/12/11,23,40,5.0,0.0,0.0,17.0,9.0,9.0,5.0,10.0,2.0,2.0,1.0,0.0,1.0
EPL_2011,26/12/11,33,1,0.0,0.0,1.0,7.0,10.0,2.0,4.0,7.0,7.0,3.0,0.0,0.0,0.0
EPL_2011,26/12/11,34,13,1.0,1.0,1.0,12.0,9.0,8.0,3.0,5.0,6.0,0.0,1.0,0.0,0.0
EPL_2011,26/12/11,38,22,0.0,0.0,1.0,7.0,18.0,3.0,9.0,5.0,9.0,0.0,1.0,0.0,0.0
EPL_2011,27/12/11,0,41,1.0,1.0,1.0,23.0,6.0,17.0,4.0,13.0,3.0,2.0,3.0,0.0,1.0
EPL_2011,27/12/11,26,36,0.0,2.0,2.0,8.0,19.0,4.0,8.0,3.0,10.0,1.0,1.0,0.0,0.0
EPL_2011,27/12/11,35,29,1.0,1.0,1.0,7.0,12.0,4.0,7.0,5.0,11.0,1.0,3.0,0.0,0.0
EPL_2011,30/12/11,20,25,3.0,1.0,0.0,15.0,5.0,7.0,2.0,7.0,0.0,0.0,2.0,0.0,0.0
EPL_2011,31/12/11,0,29,1.0,0.0,0.0,16.0,6.0,7.0,3.0,12.0,4.0,2.0,2.0,0.0,0.0
EPL_2011,31/12/11,5,41,1.0,1.0,1.0,13.0,8.0,9.0,5.0,3.0,6.0,0.0,0.0,0.0,0.0
EPL_2011,31/12/11,11,1,1.0,3.0,2.0,16.0,12.0,5.0,9.0,9.0,2.0,1.0,1.0,0.0,0.0
EPL_2011,31/12/11,23,3,2.0,3.0,2.0,26.0,10.0,13.0,5.0,17.0,3.0,2.0,2.0,0.0,0.0
EPL_2011,31/12/11,26,14,1.0,1.0,1.0,18.0,11.0,9.0,6.0,4.0,3.0,0.0,0.0,0.0,0.0
EPL_2011,31/12/11,33,40,2.0,2.0,1.0,12.0,10.0,3.0,6.0,8.0,5.0,2.0,3.0,0.0,1.0
EPL_2011,31/12/11,35,36,1.0,1.0,1.0,14.0,12.0,8.0,7.0,10.0,5.0,1.0,2.0,0.0,0.0
EPL_2011,01/01/12,34,22,1.0,0.0,0.0,8.0,25.0,5.0,11.0,1.0,10.0,1.0,1.0,0.0,0.0
EPL_2011,01/01/12,38,13,0.0,1.0,2.0,10.0,13.0,2.0,8.0,2.0,7.0,0.0,2.0,0.0,0.0
EPL_2011,02/01/12,1,35,0.0,2.0,2.0,10.0,8.0,2.0,4.0,14.0,0.0,2.0,4.0,0.0,0.0
EPL_2011,02/01/12,3,33,1.0,2.0,2.0,14.0,8.0,7.0,3.0,8.0,3.0,2.0,1.0,0.0,0.0
EPL_2011,02/01/12,14,0,2.0,1.0,0.0,21.0,17.0,8.0,10.0,4.0,3.0,0.0,1.0,0.0,1.0
EPL_2011,02/01/12,29,26,1.0,2.0,2.0,9.0,13.0,6.0,6.0,2.0,5.0,2.0,1.0,1.0,0.0
EPL_2011,02/01/12,41,11,1.0,2.0,2.0,9.0,15.0,5.0,10.0,0.0,5.0,3.0,2.0,0.0,0.0
EPL_2011,03/01/12,22,20,3.0,0.0,0.0,10.0,18.0,8.0,10.0,5.0,6.0,1.0,2.0,1.0,0.0
EPL_2011,03/01/12,36,38,1.0,0.0,0.0,20.0,8.0,14.0,2.0,14.0,7.0,0.0,5.0,0.0,0.0
EPL_2011,03/01/12,40,34,1.0,4.0,2.0,20.0,10.0,10.0,9.0,9.0,6.0,1.0,0.0,0.0,0.0
EPL_2011,04/01/12,13,5,1.0,2.0,2.0,10.0,12.0,4.0,7.0,5.0,10.0,1.0,3.0,0.0,0.0
EPL_2011,04/01/12,25,23,3.0,0.0,0.0,10.0,6.0,6.0,6.0,4.0,4.0,1.0,2.0,0.0,0.0
EPL_2011,11/01/12,36,13,2.0,0.0,0.0,14.0,11.0,7.0,4.0,6.0,4.0,1.0,3.0,0.0,0.0
EPL_2011,14/01/12,1,13,1.0,1.0,1.0,17.0,7.0,11.0,4.0,9.0,3.0,1.0,1.0,0.0,0.0
EPL_2011,14/01/12,3,14,3.0,1.0,0.0,15.0,17.0,11.0,7.0,0.0,9.0,1.0,1.0,1.0,0.0
EPL_2011,14/01/12,11,34,1.0,0.0,0.0,21.0,9.0,10.0,4.0,8.0,2.0,3.0,1.0,0.0,0.0
EPL_2011,14/01/12,20,33,0.0,0.0,1.0,13.0,3.0,5.0,1.0,11.0,1.0,0.0,3.0,0.0,0.0
EPL_2011,14/01/12,23,5,3.0,0.0,0.0,19.0,11.0,9.0,5.0,11.0,3.0,0.0,1.0,0.0,0.0
EPL_2011,14/01/12,36,41,1.0,1.0,1.0,22.0,5.0,10.0,3.0,8.0,1.0,1.0,3.0,0.0,0.0
EPL_2011,14/01/12,38,26,1.0,2.0,2.0,16.0,7.0,8.0,4.0,10.0,5.0,0.0,1.0,0.0,0.0
EPL_2011,15/01/12,25,29,1.0,0.0,0.0,9.0,15.0,4.0,9.0,3.0,2.0,0.0,4.0,0.0,0.0
EPL_2011,15/01/12,35,0,3.0,2.0,0.0,9.0,14.0,5.0,9.0,9.0,2.0,0.0,0.0,0.0,0.0
EPL_2011,16/01/12,40,22,0.0,1.0,2.0,7.0,12.0,4.0,8.0,4.0,5.0,3.0,3.0,0.0,0.0
EPL_2011,21/01/12,5,20,3.0,1.0,0.0,15.0,11.0,8.0,8.0,5.0,5.0,0.0,2.0,0.0,0.0
EPL_2011,21/01/12,13,3,1.0,1.0,1.0,15.0,14.0,8.0,8.0,5.0,8.0,2.0,2.0,0.0,0.0
EPL_2011,21/01/12,14,25,5.0,2.0,0.0,10.0,15.0,7.0,9.0,2.0,6.0,0.0,4.0,0.0,0.0
EPL_2011,21/01/12,26,11,0.0,0.0,1.0,5.0,19.0,3.0,9.0,1.0,11.0,0.0,0.0,0.0,0.0
EPL_2011,21/01/12,29,40,3.0,1.0,0.0,16.0,9.0,8.0,4.0,7.0,1.0,2.0,2.0,0.0,0.0
EPL_2011,21/01/12,33,38,1.0,2.0,2.0,10.0,15.0,3.0,6.0,5.0,1.0,0.0,0.0,0.0,0.0
EPL_2011,21/01/12,34,35,2.0,0.0,0.0,7.0,11.0,2.0,4.0,2.0,4.0,0.0,0.0,0.0,0.0
EPL_2011,21/01/12,41,1,2.0,3.0,2.0,13.0,11.0,9.0,5.0,12.0,3.0,1.0,0.0,1.0,0.0
EPL_2011,22/01/12,0,23,1.0,2.0,2.0,12.0,9.0,6.0,5.0,0.0,5.0,5.0,2.0,0.0,0.0
EPL_2011,22/01/12,22,36,3.0,2.0,0.0,13.0,12.0,7.0,7.0,9.0,4.0,2.0,1.0,0.0,0.0
EPL_2011,31/01/12,13,22,1.0,0.0,0.0,9.0,17.0,4.0,11.0,3.0,9.0,1.0,2.0,0.0,0.0
EPL_2011,31/01/12,23,33,2.0,0.0,0.0,11.0,8.0,7.0,3.0,9.0,2.0,1.0,3.0,0.0,0.0
EPL_2011,31/01/12,35,11,1.0,1.0,1.0,7.0,20.0,5.0,10.0,1.0,11.0,2.0,3.0,0.0,1.0
EPL_2011,31/01/12,36,40,3.0,1.0,0.0,20.0,10.0,13.0,6.0,5.0,0.0,0.0,1.0,0.0,0.0
EPL_2011,31/01/12,41,20,0.0,3.0,2.0,5.0,23.0,1.0,14.0,5.0,4.0,1.0,3.0,0.0,0.0
EPL_2011,01/02/12,1,29,2.0,2.0,1.0,23.0,3.0,15.0,3.0,9.0,3.0,0.0,1.0,0.0,0.0
EPL_2011,01/02/12,3,25,0.0,2.0,2.0,23.0,9.0,12.0,5.0,14.0,2.0,1.0,2.0,0.0,0.0
EPL_2011,01/02/12,5,0,0.0,0.0,1.0,14.0,16.0,8.0,7.0,6.0,6.0,1.0,1.0,0.0,0.0
EPL_2011,01/02/12,14,38,1.0,1.0,1.0,13.0,15.0,6.0,11.0,8.0,7.0,1.0,0.0,0.0,0.0
EPL_2011,01/02/12,34,26,3.0,0.0,0.0,10.0,12.0,6.0,4.0,3.0,6.0,1.0,1.0,0.0,0.0
EPL_2011,04/02/12,0,3,7.0,1.0,0.0,20.0,3.0,11.0,3.0,11.0,1.0,2.0,3.0,0.0,1.0
EPL_2011,04/02/12,22,14,3.0,0.0,0.0,16.0,11.0,10.0,8.0,4.0,6.0,1.0,3.0,0.0,0.0
EPL_2011,04/02/12,26,5,2.0,0.0,0.0,22.0,10.0,9.0,6.0,4.0,7.0,0.0,0.0,0.0,0.0
EPL_2011,04/02/12,29,41,1.0,2.0,2.0,13.0,14.0,8.0,6.0,7.0,3.0,0.0,3.0,1.0,0.0
EPL_2011,04/02/12,33,34,0.0,1.0,2.0,9.0,4.0,6.0,2.0,5.0,5.0,0.0,1.0,1.0,0.0
EPL_2011,04/02/12,38,35,1.0,2.0,2.0,18.0,15.0,11.0,8.0,8.0,7.0,2.0,1.0,0.0,0.0
EPL_2011,04/02/12,40,13,1.0,1.0,1.0,2.0,8.0,1.0,4.0,4.0,3.0,2.0,0.0,0.0,0.0
EPL_2011,05/02/12,11,23,3.0,3.0,1.0,19.0,14.0,10.0,10.0,6.0,6.0,2.0,1.0,0.0,0.0
EPL_2011,05/02/12,25,1,2.0,1.0,0.0,16.0,13.0,8.0,8.0,4.0,4.0,1.0,2.0,0.0,0.0
EPL_2011,06/02/12,20,36,0.0,0.0,1.0,15.0,9.0,10.0,6.0,7.0,4.0,2.0,2.0,0.0,0.0
EPL_2011,11/02/12,3,29,3.0,2.0,0.0,7.0,25.0,5.0,13.0,5.0,6.0,1.0,1.0,0.0,0.0
EPL_2011,11/02/12,5,40,1.0,2.0,2.0,13.0,10.0,8.0,6.0,7.0,7.0,3.0,2.0,0.0,0.0
EPL_2011,11/02/12,13,11,2.0,0.0,0.0,10.0,8.0,7.0,7.0,2.0,4.0,0.0,3.0,0.0,0.0
EPL_2011,11/02/12,14,33,2.0,1.0,0.0,11.0,12.0,4.0,4.0,5.0,4.0,1.0,2.0,0.0,0.0
EPL_2011,11/02/12,23,20,2.0,1.0,0.0,11.0,9.0,6.0,6.0,4.0,3.0,1.0,1.0,0.0,0.0
EPL_2011,11/02/12,34,0,1.0,2.0,2.0,8.0,10.0,5.0,8.0,7.0,3.0,2.0,1.0,0.0,0.0
EPL_2011,11/02/12,35,26,2.0,3.0,2.0,16.0,18.0,9.0,11.0,6.0,8.0,0.0,2.0,0.0,0.0
EPL_2011,11/02/12,36,25,5.0,0.0,0.0,18.0,7.0,9.0,3.0,4.0,3.0,2.0,1.0,0.0,0.0
EPL_2011,12/02/12,1,22,0.0,1.0,2.0,9.0,17.0,5.0,10.0,5.0,8.0,3.0,0.0,0.0,0.0
EPL_2011,12/02/12,41,38,1.0,5.0,2.0,10.0,26.0,8.0,16.0,12.0,8.0,1.0,0.0,0.0,0.0
EPL_2011,25/02/12,11,5,3.0,0.0,0.0,25.0,8.0,16.0,1.0,14.0,7.0,0.0,1.0,0.0,0.0
EPL_2011,25/02/12,22,3,3.0,0.0,0.0,20.0,2.0,13.0,2.0,10.0,3.0,0.0,2.0,0.0,0.0
EPL_2011,25/02/12,25,41,2.0,2.0,1.0,13.0,7.0,8.0,6.0,3.0,3.0,1.0,1.0,0.0,0.0
EPL_2011,25/02/12,29,14,0.0,1.0,2.0,17.0,7.0,8.0,3.0,6.0,5.0,1.0,4.0,1.0,0.0
EPL_2011,25/02/12,38,34,4.0,0.0,0.0,18.0,10.0,13.0,4.0,7.0,0.0,1.0,1.0,0.0,0.0
EPL_2011,25/02/12,40,1,0.0,0.0,1.0,14.0,10.0,6.0,3.0,14.0,7.0,0.0,4.0,0.0,0.0
EPL_2011,26/02/12,0,36,5.0,2.0,0.0,21.0,8.0,13.0,4.0,7.0,5.0,3.0,3.0,0.0,1.0
EPL_2011,26/02/12,26,23,1.0,2.0,2.0,16.0,11.0,7.0,9.0,4.0,4.0,1.0,2.0,0.0,0.0
EPL_2011,26/02/12,33,35,2.0,0.0,0.0,9.0,11.0,6.0,6.0,8.0,4.0,1.0,0.0,0.0,0.0
EPL_2011,03/03/12,3,1,1.0,1.0,1.0,15.0,17.0,9.0,12.0,4.0,8.0,1.0,0.0,0.0,0.0
EPL_2011,03/03/12,20,0,1.0,2.0,2.0,12.0,10.0,4.0,7.0,12.0,0.0,0.0,1.0,0.0,0.0
EPL_2011,03/03/12,22,5,2.0,0.0,0.0,23.0,8.0,10.0,5.0,7.0,4.0,0.0,0.0,0.0,0.0
EPL_2011,03/03/12,29,13,1.0,1.0,1.0,22.0,8.0,10.0,5.0,7.0,7.0,1.0,2.0,0.0,0.0
EPL_2011,03/03/12,33,26,1.0,0.0,0.0,11.0,7.0,7.0,5.0,8.0,2.0,0.0,2.0,0.0,0.0
EPL_2011,03/03/12,38,11,1.0,0.0,0.0,19.0,13.0,11.0,6.0,14.0,5.0,3.0,1.0,0.0,0.0
EPL_2011,03/03/12,40,35,0.0,2.0,2.0,14.0,12.0,8.0,8.0,8.0,4.0,2.0,2.0,0.0,1.0
EPL_2011,04/03/12,14,41,5.0,0.0,0.0,25.0,8.0,19.0,3.0,7.0,7.0,1.0,2.0,0.0,0.0
EPL_2011,04/03/12,25,34,1.0,1.0,1.0,24.0,7.0,12.0,6.0,19.0,4.0,5.0,3.0,0.0,1.0
EPL_2011,04/03/12,36,23,1.0,3.0,2.0,18.0,6.0,9.0,5.0,7.0,3.0,1.0,2.0,0.0,0.0
EPL_2011,10/03/12,1,14,1.0,0.0,0.0,19.0,5.0,8.0,1.0,10.0,4.0,2.0,0.0,0.0,0.0
EPL_2011,10/03/12,5,29,2.0,1.0,0.0,11.0,17.0,7.0,11.0,10.0,6.0,2.0,2.0,0.0,0.0
EPL_2011,10/03/12,11,33,1.0,0.0,0.0,21.0,8.0,11.0,3.0,14.0,1.0,1.0,2.0,0.0,1.0
EPL_2011,10/03/12,13,36,1.0,0.0,0.0,9.0,21.0,5.0,9.0,0.0,8.0,2.0,2.0,0.0,0.0
EPL_2011,10/03/12,34,20,1.0,0.0,0.0,6.0,9.0,1.0,5.0,3.0,2.0,1.0,1.0,0.0,0.0
EPL_2011,10/03/12,41,3,0.0,2.0,2.0,14.0,12.0,7.0,8.0,3.0,4.0,1.0,2.0,0.0,0.0
EPL_2011,11/03/12,23,38,2.0,0.0,0.0,20.0,6.0,9.0,3.0,8.0,5.0,0.0,1.0,0.0,1.0
EPL_2011,11/03/12,26,40,1.0,1.0,1.0,13.0,18.0,6.0,9.0,3.0,5.0,4.0,4.0,0.0,0.0
EPL_2011,11/03/12,35,22,1.0,0.0,0.0,8.0,18.0,5.0,13.0,7.0,9.0,0.0,2.0,0.0,0.0
EPL_2011,12/03/12,0,25,2.0,1.0,0.0,21.0,5.0,13.0,3.0,6.0,3.0,2.0,3.0,0.0,0.0
EPL_2011,13/03/12,20,13,3.0,0.0,0.0,15.0,5.0,10.0,3.0,4.0,4.0,1.0,4.0,0.0,0.0
EPL_2011,17/03/12,14,35,0.0,3.0,2.0,14.0,10.0,7.0,7.0,6.0,2.0,0.0,0.0,0.0,0.0
EPL_2011,17/03/12,40,38,1.0,1.0,1.0,20.0,8.0,6.0,2.0,13.0,5.0,2.0,4.0,0.0,0.0
EPL_2011,18/03/12,25,26,1.0,0.0,0.0,15.0,12.0,10.0,5.0,4.0,5.0,0.0,3.0,0.0,0.0
EPL_2011,18/03/12,41,23,0.0,5.0,2.0,7.0,22.0,3.0,18.0,4.0,7.0,1.0,1.0,1.0,0.0
EPL_2011,20/03/12,3,34,2.0,0.0,0.0,16.0,2.0,9.0,0.0,7.0,8.0,0.0,1.0,0.0,0.0
EPL_2011,21/03/12,13,0,0.0,1.0,2.0,7.0,12.0,2.0,8.0,4.0,6.0,2.0,1.0,0.0,0.0
EPL_2011,21/03/12,22,11,2.0,1.0,0.0,20.0,6.0,10.0,5.0,11.0,4.0,1.0,2.0,0.0,0.0
EPL_2011,21/03/12,29,20,3.0,2.0,0.0,10.0,18.0,5.0,11.0,7.0,17.0,0.0,0.0,0.0,0.0
EPL_2011,21/03/12,36,33,1.0,1.0,1.0,24.0,8.0,18.0,2.0,13.0,1.0,1.0,1.0,0.0,0.0
EPL_2011,24/03/12,0,1,3.0,0.0,0.0,20.0,3.0,12.0,2.0,15.0,5.0,0.0,5.0,0.0,0.0
EPL_2011,24/03/12,5,3,2.0,1.0,0.0,12.0,10.0,6.0,4.0,11.0,4.0,0.0,2.0,0.0,0.0
EPL_2011,24/03/12,11,36,0.0,0.0,1.0,10.0,19.0,5.0,7.0,6.0,5.0,1.0,2.0,0.0,0.0
EPL_2011,24/03/12,20,40,1.0,2.0,2.0,12.0,6.0,9.0,5.0,6.0,0.0,1.0,2.0,0.0,0.0
EPL_2011,24/03/12,26,41,2.0,1.0,0.0,15.0,10.0,11.0,6.0,5.0,5.0,2.0,2.0,1.0,0.0
EPL_2011,24/03/12,33,22,1.0,1.0,1.0,10.0,16.0,3.0,11.0,5.0,7.0,1.0,2.0,0.0,0.0
EPL_2011,24/03/12,34,29,3.0,1.0,0.0,15.0,10.0,8.0,6.0,5.0,2.0,2.0,3.0,0.0,1.0
EPL_2011,24/03/12,35,13,0.0,2.0,2.0,10.0,15.0,3.0,8.0,3.0,3.0,1.0,2.0,0.0,0.0
EPL_2011,25/03/12,38,25,1.0,3.0,2.0,14.0,10.0,6.0,7.0,10.0,4.0,0.0,1.0,0.0,0.0
EPL_2011,26/03/12,23,14,1.0,0.0,0.0,19.0,5.0,16.0,4.0,7.0,1.0,1.0,0.0,0.0,0.0
EPL_2011,31/03/12,1,11,2.0,4.0,2.0,9.0,12.0,5.0,9.0,6.0,4.0,1.0,0.0,0.0,0.0
EPL_2011,31/03/12,13,38,2.0,0.0,0.0,16.0,9.0,9.0,5.0,5.0,2.0,2.0,1.0,0.0,0.0
EPL_2011,31/03/12,14,26,2.0,1.0,0.0,14.0,16.0,9.0,8.0,6.0,7.0,1.0,2.0,0.0,0.0
EPL_2011,31/03/12,22,34,3.0,3.0,1.0,19.0,8.0,10.0,4.0,17.0,5.0,1.0,1.0,0.0,0.0
EPL_2011,31/03/12,29,0,2.0,1.0,0.0,10.0,13.0,8.0,7.0,4.0,6.0,5.0,2.0,0.0,0.0
EPL_2011,31/03/12,40,33,2.0,0.0,0.0,13.0,6.0,11.0,2.0,8.0,1.0,2.0,4.0,0.0,0.0
EPL_2011,31/03/12,41,5,2.0,3.0,2.0,14.0,19.0,8.0,11.0,13.0,4.0,1.0,1.0,0.0,0.0
EPL_2011,01/04/12,25,20,2.0,0.0,0.0,11.0,9.0,7.0,6.0,3.0,6.0,3.0,3.0,0.0,1.0
EPL_2011,01/04/12,36,35,3.0,1.0,0.0,15.0,11.0,10.0,7.0,7.0,7.0,0.0,0.0,0.0,0.0
EPL_2011,02/04/12,3,23,0.0,2.0,2.0,11.0,14.0,6.0,6.0,2.0,10.0,1.0,1.0,0.0,0.0
EPL_2011,06/04/12,35,25,0.0,2.0,2.0,19.0,5.0,13.0,4.0,7.0,0.0,1.0,1.0,0.0,0.0
EPL_2011,07/04/12,5,14,0.0,3.0,2.0,13.0,11.0,7.0,8.0,5.0,3.0,1.0,0.0,0.0,0.0
EPL_2011,07/04/12,11,40,2.0,1.0,0.0,19.0,13.0,10.0,7.0,5.0,3.0,2.0,2.0,0.0,0.0
EPL_2011,07/04/12,20,1,1.0,1.0,1.0,21.0,5.0,5.0,3.0,11.0,3.0,1.0,1.0,0.0,0.0
EPL_2011,07/04/12,26,13,2.0,2.0,1.0,14.0,9.0,11.0,5.0,2.0,4.0,0.0,3.0,0.0,0.0
EPL_2011,07/04/12,33,41,2.0,1.0,0.0,14.0,9.0,6.0,5.0,3.0,8.0,1.0,1.0,0.0,0.0
EPL_2011,07/04/12,34,36,0.0,0.0,1.0,12.0,15.0,9.0,8.0,11.0,4.0,2.0,2.0,0.0,0.0
EPL_2011,07/04/12,38,3,3.0,0.0,0.0,9.0,16.0,6.0,10.0,8.0,4.0,1.0,1.0,0.0,1.0
EPL_2011,08/04/12,0,22,1.0,0.0,0.0,12.0,7.0,7.0,2.0,7.0,6.0,2.0,4.0,0.0,1.0
EPL_2011,08/04/12,23,29,2.0,0.0,0.0,24.0,9.0,14.0,7.0,11.0,5.0,1.0,0.0,0.0,1.0
EPL_2011,09/04/12,1,33,1.0,1.0,1.0,7.0,7.0,3.0,3.0,5.0,4.0,3.0,0.0,0.0,0.0
EPL_2011,09/04/12,13,34,4.0,0.0,0.0,22.0,3.0,12.0,0.0,5.0,2.0,0.0,2.0,0.0,0.0
EPL_2011,09/04/12,14,11,1.0,1.0,1.0,11.0,12.0,9.0,4.0,7.0,11.0,1.0,3.0,0.0,0.0
EPL_2011,09/04/12,25,5,2.0,0.0,0.0,8.0,9.0,4.0,6.0,6.0,5.0,1.0,1.0,0.0,0.0
EPL_2011,09/04/12,36,26,1.0,2.0,2.0,13.0,12.0,9.0,6.0,10.0,3.0,1.0,2.0,0.0,0.0
EPL_2011,10/04/12,3,20,2.0,3.0,2.0,10.0,16.0,4.0,12.0,4.0,4.0,4.0,5.0,0.0,1.0
EPL_2011,11/04/12,22,38,4.0,0.0,0.0,17.0,4.0,12.0,1.0,6.0,2.0,0.0,0.0,0.0,0.0
EPL_2011,11/04/12,29,35,3.0,0.0,0.0,16.0,9.0,8.0,6.0,6.0,9.0,2.0,0.0,0.0,0.0
EPL_2011,11/04/12,40,23,1.0,0.0,0.0,11.0,8.0,8.0,3.0,7.0,3.0,1.0,2.0,0.0,0.0
EPL_2011,11/04/12,41,0,0.0,3.0,2.0,9.0,10.0,6.0,7.0,6.0,4.0,3.0,0.0,1.0,0.0
EPL_2011,14/04/12,26,22,1.0,6.0,2.0,16.0,22.0,8.0,17.0,3.0,5.0,1.0,2.0,0.0,0.0
EPL_2011,14/04/12,34,41,0.0,0.0,1.0,15.0,12.0,6.0,8.0,8.0,4.0,0.0,1.0,0.0,0.0
EPL_2011,14/04/12,35,3,3.0,0.0,0.0,16.0,7.0,8.0,2.0,7.0,3.0,0.0,2.0,0.0,0.0
EPL_2011,14/04/12,38,29,1.0,0.0,0.0,15.0,16.0,10.0,6.0,6.0,8.0,3.0,1.0,0.0,0.0
EPL_2011,15/04/12,23,1,4.0,0.0,0.0,24.0,10.0,16.0,4.0,11.0,4.0,3.0,3.0,0.0,0.0
EPL_2011,16/04/12,0,40,1.0,2.0,2.0,18.0,12.0,8.0,7.0,9.0,3.0,2.0,3.0,0.0,0.0
EPL_2011,21/04/12,0,11,0.0,0.0,1.0,13.0,13.0,8.0,7.0,7.0,7.0,3.0,4.0,0.0,0.0
EPL_2011,21/04/12,1,34,0.0,0.0,1.0,12.0,10.0,7.0,5.0,8.0,5.0,0.0,2.0,0.0,1.0
EPL_2011,21/04/12,3,26,2.0,0.0,0.0,9.0,12.0,6.0,5.0,9.0,7.0,1.0,1.0,0.0,0.0
EPL_2011,21/04/12,5,35,1.0,1.0,1.0,7.0,20.0,5.0,12.0,8.0,10.0,2.0,1.0,0.0,0.0
EPL_2011,21/04/12,14,40,2.0,1.0,0.0,15.0,9.0,9.0,5.0,4.0,0.0,1.0,2.0,0.0,0.0
EPL_2011,21/04/12,25,33,3.0,0.0,0.0,16.0,7.0,11.0,2.0,4.0,5.0,0.0,2.0,0.0,0.0
EPL_2011,21/04/12,29,36,1.0,0.0,0.0,12.0,17.0,5.0,8.0,4.0,13.0,4.0,0.0,1.0,0.0
EPL_2011,22/04/12,20,38,0.0,1.0,2.0,28.0,9.0,12.0,4.0,15.0,3.0,2.0,0.0,0.0,0.0
EPL_2011,22/04/12,23,13,4.0,4.0,1.0,20.0,17.0,11.0,10.0,5.0,2.0,1.0,2.0,0.0,0.0
EPL_2011,22/04/12,41,22,0.0,2.0,2.0,7.0,17.0,4.0,9.0,7.0,4.0,0.0,1.0,0.0,0.0
EPL_2011,24/04/12,1,5,1.0,2.0,2.0,17.0,12.0,6.0,11.0,9.0,6.0,1.0,2.0,0.0,0.0
EPL_2011,28/04/12,13,14,4.0,0.0,0.0,11.0,6.0,7.0,5.0,3.0,5.0,1.0,1.0,0.0,0.0
EPL_2011,28/04/12,26,20,0.0,3.0,2.0,8.0,15.0,3.0,9.0,5.0,7.0,4.0,0.0,0.0,0.0
EPL_2011,28/04/12,33,0,1.0,1.0,1.0,6.0,17.0,4.0,10.0,2.0,6.0,1.0,2.0,0.0,0.0
EPL_2011,28/04/12,34,5,2.0,2.0,1.0,12.0,16.0,6.0,9.0,7.0,5.0,1.0,0.0,0.0,0.0
EPL_2011,28/04/12,35,41,4.0,4.0,1.0,10.0,15.0,8.0,9.0,2.0,6.0,2.0,1.0,0.0,0.0
EPL_2011,28/04/12,38,1,0.0,0.0,1.0,13.0,8.0,7.0,5.0,10.0,3.0,0.0,4.0,0.0,0.0
EPL_2011,28/04/12,40,25,4.0,0.0,0.0,10.0,11.0,8.0,3.0,4.0,1.0,2.0,1.0,0.0,0.0
EPL_2011,29/04/12,11,29,6.0,1.0,0.0,25.0,11.0,18.0,7.0,8.0,5.0,0.0,1.0,0.0,0.0
EPL_2011,29/04/12,36,3,2.0,0.0,0.0,19.0,0.0,8.0,0.0,6.0,1.0,0.0,0.0,0.0,0.0
EPL_2011,30/04/12,22,23,1.0,0.0,0.0,12.0,4.0,5.0,2.0,8.0,8.0,3.0,2.0,0.0,0.0
EPL_2011,01/05/12,20,14,0.0,1.0,2.0,18.0,7.0,5.0,4.0,5.0,4.0,0.0,0.0,0.0,0.0
EPL_2011,01/05/12,33,13,1.0,1.0,1.0,10.0,11.0,5.0,4.0,4.0,6.0,2.0,1.0,0.0,0.0
EPL_2011,02/05/12,5,36,1.0,4.0,2.0,14.0,13.0,8.0,10.0,4.0,7.0,2.0,1.0,0.0,0.0
EPL_2011,02/05/12,11,25,0.0,2.0,2.0,17.0,12.0,6.0,6.0,4.0,4.0,0.0,3.0,0.0,0.0
EPL_2011,05/05/12,0,26,3.0,3.0,1.0,20.0,12.0,13.0,6.0,6.0,1.0,2.0,3.0,0.0,0.0
EPL_2011,06/05/12,1,36,1.0,1.0,1.0,4.0,21.0,2.0,10.0,4.0,19.0,1.0,2.0,0.0,1.0
EPL_2011,06/05/12,5,38,2.0,2.0,1.0,11.0,17.0,6.0,13.0,4.0,4.0,1.0,4.0,0.0,0.0
EPL_2011,06/05/12,14,34,2.0,1.0,0.0,20.0,12.0,15.0,7.0,8.0,2.0,0.0,0.0,0.0,0.0
EPL_2011,06/05/12,23,35,2.0,0.0,0.0,26.0,13.0,18.0,9.0,16.0,3.0,1.0,0.0,0.0,0.0
EPL_2011,06/05/12,25,22,0.0,2.0,2.0,14.0,19.0,9.0,12.0,2.0,6.0,4.0,3.0,0.0,0.0
EPL_2011,06/05/12,29,33,1.0,0.0,0.0,21.0,8.0,12.0,1.0,7.0,3.0,0.0,0.0,0.0,0.0
EPL_2011,06/05/12,41,13,0.0,0.0,1.0,7.0,18.0,1.0,10.0,3.0,7.0,0.0,0.0,0.0,0.0
EPL_2011,07/05/12,3,40,0.0,1.0,2.0,12.0,19.0,7.0,9.0,5.0,6.0,2.0,1.0,0.0,0.0
EPL_2011,08/05/12,20,11,4.0,1.0,0.0,23.0,9.0,13.0,5.0,7.0,4.0,2.0,4.0,0.0,0.0
EPL_2011,13/05/12,11,3,2.0,1.0,0.0,18.0,8.0,6.0,5.0,8.0,2.0,1.0,0.0,0.0,0.0
EPL_2011,13/05/12,13,25,3.0,1.0,0.0,17.0,11.0,11.0,5.0,4.0,3.0,2.0,1.0,0.0,0.0
EPL_2011,13/05/12,22,29,3.0,2.0,0.0,35.0,3.0,24.0,3.0,19.0,0.0,1.0,1.0,0.0,1.0
EPL_2011,13/05/12,26,1,2.0,0.0,0.0,21.0,9.0,12.0,5.0,9.0,6.0,1.0,2.0,0.0,0.0
EPL_2011,13/05/12,33,5,2.0,2.0,1.0,12.0,20.0,8.0,8.0,5.0,9.0,1.0,1.0,0.0,0.0
EPL_2011,13/05/12,34,23,0.0,1.0,2.0,6.0,17.0,5.0,9.0,1.0,9.0,3.0,3.0,0.0,0.0
EPL_2011,13/05/12,35,20,1.0,0.0,0.0,13.0,14.0,8.0,9.0,6.0,5.0,1.0,1.0,0.0,0.0
EPL_2011,13/05/12,36,14,2.0,0.0,0.0,15.0,10.0,9.0,7.0,9.0,3.0,0.0,2.0,0.0,0.0
EPL_2011,13/05/12,38,0,2.0,3.0,2.0,12.0,12.0,8.0,8.0,9.0,5.0,0.0,1.0,0.0,0.0
EPL_2011,13/05/12,40,41,3.0,2.0,0.0,14.0,10.0,10.0,7.0,9.0,2.0,1.0,2.0,0.0,0.0
EPL_2012,18/08/12,0,34,0.0,0.0,1.0,14.0,3.0,4.0,2.0,7.0,0.0,0.0,0.0,0.0,0.0
EPL_2012,18/08/12,14,26,5.0,0.0,0.0,11.0,4.0,9.0,2.0,6.0,3.0,0.0,0.0,0.0,0.0
EPL_2012,18/08/12,25,36,2.0,1.0,0.0,6.0,12.0,4.0,6.0,3.0,5.0,2.0,2.0,0.0,0.0
EPL_2012,18/08/12,29,35,0.0,5.0,2.0,20.0,12.0,11.0,8.0,5.0,3.0,2.0,2.0,0.0,0.0
EPL_2012,18/08/12,30,33,1.0,1.0,1.0,9.0,6.0,3.0,3.0,4.0,3.0,2.0,4.0,0.0,1.0
EPL_2012,18/08/12,38,20,3.0,0.0,0.0,15.0,14.0,10.0,7.0,7.0,3.0,1.0,4.0,0.0,1.0
EPL_2012,18/08/12,39,1,1.0,0.0,0.0,8.0,10.0,4.0,6.0,6.0,4.0,0.0,1.0,0.0,0.0
EPL_2012,19/08/12,22,32,3.0,2.0,0.0,20.0,9.0,15.0,6.0,7.0,3.0,1.0,2.0,0.0,0.0
EPL_2012,19/08/12,40,11,0.0,2.0,2.0,12.0,5.0,4.0,3.0,7.0,1.0,2.0,2.0,0.0,0.0
EPL_2012,20/08/12,13,23,1.0,0.0,0.0,16.0,12.0,7.0,7.0,6.0,8.0,1.0,2.0,0.0,0.0
EPL_2012,22/08/12,11,30,4.0,2.0,0.0,23.0,7.0,11.0,5.0,1.0,5.0,0.0,2.0,0.0,0.0
EPL_2012,25/08/12,1,13,1.0,3.0,2.0,7.0,19.0,3.0,11.0,1.0,9.0,1.0,0.0,1.0,0.0
EPL_2012,25/08/12,11,25,2.0,0.0,0.0,11.0,11.0,6.0,5.0,2.0,3.0,1.0,0.0,0.0,0.0
EPL_2012,25/08/12,23,14,3.0,2.0,0.0,20.0,14.0,11.0,11.0,8.0,8.0,0.0,1.0,0.0,0.0
EPL_2012,25/08/12,26,29,1.0,1.0,1.0,13.0,6.0,4.0,4.0,6.0,2.0,0.0,2.0,0.0,0.0
EPL_2012,25/08/12,32,40,0.0,2.0,2.0,14.0,12.0,9.0,8.0,10.0,3.0,0.0,0.0,0.0,0.0
EPL_2012,25/08/12,35,39,3.0,0.0,0.0,10.0,7.0,7.0,6.0,5.0,4.0,2.0,4.0,0.0,0.0
EPL_2012,25/08/12,36,38,1.0,1.0,1.0,18.0,10.0,10.0,5.0,7.0,5.0,1.0,2.0,0.0,0.0
EPL_2012,26/08/12,20,22,2.0,2.0,1.0,15.0,11.0,8.0,5.0,4.0,4.0,1.0,0.0,0.0,0.0
EPL_2012,26/08/12,33,0,0.0,0.0,1.0,7.0,16.0,4.0,6.0,0.0,11.0,2.0,0.0,0.0,0.0
EPL_2012,01/09/12,22,29,3.0,1.0,0.0,19.0,9.0,12.0,5.0,8.0,3.0,2.0,1.0,0.0,0.0
EPL_2012,01/09/12,35,34,2.0,2.0,1.0,14.0,4.0,10.0,3.0,8.0,0.0,1.0,1.0,1.0,0.0
EPL_2012,01/09/12,36,26,1.0,1.0,1.0,15.0,10.0,9.0,4.0,4.0,2.0,1.0,0.0,1.0,0.0
EPL_2012,01/09/12,38,13,2.0,0.0,0.0,14.0,12.0,8.0,5.0,6.0,3.0,1.0,4.0,0.0,0.0
EPL_2012,01/09/12,39,14,3.0,0.0,0.0,17.0,14.0,12.0,13.0,6.0,6.0,0.0,0.0,0.0,0.0
EPL_2012,01/09/12,40,33,2.0,2.0,1.0,9.0,16.0,5.0,8.0,2.0,1.0,1.0,2.0,0.0,0.0
EPL_2012,02/09/12,20,0,0.0,2.0,2.0,17.0,11.0,8.0,7.0,10.0,2.0,2.0,2.0,0.0,0.0
EPL_2012,02/09/12,25,1,1.0,1.0,1.0,16.0,13.0,6.0,9.0,10.0,6.0,1.0,4.0,0.0,0.0
EPL_2012,02/09/12,32,23,2.0,3.0,2.0,15.0,18.0,8.0,9.0,4.0,7.0,1.0,0.0,0.0,0.0
EPL_2012,15/09/12,0,32,6.0,1.0,0.0,20.0,9.0,12.0,4.0,8.0,3.0,0.0,0.0,0.0,0.0
EPL_2012,15/09/12,1,35,2.0,0.0,0.0,17.0,10.0,13.0,5.0,11.0,5.0,3.0,1.0,0.0,0.0
EPL_2012,15/09/12,14,38,3.0,0.0,0.0,23.0,10.0,14.0,8.0,5.0,4.0,0.0,0.0,0.0,1.0
EPL_2012,15/09/12,23,40,4.0,0.0,0.0,17.0,8.0,10.0,4.0,5.0,5.0,2.0,2.0,0.0,0.0
EPL_2012,15/09/12,26,39,0.0,0.0,1.0,20.0,9.0,14.0,4.0,8.0,5.0,0.0,1.0,0.0,0.0
EPL_2012,15/09/12,29,11,0.0,0.0,1.0,10.0,13.0,6.0,9.0,2.0,4.0,0.0,2.0,0.0,0.0
EPL_2012,15/09/12,33,22,1.0,1.0,1.0,4.0,15.0,3.0,11.0,6.0,5.0,0.0,1.0,0.0,0.0
EPL_2012,15/09/12,34,20,1.0,1.0,1.0,6.0,20.0,4.0,9.0,2.0,7.0,1.0,2.0,0.0,0.0
EPL_2012,16/09/12,30,36,1.0,3.0,2.0,4.0,22.0,2.0,11.0,7.0,4.0,0.0,1.0,0.0,0.0
EPL_2012,17/09/12,13,25,2.0,2.0,1.0,17.0,11.0,10.0,7.0,3.0,3.0,3.0,3.0,0.0,0.0
EPL_2012,22/09/12,11,33,1.0,0.0,0.0,17.0,13.0,9.0,6.0,13.0,3.0,2.0,1.0,0.0,0.0
EPL_2012,22/09/12,32,1,4.0,1.0,0.0,12.0,8.0,4.0,2.0,1.0,4.0,1.0,3.0,0.0,0.0
EPL_2012,22/09/12,35,13,0.0,3.0,2.0,18.0,30.0,11.0,19.0,8.0,3.0,4.0,1.0,1.0,0.0
EPL_2012,22/09/12,38,30,1.0,0.0,0.0,9.0,8.0,4.0,1.0,9.0,1.0,1.0,0.0,0.0,0.0
EPL_2012,22/09/12,39,34,1.0,1.0,1.0,20.0,4.0,11.0,2.0,10.0,1.0,2.0,1.0,0.0,0.0
EPL_2012,22/09/12,40,14,1.0,2.0,2.0,18.0,12.0,9.0,9.0,8.0,7.0,0.0,3.0,0.0,0.0
EPL_2012,23/09/12,20,23,1.0,2.0,2.0,13.0,8.0,8.0,4.0,7.0,3.0,1.0,2.0,1.0,0.0
EPL_2012,23/09/12,22,0,1.0,1.0,1.0,14.0,10.0,10.0,4.0,9.0,4.0,1.0,0.0,0.0,0.0
EPL_2012,23/09/12,25,26,1.0,0.0,0.0,16.0,8.0,8.0,3.0,4.0,5.0,1.0,1.0,0.0,0.0
EPL_2012,23/09/12,36,29,2.0,1.0,0.0,18.0,9.0,14.0,6.0,10.0,9.0,0.0,2.0,0.0,0.0
EPL_2012,29/09/12,0,11,1.0,2.0,2.0,14.0,10.0,5.0,5.0,6.0,5.0,2.0,3.0,0.0,0.0
EPL_2012,29/09/12,13,32,3.0,1.0,0.0,17.0,8.0,9.0,2.0,10.0,3.0,0.0,0.0,0.0,0.0
EPL_2012,29/09/12,14,22,1.0,2.0,2.0,7.0,21.0,3.0,12.0,2.0,4.0,0.0,1.0,0.0,0.0
EPL_2012,29/09/12,23,36,2.0,3.0,2.0,15.0,10.0,8.0,6.0,9.0,5.0,0.0,0.0,0.0,0.0
EPL_2012,29/09/12,26,20,2.0,5.0,2.0,10.0,10.0,7.0,6.0,5.0,5.0,1.0,0.0,0.0,0.0
EPL_2012,29/09/12,30,25,2.0,2.0,1.0,14.0,8.0,7.0,3.0,6.0,3.0,0.0,3.0,0.0,0.0
EPL_2012,29/09/12,33,35,2.0,0.0,0.0,10.0,8.0,5.0,0.0,6.0,8.0,1.0,1.0,0.0,0.0
EPL_2012,29/09/12,34,40,1.0,0.0,0.0,11.0,8.0,6.0,3.0,8.0,1.0,2.0,5.0,0.0,1.0
EPL_2012,30/09/12,1,38,1.0,1.0,1.0,19.0,14.0,8.0,7.0,11.0,4.0,1.0,1.0,0.0,0.0
EPL_2012,01/10/12,29,39,1.0,2.0,2.0,13.0,17.0,9.0,10.0,4.0,13.0,1.0,8.0,1.0,0.0
EPL_2012,06/10/12,11,26,4.0,1.0,0.0,20.0,7.0,13.0,4.0,10.0,2.0,0.0,0.0,0.0,0.0
EPL_2012,06/10/12,22,34,3.0,0.0,0.0,26.0,8.0,16.0,6.0,15.0,4.0,0.0,3.0,0.0,0.0
EPL_2012,06/10/12,35,30,2.0,2.0,1.0,25.0,8.0,16.0,6.0,11.0,3.0,1.0,3.0,0.0,0.0
EPL_2012,06/10/12,38,29,3.0,2.0,0.0,13.0,13.0,8.0,6.0,2.0,5.0,2.0,2.0,0.0,0.0
EPL_2012,06/10/12,39,0,1.0,3.0,2.0,7.0,20.0,3.0,14.0,4.0,16.0,3.0,2.0,0.0,0.0
EPL_2012,06/10/12,40,13,2.0,2.0,1.0,10.0,16.0,6.0,11.0,7.0,6.0,2.0,5.0,0.0,0.0
EPL_2012,07/10/12,20,33,0.0,0.0,1.0,16.0,5.0,5.0,3.0,5.0,5.0,0.0,6.0,0.0,0.0
EPL_2012,07/10/12,25,23,0.0,3.0,2.0,13.0,12.0,3.0,9.0,8.0,6.0,4.0,4.0,0.0,0.0
EPL_2012,07/10/12,32,14,2.0,2.0,1.0,13.0,14.0,6.0,5.0,8.0,8.0,4.0,0.0,0.0,0.0
EPL_2012,07/10/12,36,1,2.0,0.0,0.0,23.0,8.0,10.0,5.0,8.0,0.0,1.0,3.0,0.0,0.0
EPL_2012,20/10/12,14,1,1.0,0.0,0.0,17.0,9.0,8.0,4.0,6.0,4.0,1.0,2.0,0.0,0.0
EPL_2012,20/10/12,20,30,1.0,0.0,0.0,23.0,8.0,13.0,5.0,6.0,5.0,1.0,1.0,0.0,0.0
EPL_2012,20/10/12,23,33,4.0,2.0,0.0,13.0,8.0,8.0,6.0,3.0,3.0,1.0,1.0,0.0,0.0
EPL_2012,20/10/12,26,0,1.0,0.0,0.0,7.0,13.0,3.0,7.0,2.0,10.0,4.0,0.0,0.0,0.0
EPL_2012,20/10/12,35,40,2.0,1.0,0.0,18.0,10.0,11.0,7.0,9.0,2.0,2.0,3.0,0.0,0.0
EPL_2012,20/10/12,36,11,2.0,4.0,2.0,23.0,11.0,16.0,7.0,7.0,4.0,3.0,2.0,0.0,0.0
EPL_2012,20/10/12,38,22,1.0,2.0,2.0,16.0,21.0,8.0,13.0,6.0,9.0,4.0,3.0,0.0,1.0
EPL_2012,20/10/12,39,32,4.0,1.0,0.0,9.0,11.0,8.0,4.0,6.0,3.0,0.0,2.0,0.0,0.0
EPL_2012,21/10/12,29,13,1.0,1.0,1.0,14.0,10.0,6.0,4.0,5.0,4.0,2.0,1.0,0.0,1.0
EPL_2012,21/10/12,34,25,1.0,1.0,1.0,16.0,10.0,6.0,7.0,8.0,4.0,0.0,4.0,0.0,1.0
EPL_2012,27/10/12,0,29,1.0,0.0,0.0,21.0,4.0,11.0,3.0,5.0,2.0,1.0,2.0,0.0,1.0
EPL_2012,27/10/12,1,26,1.0,1.0,1.0,7.0,14.0,5.0,6.0,3.0,8.0,2.0,0.0,1.0,0.0
EPL_2012,27/10/12,22,35,1.0,0.0,0.0,10.0,9.0,5.0,5.0,3.0,0.0,1.0,2.0,0.0,0.0
EPL_2012,27/10/12,30,14,3.0,3.0,1.0,15.0,16.0,9.0,8.0,6.0,8.0,1.0,1.0,0.0,0.0
EPL_2012,27/10/12,33,34,0.0,0.0,1.0,11.0,6.0,6.0,3.0,7.0,3.0,2.0,2.0,0.0,0.0
EPL_2012,27/10/12,40,39,2.0,1.0,0.0,17.0,15.0,13.0,11.0,6.0,6.0,3.0,4.0,0.0,0.0
EPL_2012,28/10/12,11,23,2.0,3.0,2.0,14.0,15.0,11.0,7.0,8.0,6.0,2.0,2.0,2.0,0.0
EPL_2012,28/10/12,13,20,2.0,2.0,1.0,17.0,12.0,8.0,5.0,9.0,5.0,4.0,3.0,0.0,0.0
EPL_2012,28/10/12,25,38,2.0,1.0,0.0,10.0,8.0,6.0,4.0,6.0,4.0,3.0,2.0,0.0,0.0
EPL_2012,28/10/12,32,36,1.0,2.0,2.0,11.0,11.0,6.0,4.0,2.0,3.0,0.0,3.0,0.0,0.0
EPL_2012,03/11/12,14,13,2.0,2.0,1.0,8.0,26.0,5.0,15.0,5.0,9.0,3.0,1.0,0.0,0.0
EPL_2012,03/11/12,23,0,2.0,1.0,0.0,11.0,7.0,7.0,3.0,6.0,1.0,5.0,3.0,0.0,1.0
EPL_2012,03/11/12,26,33,1.0,0.0,0.0,12.0,8.0,8.0,3.0,9.0,1.0,1.0,5.0,0.0,0.0
EPL_2012,03/11/12,34,1,0.0,1.0,2.0,11.0,9.0,1.0,6.0,6.0,7.0,2.0,3.0,0.0,0.0
EPL_2012,03/11/12,35,11,1.0,1.0,1.0,9.0,11.0,7.0,7.0,8.0,6.0,4.0,1.0,0.0,0.0
EPL_2012,03/11/12,36,40,0.0,1.0,2.0,13.0,7.0,10.0,4.0,9.0,3.0,1.0,1.0,0.0,0.0
EPL_2012,03/11/12,39,22,0.0,0.0,1.0,6.0,18.0,1.0,8.0,3.0,7.0,3.0,0.0,0.0,0.0
EPL_2012,04/11/12,20,25,1.0,1.0,1.0,20.0,10.0,12.0,3.0,14.0,3.0,0.0,1.0,0.0,1.0
EPL_2012,04/11/12,29,30,1.0,1.0,1.0,23.0,18.0,12.0,8.0,8.0,8.0,0.0,2.0,0.0,0.0
EPL_2012,05/11/12,38,32,2.0,0.0,0.0,16.0,9.0,6.0,5.0,8.0,6.0,1.0,0.0,0.0,0.0
EPL_2012,10/11/12,0,14,3.0,3.0,1.0,15.0,9.0,9.0,5.0,8.0,6.0,1.0,2.0,0.0,0.0
EPL_2012,10/11/12,1,23,2.0,3.0,2.0,10.0,16.0,7.0,7.0,5.0,6.0,1.0,1.0,0.0,0.0
EPL_2012,10/11/12,13,34,2.0,1.0,0.0,16.0,6.0,10.0,4.0,6.0,2.0,1.0,3.0,0.0,0.0
EPL_2012,10/11/12,30,26,0.0,0.0,1.0,7.0,10.0,3.0,3.0,10.0,3.0,0.0,1.0,0.0,0.0
EPL_2012,10/11/12,32,35,1.0,1.0,1.0,11.0,5.0,5.0,3.0,10.0,6.0,2.0,2.0,0.0,0.0
EPL_2012,10/11/12,33,29,1.0,0.0,0.0,10.0,17.0,5.0,8.0,5.0,5.0,2.0,3.0,0.0,0.0
EPL_2012,10/11/12,40,38,1.0,2.0,2.0,14.0,7.0,6.0,4.0,5.0,8.0,1.0,4.0,0.0,0.0
EPL_2012,11/11/12,11,20,1.0,1.0,1.0,12.0,9.0,3.0,5.0,4.0,7.0,1.0,3.0,0.0,0.0
EPL_2012,11/11/12,22,36,2.0,1.0,0.0,16.0,6.0,8.0,2.0,8.0,2.0,1.0,2.0,0.0,0.0
EPL_2012,11/11/12,25,39,0.0,1.0,2.0,14.0,10.0,9.0,5.0,11.0,4.0,1.0,2.0,0.0,0.0
EPL_2012,17/11/12,0,36,5.0,2.0,0.0,13.0,6.0,10.0,4.0,6.0,6.0,1.0,2.0,0.0,1.0
EPL_2012,17/11/12,20,40,3.0,0.0,0.0,22.0,9.0,11.0,3.0,10.0,5.0,0.0,3.0,0.0,0.0
EPL_2012,17/11/12,22,1,5.0,0.0,0.0,21.0,10.0,8.0,8.0,9.0,4.0,0.0,1.0,0.0,0.0
EPL_2012,17/11/12,25,35,1.0,2.0,2.0,27.0,15.0,10.0,9.0,5.0,4.0,1.0,3.0,0.0,0.0
EPL_2012,17/11/12,26,23,1.0,0.0,0.0,10.0,12.0,5.0,9.0,0.0,12.0,0.0,1.0,0.0,0.0
EPL_2012,17/11/12,29,32,1.0,3.0,2.0,13.0,21.0,7.0,15.0,4.0,13.0,1.0,0.0,0.0,0.0
EPL_2012,17/11/12,30,13,2.0,1.0,0.0,12.0,21.0,4.0,11.0,7.0,13.0,3.0,2.0,0.0,0.0
EPL_2012,17/11/12,38,11,2.0,1.0,0.0,8.0,19.0,6.0,12.0,0.0,12.0,0.0,0.0,0.0,0.0
EPL_2012,18/11/12,14,34,1.0,3.0,2.0,18.0,12.0,13.0,9.0,4.0,4.0,1.0,3.0,1.0,0.0
EPL_2012,19/11/12,39,33,1.0,1.0,1.0,16.0,12.0,11.0,6.0,12.0,4.0,1.0,0.0,0.0,0.0
EPL_2012,24/11/12,1,0,0.0,0.0,1.0,10.0,13.0,8.0,6.0,7.0,6.0,1.0,0.0,0.0,0.0
EPL_2012,24/11/12,13,26,1.0,1.0,1.0,14.0,8.0,9.0,4.0,4.0,2.0,0.0,3.0,0.0,0.0
EPL_2012,24/11/12,23,29,3.0,1.0,0.0,15.0,10.0,10.0,6.0,9.0,7.0,1.0,1.0,0.0,0.0
EPL_2012,24/11/12,33,14,1.0,0.0,0.0,12.0,8.0,3.0,5.0,7.0,2.0,1.0,1.0,0.0,0.0
EPL_2012,24/11/12,34,38,2.0,4.0,2.0,19.0,11.0,12.0,6.0,7.0,2.0,2.0,3.0,0.0,0.0
EPL_2012,24/11/12,40,30,3.0,2.0,0.0,19.0,16.0,11.0,10.0,9.0,5.0,2.0,0.0,0.0,0.0
EPL_2012,25/11/12,11,22,0.0,0.0,1.0,5.0,11.0,1.0,7.0,6.0,11.0,0.0,3.0,0.0,0.0
EPL_2012,25/11/12,32,25,2.0,0.0,0.0,17.0,8.0,10.0,3.0,4.0,3.0,2.0,2.0,0.0,0.0
EPL_2012,25/11/12,35,20,0.0,0.0,1.0,17.0,21.0,8.0,14.0,7.0,6.0,1.0,0.0,0.0,0.0
EPL_2012,25/11/12,36,39,3.0,1.0,0.0,25.0,10.0,13.0,6.0,4.0,2.0,1.0,2.0,0.0,0.0
EPL_2012,27/11/12,1,30,1.0,0.0,0.0,15.0,11.0,7.0,6.0,8.0,3.0,1.0,0.0,0.0,0.0
EPL_2012,27/11/12,34,29,0.0,0.0,1.0,13.0,13.0,8.0,9.0,5.0,8.0,1.0,3.0,0.0,0.0
EPL_2012,28/11/12,11,14,0.0,0.0,1.0,17.0,8.0,13.0,7.0,10.0,2.0,3.0,0.0,0.0,0.0
EPL_2012,28/11/12,13,0,1.0,1.0,1.0,14.0,12.0,10.0,9.0,6.0,6.0,2.0,1.0,0.0,0.0
EPL_2012,28/11/12,23,39,1.0,0.0,0.0,23.0,9.0,13.0,3.0,5.0,5.0,1.0,1.0,0.0,0.0
EPL_2012,28/11/12,32,26,1.0,1.0,1.0,8.0,9.0,2.0,5.0,3.0,7.0,1.0,1.0,0.0,0.0
EPL_2012,28/11/12,33,25,2.0,1.0,0.0,11.0,7.0,5.0,6.0,7.0,2.0,2.0,2.0,0.0,0.0
EPL_2012,28/11/12,35,38,3.0,1.0,0.0,13.0,6.0,8.0,2.0,5.0,2.0,0.0,4.0,0.0,0.0
EPL_2012,28/11/12,36,20,2.0,1.0,0.0,14.0,14.0,7.0,9.0,1.0,12.0,1.0,2.0,0.0,0.0
EPL_2012,28/11/12,40,22,0.0,2.0,2.0,9.0,15.0,4.0,6.0,6.0,6.0,1.0,1.0,0.0,0.0
EPL_2012,01/12/12,0,35,0.0,2.0,2.0,10.0,12.0,8.0,10.0,8.0,5.0,1.0,0.0,0.0,0.0
EPL_2012,01/12/12,14,36,0.0,3.0,2.0,8.0,10.0,2.0,6.0,2.0,1.0,0.0,2.0,0.0,0.0
EPL_2012,01/12/12,20,32,1.0,0.0,0.0,24.0,8.0,11.0,4.0,10.0,4.0,2.0,0.0,0.0,0.0
EPL_2012,01/12/12,22,13,1.0,1.0,1.0,9.0,8.0,6.0,5.0,5.0,2.0,2.0,1.0,0.0,0.0
EPL_2012,01/12/12,29,1,1.0,1.0,1.0,17.0,7.0,12.0,3.0,11.0,4.0,1.0,2.0,0.0,0.0
EPL_2012,01/12/12,30,23,3.0,4.0,2.0,10.0,10.0,7.0,5.0,6.0,1.0,1.0,1.0,0.0,0.0
EPL_2012,01/12/12,38,33,0.0,1.0,2.0,14.0,6.0,11.0,4.0,5.0,5.0,0.0,3.0,0.0,0.0
EPL_2012,01/12/12,39,11,3.0,1.0,0.0,16.0,16.0,13.0,9.0,14.0,5.0,1.0,2.0,0.0,0.0
EPL_2012,02/12/12,26,34,2.0,1.0,0.0,7.0,16.0,5.0,6.0,2.0,6.0,0.0,2.0,0.0,0.0
EPL_2012,03/12/12,25,40,3.0,0.0,0.0,16.0,9.0,8.0,4.0,4.0,4.0,1.0,3.0,0.0,1.0
EPL_2012,08/12/12,0,38,2.0,0.0,0.0,16.0,7.0,7.0,2.0,7.0,4.0,2.0,3.0,0.0,0.0
EPL_2012,08/12/12,1,33,0.0,0.0,1.0,9.0,1.0,5.0,0.0,3.0,2.0,0.0,1.0,0.0,1.0
EPL_2012,08/12/12,32,30,1.0,0.0,0.0,18.0,6.0,9.0,2.0,7.0,4.0,0.0,0.0,0.0,0.0
EPL_2012,08/12/12,34,11,1.0,3.0,2.0,14.0,11.0,10.0,5.0,11.0,1.0,1.0,3.0,0.0,0.0
EPL_2012,08/12/12,35,26,3.0,4.0,2.0,21.0,10.0,10.0,8.0,6.0,2.0,2.0,1.0,0.0,0.0
EPL_2012,08/12/12,40,29,2.0,2.0,1.0,14.0,8.0,9.0,4.0,11.0,4.0,0.0,1.0,0.0,0.0
EPL_2012,09/12/12,13,36,2.0,1.0,0.0,17.0,8.0,11.0,6.0,4.0,4.0,2.0,2.0,0.0,0.0
EPL_2012,09/12/12,22,23,2.0,3.0,2.0,16.0,8.0,11.0,3.0,8.0,2.0,4.0,3.0,0.0,0.0
EPL_2012,09/12/12,39,20,2.0,3.0,2.0,9.0,16.0,6.0,8.0,2.0,5.0,1.0,2.0,0.0,0.0
EPL_2012,10/12/12,14,25,2.0,1.0,0.0,16.0,20.0,7.0,13.0,5.0,4.0,0.0,0.0,0.0,0.0
EPL_2012,11/12/12,34,30,3.0,0.0,0.0,16.0,12.0,11.0,5.0,6.0,8.0,2.0,1.0,0.0,0.0
EPL_2012,15/12/12,20,1,1.0,3.0,2.0,26.0,9.0,17.0,6.0,7.0,2.0,1.0,2.0,0.0,0.0
EPL_2012,15/12/12,23,34,3.0,1.0,0.0,15.0,13.0,6.0,10.0,9.0,9.0,0.0,0.0,0.0,0.0
EPL_2012,15/12/12,25,22,1.0,3.0,2.0,17.0,16.0,8.0,10.0,12.0,7.0,3.0,2.0,0.0,0.0
EPL_2012,15/12/12,26,40,2.0,1.0,0.0,16.0,12.0,10.0,6.0,7.0,3.0,3.0,1.0,0.0,0.0
EPL_2012,15/12/12,29,14,2.0,1.0,0.0,19.0,6.0,9.0,3.0,3.0,3.0,1.0,2.0,0.0,0.0
EPL_2012,15/12/12,33,13,1.0,1.0,1.0,14.0,9.0,8.0,5.0,4.0,8.0,1.0,0.0,0.0,0.0
EPL_2012,16/12/12,36,35,1.0,0.0,0.0,24.0,4.0,16.0,0.0,9.0,3.0,2.0,3.0,0.0,0.0
EPL_2012,16/12/12,38,39,0.0,0.0,1.0,19.0,10.0,10.0,2.0,8.0,2.0,3.0,3.0,0.0,0.0
EPL_2012,17/12/12,30,0,2.0,5.0,2.0,7.0,25.0,5.0,17.0,3.0,7.0,1.0,1.0,0.0,0.0
EPL_2012,22/12/12,20,14,4.0,0.0,0.0,22.0,7.0,12.0,6.0,8.0,2.0,1.0,2.0,0.0,0.0
EPL_2012,22/12/12,22,30,1.0,0.0,0.0,17.0,6.0,10.0,1.0,12.0,3.0,2.0,3.0,0.0,0.0
EPL_2012,22/12/12,25,29,1.0,0.0,0.0,18.0,5.0,8.0,4.0,10.0,3.0,3.0,2.0,0.0,0.0
EPL_2012,22/12/12,32,34,0.0,1.0,2.0,13.0,10.0,7.0,6.0,8.0,5.0,0.0,3.0,0.0,0.0
EPL_2012,22/12/12,36,33,0.0,0.0,1.0,21.0,4.0,14.0,2.0,11.0,4.0,2.0,5.0,0.0,0.0
EPL_2012,22/12/12,38,26,2.0,1.0,0.0,12.0,10.0,8.0,4.0,6.0,5.0,1.0,1.0,0.0,0.0
EPL_2012,22/12/12,39,13,1.0,2.0,2.0,6.0,15.0,5.0,8.0,3.0,5.0,1.0,0.0,1.0,1.0
EPL_2012,22/12/12,40,0,0.0,1.0,2.0,13.0,10.0,5.0,8.0,4.0,4.0,1.0,1.0,0.0,0.0
EPL_2012,23/12/12,11,1,8.0,0.0,0.0,24.0,7.0,18.0,4.0,8.0,4.0,0.0,0.0,0.0,0.0
EPL_2012,23/12/12,35,23,1.0,1.0,1.0,14.0,19.0,10.0,16.0,3.0,6.0,2.0,4.0,0.0,0.0
EPL_2012,26/12/12,1,36,0.0,4.0,2.0,4.0,20.0,1.0,16.0,2.0,16.0,1.0,0.0,0.0,0.0
EPL_2012,26/12/12,13,40,2.0,1.0,0.0,17.0,10.0,9.0,6.0,11.0,2.0,1.0,3.0,0.0,0.0
EPL_2012,26/12/12,14,32,1.0,1.0,1.0,10.0,7.0,2.0,3.0,3.0,5.0,3.0,0.0,0.0,0.0
EPL_2012,26/12/12,23,25,4.0,3.0,0.0,16.0,16.0,10.0,11.0,2.0,2.0,3.0,3.0,0.0,0.0
EPL_2012,26/12/12,26,11,0.0,1.0,2.0,8.0,20.0,4.0,11.0,5.0,7.0,1.0,1.0,0.0,0.0
EPL_2012,26/12/12,29,38,1.0,2.0,2.0,18.0,12.0,8.0,6.0,14.0,9.0,1.0,0.0,0.0,0.0
EPL_2012,26/12/12,30,35,0.0,0.0,1.0,3.0,10.0,2.0,4.0,6.0,4.0,2.0,1.0,0.0,0.0
EPL_2012,26/12/12,33,20,3.0,1.0,0.0,7.0,12.0,6.0,6.0,6.0,8.0,3.0,1.0,0.0,0.0
EPL_2012,26/12/12,34,22,1.0,0.0,0.0,12.0,19.0,6.0,12.0,3.0,7.0,1.0,3.0,0.0,0.0
EPL_2012,29/12/12,0,25,7.0,3.0,0.0,16.0,10.0,12.0,8.0,5.0,6.0,0.0,1.0,0.0,0.0
EPL_2012,29/12/12,1,40,0.0,3.0,2.0,11.0,9.0,4.0,6.0,4.0,3.0,3.0,2.0,0.0,0.0
EPL_2012,29/12/12,14,35,1.0,2.0,2.0,22.0,10.0,13.0,9.0,9.0,8.0,2.0,1.0,0.0,0.0
EPL_2012,29/12/12,23,38,2.0,0.0,0.0,17.0,13.0,14.0,9.0,9.0,6.0,1.0,0.0,0.0,0.0
EPL_2012,29/12/12,26,22,3.0,4.0,2.0,13.0,13.0,8.0,9.0,4.0,9.0,3.0,1.0,0.0,1.0
EPL_2012,29/12/12,30,39,1.0,0.0,0.0,3.0,11.0,2.0,3.0,2.0,2.0,3.0,4.0,0.0,0.0
EPL_2012,29/12/12,33,32,3.0,3.0,1.0,10.0,8.0,8.0,7.0,7.0,4.0,1.0,2.0,1.0,0.0
EPL_2012,29/12/12,34,36,1.0,2.0,2.0,9.0,18.0,6.0,14.0,3.0,8.0,1.0,3.0,0.0,0.0
EPL_2012,30/12/12,13,11,1.0,2.0,2.0,12.0,15.0,6.0,10.0,7.0,7.0,2.0,3.0,0.0,0.0
EPL_2012,30/12/12,29,20,0.0,3.0,2.0,14.0,16.0,7.0,11.0,1.0,9.0,2.0,1.0,0.0,0.0
EPL_2012,01/01/13,22,33,3.0,0.0,0.0,17.0,4.0,9.0,3.0,7.0,2.0,2.0,2.0,0.0,0.0
EPL_2012,01/01/13,32,0,1.0,1.0,1.0,9.0,6.0,6.0,4.0,3.0,3.0,2.0,0.0,0.0,0.0
EPL_2012,01/01/13,35,1,2.0,2.0,1.0,23.0,8.0,13.0,6.0,3.0,2.0,0.0,4.0,0.0,0.0
EPL_2012,01/01/13,36,30,3.0,1.0,0.0,30.0,7.0,20.0,4.0,12.0,3.0,0.0,0.0,0.0,0.0
EPL_2012,01/01/13,38,14,1.0,2.0,2.0,17.0,10.0,10.0,5.0,10.0,5.0,0.0,0.0,0.0,0.0
EPL_2012,01/01/13,39,26,2.0,1.0,0.0,14.0,9.0,8.0,3.0,11.0,3.0,0.0,0.0,0.0,0.0
EPL_2012,01/01/13,40,23,0.0,4.0,2.0,7.0,14.0,3.0,9.0,1.0,6.0,1.0,1.0,0.0,0.0
EPL_2012,02/01/13,11,29,0.0,1.0,2.0,23.0,8.0,11.0,5.0,14.0,2.0,1.0,1.0,0.0,0.0
EPL_2012,02/01/13,20,34,3.0,0.0,0.0,27.0,6.0,16.0,5.0,9.0,5.0,0.0,1.0,0.0,0.0
EPL_2012,02/01/13,25,13,1.0,2.0,2.0,14.0,7.0,11.0,6.0,4.0,6.0,3.0,2.0,0.0,0.0
EPL_2012,12/01/13,1,32,0.0,1.0,2.0,16.0,11.0,10.0,4.0,9.0,5.0,1.0,1.0,0.0,0.0
EPL_2012,12/01/13,13,35,0.0,0.0,1.0,16.0,4.0,8.0,2.0,7.0,1.0,1.0,4.0,0.0,0.0
EPL_2012,12/01/13,14,40,1.0,1.0,1.0,14.0,15.0,5.0,6.0,6.0,8.0,0.0,1.0,0.0,0.0
EPL_2012,12/01/13,26,25,0.0,0.0,1.0,12.0,9.0,3.0,4.0,5.0,4.0,0.0,1.0,0.0,0.0
EPL_2012,12/01/13,29,36,0.0,0.0,1.0,4.0,16.0,1.0,8.0,2.0,6.0,1.0,1.0,0.0,0.0
EPL_2012,12/01/13,30,38,3.0,2.0,0.0,7.0,11.0,7.0,6.0,8.0,4.0,1.0,1.0,0.0,0.0
EPL_2012,12/01/13,33,11,0.0,4.0,2.0,11.0,11.0,5.0,9.0,6.0,7.0,1.0,0.0,0.0,0.0
EPL_2012,12/01/13,34,39,3.0,0.0,0.0,18.0,9.0,14.0,4.0,4.0,6.0,0.0,3.0,0.0,0.0
EPL_2012,13/01/13,0,22,0.0,2.0,2.0,9.0,16.0,4.0,9.0,2.0,7.0,2.0,4.0,1.0,1.0
EPL_2012,13/01/13,23,20,2.0,1.0,0.0,15.0,12.0,10.0,5.0,3.0,1.0,1.0,4.0,0.0,0.0
EPL_2012,16/01/13,11,32,2.0,2.0,1.0,19.0,7.0,10.0,3.0,4.0,3.0,1.0,0.0,0.0,0.0
EPL_2012,19/01/13,20,26,5.0,0.0,0.0,17.0,5.0,10.0,3.0,10.0,4.0,1.0,1.0,0.0,0.0
EPL_2012,19/01/13,22,14,2.0,0.0,0.0,20.0,3.0,11.0,0.0,1.0,2.0,1.0,2.0,0.0,0.0
EPL_2012,19/01/13,25,30,1.0,2.0,2.0,15.0,6.0,10.0,2.0,6.0,2.0,2.0,3.0,0.0,0.0
EPL_2012,19/01/13,35,33,3.0,1.0,0.0,12.0,7.0,6.0,2.0,7.0,6.0,0.0,0.0,0.0,0.0
EPL_2012,19/01/13,38,1,2.0,2.0,1.0,25.0,11.0,9.0,7.0,8.0,8.0,3.0,3.0,0.0,0.0
EPL_2012,19/01/13,39,29,1.0,1.0,1.0,22.0,9.0,13.0,6.0,12.0,2.0,1.0,0.0,0.0,0.0
EPL_2012,19/01/13,40,34,2.0,3.0,2.0,20.0,10.0,11.0,5.0,9.0,0.0,3.0,2.0,0.0,0.0
EPL_2012,20/01/13,11,0,2.0,1.0,0.0,13.0,12.0,8.0,8.0,3.0,9.0,2.0,1.0,0.0,0.0
EPL_2012,20/01/13,36,23,1.0,1.0,1.0,23.0,6.0,18.0,4.0,9.0,4.0,1.0,4.0,0.0,0.0
EPL_2012,21/01/13,32,13,0.0,0.0,1.0,14.0,10.0,11.0,7.0,10.0,6.0,2.0,1.0,0.0,0.0
EPL_2012,23/01/13,0,39,5.0,1.0,0.0,23.0,7.0,17.0,5.0,13.0,5.0,0.0,1.0,0.0,0.0
EPL_2012,29/01/13,1,25,1.0,2.0,2.0,10.0,10.0,4.0,7.0,3.0,4.0,5.0,2.0,0.0,0.0
EPL_2012,29/01/13,29,22,0.0,0.0,1.0,5.0,15.0,3.0,7.0,2.0,10.0,2.0,2.0,0.0,0.0
EPL_2012,29/01/13,33,40,2.0,2.0,1.0,9.0,11.0,4.0,6.0,0.0,1.0,1.0,1.0,0.0,0.0
EPL_2012,29/01/13,34,35,0.0,0.0,1.0,4.0,18.0,2.0,8.0,3.0,4.0,1.0,2.0,0.0,0.0
EPL_2012,30/01/13,0,20,2.0,2.0,1.0,14.0,10.0,6.0,5.0,8.0,6.0,3.0,1.0,0.0,0.0
EPL_2012,30/01/13,13,38,2.0,1.0,0.0,11.0,7.0,4.0,4.0,5.0,2.0,0.0,2.0,0.0,0.0
EPL_2012,30/01/13,14,39,3.0,1.0,0.0,13.0,8.0,6.0,4.0,2.0,8.0,2.0,0.0,0.0,0.0
EPL_2012,30/01/13,23,32,2.0,1.0,0.0,11.0,21.0,7.0,10.0,4.0,8.0,2.0,1.0,0.0,0.0
EPL_2012,30/01/13,26,36,1.0,1.0,1.0,8.0,12.0,4.0,7.0,3.0,6.0,4.0,1.0,0.0,0.0
EPL_2012,30/01/13,30,11,2.0,2.0,1.0,5.0,14.0,2.0,5.0,0.0,6.0,1.0,2.0,0.0,0.0
EPL_2012,02/02/13,0,33,1.0,0.0,0.0,15.0,6.0,9.0,2.0,11.0,1.0,0.0,3.0,0.0,0.0
EPL_2012,02/02/13,13,1,3.0,3.0,1.0,22.0,8.0,13.0,4.0,15.0,2.0,1.0,4.0,0.0,0.0
EPL_2012,02/02/13,14,23,0.0,1.0,2.0,15.0,13.0,8.0,8.0,5.0,8.0,1.0,1.0,0.0,0.0
EPL_2012,02/02/13,25,11,3.0,2.0,0.0,19.0,12.0,13.0,6.0,5.0,4.0,2.0,3.0,0.0,0.0
EPL_2012,02/02/13,29,26,0.0,0.0,1.0,15.0,14.0,7.0,9.0,10.0,8.0,2.0,5.0,0.0,0.0
EPL_2012,02/02/13,30,34,2.0,1.0,0.0,9.0,10.0,5.0,6.0,6.0,8.0,1.0,3.0,0.0,0.0
EPL_2012,02/02/13,39,35,1.0,0.0,0.0,18.0,11.0,9.0,7.0,5.0,3.0,1.0,1.0,0.0,0.0
EPL_2012,02/02/13,40,32,2.0,2.0,1.0,5.0,15.0,3.0,7.0,8.0,5.0,0.0,2.0,0.0,0.0
EPL_2012,03/02/13,22,20,2.0,2.0,1.0,9.0,21.0,5.0,12.0,9.0,10.0,2.0,4.0,0.0,0.0
EPL_2012,03/02/13,38,36,0.0,1.0,2.0,4.0,21.0,3.0,13.0,2.0,17.0,1.0,0.0,1.0,0.0
EPL_2012,09/02/13,11,40,4.0,1.0,0.0,25.0,13.0,17.0,10.0,10.0,6.0,1.0,2.0,0.0,0.0
EPL_2012,09/02/13,26,14,0.0,0.0,1.0,15.0,7.0,8.0,5.0,3.0,4.0,2.0,2.0,0.0,0.0
EPL_2012,09/02/13,32,22,3.0,1.0,0.0,13.0,7.0,7.0,4.0,6.0,6.0,1.0,2.0,0.0,0.0
EPL_2012,09/02/13,33,30,2.0,1.0,0.0,13.0,5.0,10.0,4.0,11.0,3.0,2.0,0.0,0.0,0.0
EPL_2012,09/02/13,34,0,0.0,1.0,2.0,12.0,18.0,7.0,9.0,11.0,2.0,3.0,2.0,0.0,1.0
EPL_2012,09/02/13,35,29,4.0,1.0,0.0,13.0,14.0,12.0,8.0,5.0,2.0,1.0,3.0,0.0,0.0
EPL_2012,09/02/13,36,25,2.0,1.0,0.0,16.0,9.0,9.0,7.0,11.0,5.0,0.0,2.0,0.0,0.0
EPL_2012,10/02/13,1,39,2.0,1.0,0.0,7.0,13.0,2.0,7.0,4.0,10.0,3.0,2.0,0.0,0.0
EPL_2012,10/02/13,23,13,2.0,0.0,0.0,10.0,9.0,6.0,8.0,7.0,6.0,0.0,2.0,0.0,0.0
EPL_2012,11/02/13,20,38,0.0,2.0,2.0,23.0,4.0,14.0,3.0,13.0,5.0,1.0,4.0,0.0,0.0
EPL_2012,17/02/13,20,35,5.0,0.0,0.0,33.0,4.0,18.0,3.0,10.0,1.0,0.0,1.0,0.0,0.0
EPL_2012,23/02/13,0,1,2.0,1.0,0.0,24.0,5.0,14.0,3.0,12.0,3.0,1.0,2.0,0.0,0.0
EPL_2012,23/02/13,14,33,1.0,0.0,0.0,20.0,7.0,9.0,2.0,9.0,4.0,1.0,3.0,0.0,0.0
EPL_2012,23/02/13,26,13,2.0,1.0,0.0,10.0,11.0,9.0,5.0,7.0,5.0,1.0,1.0,0.0,0.0
EPL_2012,23/02/13,29,23,0.0,2.0,2.0,12.0,13.0,5.0,8.0,2.0,4.0,0.0,0.0,0.0,0.0
EPL_2012,23/02/13,30,40,0.0,3.0,2.0,7.0,14.0,1.0,8.0,2.0,9.0,1.0,1.0,1.0,0.0
EPL_2012,23/02/13,38,34,2.0,1.0,0.0,17.0,10.0,7.0,6.0,5.0,5.0,2.0,1.0,0.0,0.0
EPL_2012,24/02/13,22,11,2.0,0.0,0.0,15.0,4.0,11.0,1.0,6.0,6.0,3.0,1.0,0.0,0.0
EPL_2012,24/02/13,25,32,4.0,2.0,0.0,11.0,11.0,5.0,7.0,7.0,3.0,0.0,4.0,0.0,0.0
EPL_2012,25/02/13,39,36,2.0,3.0,2.0,8.0,25.0,6.0,16.0,6.0,12.0,4.0,1.0,0.0,0.0
EPL_2012,02/03/13,11,38,1.0,0.0,0.0,25.0,8.0,19.0,4.0,9.0,7.0,1.0,2.0,0.0,0.0
EPL_2012,02/03/13,13,30,3.0,1.0,0.0,18.0,12.0,12.0,6.0,9.0,10.0,1.0,1.0,0.0,0.0
EPL_2012,02/03/13,23,26,4.0,0.0,0.0,13.0,1.0,10.0,1.0,7.0,3.0,0.0,4.0,0.0,0.0
EPL_2012,02/03/13,32,29,1.0,2.0,2.0,17.0,5.0,9.0,3.0,6.0,3.0,1.0,3.0,0.0,0.0
EPL_2012,02/03/13,33,39,0.0,1.0,2.0,10.0,10.0,2.0,7.0,4.0,2.0,1.0,2.0,0.0,0.0
EPL_2012,02/03/13,34,14,2.0,2.0,1.0,12.0,7.0,6.0,4.0,7.0,3.0,1.0,3.0,0.0,0.0
EPL_2012,02/03/13,35,25,1.0,0.0,0.0,10.0,14.0,7.0,7.0,7.0,7.0,0.0,2.0,0.0,0.0
EPL_2012,02/03/13,40,20,0.0,4.0,2.0,15.0,8.0,11.0,7.0,4.0,3.0,2.0,2.0,0.0,0.0
EPL_2012,03/03/13,36,0,2.0,1.0,0.0,11.0,10.0,5.0,6.0,4.0,6.0,3.0,1.0,0.0,0.0
EPL_2012,04/03/13,1,22,0.0,1.0,2.0,10.0,20.0,5.0,12.0,6.0,5.0,2.0,0.0,0.0,0.0
EPL_2012,09/03/13,26,32,0.0,0.0,1.0,3.0,15.0,2.0,7.0,1.0,7.0,2.0,3.0,0.0,0.0
EPL_2012,09/03/13,29,34,3.0,1.0,0.0,15.0,7.0,8.0,3.0,4.0,5.0,0.0,2.0,0.0,0.0
EPL_2012,09/03/13,30,1,1.0,2.0,2.0,10.0,18.0,4.0,7.0,6.0,1.0,2.0,3.0,0.0,0.0
EPL_2012,09/03/13,38,35,2.0,1.0,0.0,12.0,9.0,6.0,4.0,3.0,3.0,1.0,1.0,0.0,0.0
EPL_2012,10/03/13,20,36,3.0,2.0,0.0,10.0,15.0,4.0,9.0,1.0,4.0,1.0,1.0,0.0,0.0
EPL_2012,10/03/13,25,33,2.0,1.0,0.0,14.0,7.0,6.0,4.0,14.0,4.0,1.0,1.0,0.0,0.0
EPL_2012,16/03/13,1,29,3.0,2.0,0.0,10.0,18.0,6.0,11.0,9.0,6.0,3.0,2.0,0.0,0.0
EPL_2012,16/03/13,13,22,2.0,0.0,0.0,11.0,17.0,5.0,11.0,13.0,6.0,4.0,3.0,1.0,0.0
EPL_2012,16/03/13,23,30,1.0,0.0,0.0,17.0,5.0,8.0,1.0,5.0,4.0,0.0,2.0,0.0,0.0
EPL_2012,16/03/13,32,20,3.0,1.0,0.0,17.0,8.0,12.0,6.0,7.0,5.0,0.0,1.0,0.0,0.0
EPL_2012,16/03/13,33,38,0.0,0.0,1.0,13.0,9.0,5.0,5.0,7.0,1.0,2.0,2.0,0.0,0.0
EPL_2012,16/03/13,35,0,0.0,2.0,2.0,9.0,15.0,2.0,11.0,3.0,7.0,1.0,1.0,0.0,0.0
EPL_2012,17/03/13,11,39,2.0,0.0,0.0,24.0,15.0,14.0,9.0,5.0,5.0,0.0,2.0,0.0,0.0
EPL_2012,17/03/13,34,26,1.0,1.0,1.0,16.0,7.0,8.0,3.0,5.0,9.0,1.0,3.0,0.0,1.0
EPL_2012,17/03/13,36,14,0.0,1.0,2.0,12.0,6.0,6.0,2.0,5.0,5.0,1.0,1.0,0.0,0.0
EPL_2012,17/03/13,40,25,2.0,1.0,0.0,13.0,9.0,10.0,4.0,7.0,3.0,1.0,1.0,0.0,0.0
EPL_2012,30/03/13,0,30,4.0,1.0,0.0,23.0,4.0,14.0,2.0,11.0,3.0,0.0,1.0,0.0,0.0
EPL_2012,30/03/13,13,33,1.0,0.0,0.0,15.0,10.0,9.0,5.0,4.0,3.0,1.0,3.0,0.0,0.0
EPL_2012,30/03/13,22,25,4.0,0.0,0.0,19.0,5.0,11.0,1.0,9.0,2.0,0.0,2.0,0.0,0.0
EPL_2012,30/03/13,32,11,2.0,1.0,0.0,13.0,7.0,8.0,4.0,7.0,7.0,2.0,1.0,0.0,0.0
EPL_2012,30/03/13,34,23,0.0,1.0,2.0,9.0,10.0,4.0,6.0,3.0,6.0,3.0,1.0,0.0,0.0
EPL_2012,30/03/13,35,36,1.0,2.0,2.0,11.0,9.0,3.0,7.0,5.0,2.0,2.0,4.0,0.0,0.0
EPL_2012,30/03/13,39,38,3.0,1.0,0.0,14.0,17.0,8.0,11.0,5.0,3.0,1.0,1.0,0.0,1.0
EPL_2012,30/03/13,40,26,1.0,0.0,0.0,13.0,9.0,6.0,5.0,10.0,3.0,1.0,2.0,0.0,0.0
EPL_2012,31/03/13,1,20,1.0,2.0,2.0,10.0,16.0,7.0,12.0,7.0,8.0,1.0,1.0,0.0,0.0
EPL_2012,01/04/13,14,29,3.0,2.0,0.0,9.0,19.0,5.0,11.0,3.0,6.0,2.0,1.0,1.0,0.0
EPL_2012,06/04/13,26,35,2.0,2.0,1.0,12.0,16.0,9.0,9.0,2.0,5.0,5.0,3.0,0.0,0.0
EPL_2012,06/04/13,30,32,0.0,2.0,2.0,8.0,12.0,3.0,4.0,8.0,4.0,0.0,0.0,0.0,0.0
EPL_2012,06/04/13,33,1,1.0,3.0,2.0,6.0,11.0,2.0,8.0,4.0,2.0,3.0,1.0,0.0,0.0
EPL_2012,06/04/13,38,0,1.0,2.0,2.0,16.0,11.0,5.0,6.0,6.0,4.0,2.0,4.0,0.0,1.0
EPL_2012,07/04/13,11,34,2.0,1.0,0.0,14.0,7.0,7.0,3.0,8.0,5.0,0.0,2.0,0.0,0.0
EPL_2012,07/04/13,20,39,0.0,0.0,1.0,19.0,10.0,12.0,4.0,12.0,2.0,0.0,1.0,0.0,0.0
EPL_2012,07/04/13,25,14,1.0,0.0,0.0,20.0,5.0,10.0,3.0,10.0,3.0,2.0,2.0,0.0,0.0
EPL_2012,07/04/13,29,40,1.0,1.0,1.0,6.0,16.0,2.0,10.0,2.0,10.0,2.0,3.0,1.0,0.0
EPL_2012,07/04/13,36,13,2.0,2.0,1.0,19.0,9.0,10.0,5.0,7.0,6.0,1.0,1.0,0.0,0.0
EPL_2012,08/04/13,23,22,1.0,2.0,2.0,16.0,9.0,7.0,5.0,9.0,4.0,3.0,5.0,0.0,0.0
EPL_2012,13/04/13,0,26,3.0,1.0,0.0,10.0,5.0,7.0,5.0,9.0,3.0,1.0,2.0,0.0,0.0
EPL_2012,13/04/13,1,14,1.0,1.0,1.0,15.0,8.0,7.0,3.0,8.0,5.0,1.0,2.0,0.0,0.0
EPL_2012,13/04/13,13,29,2.0,0.0,0.0,14.0,8.0,10.0,5.0,13.0,5.0,3.0,3.0,0.0,0.0
EPL_2012,13/04/13,30,20,0.0,0.0,1.0,7.0,26.0,5.0,15.0,4.0,9.0,2.0,1.0,0.0,0.0
EPL_2012,13/04/13,32,39,1.0,1.0,1.0,15.0,6.0,11.0,4.0,7.0,4.0,2.0,3.0,0.0,0.0
EPL_2012,14/04/13,25,34,0.0,3.0,2.0,15.0,8.0,9.0,7.0,10.0,9.0,3.0,2.0,0.0,0.0
EPL_2012,14/04/13,33,23,0.0,2.0,2.0,13.0,9.0,4.0,3.0,3.0,7.0,1.0,1.0,0.0,0.0
EPL_2012,16/04/13,0,13,0.0,0.0,1.0,10.0,10.0,6.0,5.0,8.0,1.0,2.0,3.0,0.0,0.0
EPL_2012,17/04/13,14,11,0.0,3.0,2.0,11.0,13.0,7.0,10.0,6.0,5.0,2.0,1.0,0.0,0.0
EPL_2012,17/04/13,22,40,1.0,0.0,0.0,10.0,8.0,4.0,6.0,5.0,4.0,2.0,1.0,0.0,0.0
EPL_2012,17/04/13,39,23,2.0,2.0,1.0,10.0,15.0,4.0,9.0,2.0,5.0,1.0,0.0,0.0,0.0
EPL_2012,20/04/13,14,0,0.0,1.0,2.0,7.0,10.0,5.0,7.0,7.0,3.0,0.0,2.0,1.0,1.0
EPL_2012,20/04/13,26,30,2.0,1.0,0.0,19.0,14.0,9.0,6.0,8.0,8.0,2.0,3.0,0.0,0.0
EPL_2012,20/04/13,29,33,0.0,2.0,2.0,25.0,11.0,11.0,4.0,5.0,5.0,1.0,2.0,0.0,0.0
EPL_2012,20/04/13,34,13,1.0,0.0,0.0,8.0,8.0,4.0,5.0,3.0,10.0,1.0,2.0,0.0,0.0
EPL_2012,20/04/13,35,32,0.0,0.0,1.0,14.0,9.0,7.0,5.0,7.0,2.0,0.0,0.0,0.0,0.0
EPL_2012,20/04/13,38,25,1.0,1.0,1.0,8.0,10.0,4.0,6.0,15.0,2.0,0.0,2.0,0.0,0.0
EPL_2012,20/04/13,39,40,2.0,0.0,0.0,17.0,18.0,11.0,10.0,3.0,6.0,3.0,1.0,0.0,0.0
EPL_2012,21/04/13,20,11,2.0,2.0,1.0,23.0,9.0,12.0,6.0,8.0,5.0,5.0,2.0,0.0,0.0
EPL_2012,21/04/13,36,22,3.0,1.0,0.0,11.0,11.0,8.0,7.0,4.0,5.0,3.0,3.0,0.0,0.0
EPL_2012,22/04/13,23,1,3.0,0.0,0.0,10.0,8.0,5.0,5.0,5.0,3.0,1.0,0.0,0.0,0.0
EPL_2012,27/04/13,13,14,1.0,0.0,0.0,17.0,6.0,10.0,2.0,7.0,2.0,1.0,3.0,0.0,0.0
EPL_2012,27/04/13,22,39,2.0,1.0,0.0,16.0,9.0,10.0,6.0,9.0,4.0,1.0,3.0,0.0,0.0
EPL_2012,27/04/13,25,20,0.0,6.0,2.0,5.0,11.0,1.0,10.0,5.0,7.0,3.0,2.0,1.0,0.0
EPL_2012,27/04/13,32,38,0.0,3.0,2.0,16.0,11.0,4.0,9.0,7.0,6.0,2.0,2.0,2.0,1.0
EPL_2012,27/04/13,33,26,1.0,0.0,0.0,12.0,5.0,4.0,0.0,5.0,3.0,4.0,2.0,0.0,0.0
EPL_2012,27/04/13,40,36,2.0,2.0,1.0,6.0,14.0,4.0,7.0,3.0,3.0,3.0,1.0,0.0,0.0
EPL_2012,28/04/13,0,23,1.0,1.0,1.0,19.0,10.0,13.0,5.0,7.0,2.0,3.0,5.0,0.0,0.0
EPL_2012,28/04/13,11,35,2.0,0.0,0.0,21.0,11.0,14.0,8.0,6.0,3.0,1.0,3.0,0.0,0.0
EPL_2012,28/04/13,30,29,0.0,0.0,1.0,13.0,15.0,7.0,5.0,9.0,7.0,0.0,2.0,0.0,0.0
EPL_2012,29/04/13,1,34,6.0,1.0,0.0,18.0,7.0,15.0,4.0,4.0,4.0,0.0,3.0,0.0,1.0
EPL_2012,04/05/13,14,30,2.0,4.0,2.0,18.0,20.0,13.0,13.0,3.0,3.0,2.0,1.0,0.0,0.0
EPL_2012,04/05/13,26,1,1.0,2.0,2.0,9.0,12.0,4.0,6.0,6.0,5.0,2.0,3.0,0.0,0.0
EPL_2012,04/05/13,29,0,0.0,1.0,2.0,14.0,13.0,6.0,11.0,3.0,7.0,2.0,1.0,0.0,0.0
EPL_2012,04/05/13,35,22,0.0,0.0,1.0,7.0,12.0,1.0,8.0,4.0,4.0,0.0,0.0,0.0,0.0
EPL_2012,04/05/13,36,32,1.0,0.0,0.0,7.0,10.0,4.0,6.0,5.0,5.0,1.0,1.0,0.0,0.0
EPL_2012,04/05/13,38,40,2.0,3.0,2.0,17.0,13.0,11.0,8.0,7.0,5.0,4.0,3.0,0.0,0.0
EPL_2012,04/05/13,39,25,0.0,0.0,1.0,9.0,11.0,3.0,6.0,7.0,3.0,1.0,1.0,0.0,0.0
EPL_2012,05/05/13,20,13,0.0,0.0,1.0,16.0,11.0,8.0,4.0,3.0,5.0,1.0,2.0,0.0,0.0
EPL_2012,05/05/13,23,11,0.0,1.0,2.0,10.0,15.0,4.0,6.0,2.0,7.0,2.0,1.0,1.0,0.0
EPL_2012,06/05/13,34,33,1.0,1.0,1.0,14.0,11.0,7.0,7.0,5.0,6.0,2.0,2.0,1.0,0.0
EPL_2012,07/05/13,22,38,1.0,0.0,0.0,21.0,20.0,9.0,11.0,6.0,8.0,2.0,1.0,0.0,0.0
EPL_2012,07/05/13,40,35,2.0,3.0,2.0,14.0,10.0,11.0,6.0,4.0,4.0,2.0,2.0,0.0,0.0
EPL_2012,08/05/13,11,36,2.0,2.0,1.0,15.0,13.0,8.0,6.0,6.0,5.0,1.0,2.0,0.0,0.0
EPL_2012,11/05/13,1,11,1.0,2.0,2.0,12.0,11.0,7.0,8.0,6.0,7.0,2.0,3.0,1.0,1.0
EPL_2012,12/05/13,13,39,2.0,0.0,0.0,23.0,7.0,13.0,2.0,7.0,1.0,1.0,2.0,0.0,0.0
EPL_2012,12/05/13,14,20,1.0,3.0,2.0,10.0,20.0,8.0,14.0,7.0,8.0,0.0,1.0,0.0,0.0
EPL_2012,12/05/13,23,35,2.0,1.0,0.0,16.0,5.0,9.0,2.0,7.0,5.0,0.0,0.0,0.0,0.0
EPL_2012,12/05/13,26,38,4.0,0.0,0.0,11.0,8.0,8.0,5.0,8.0,2.0,2.0,1.0,0.0,0.0
EPL_2012,12/05/13,29,25,1.0,2.0,2.0,8.0,10.0,3.0,7.0,2.0,2.0,1.0,3.0,0.0,1.0
EPL_2012,12/05/13,33,36,1.0,2.0,2.0,6.0,23.0,3.0,15.0,2.0,11.0,4.0,1.0,1.0,0.0
EPL_2012,12/05/13,34,32,1.0,1.0,1.0,5.0,15.0,5.0,10.0,3.0,10.0,0.0,2.0,0.0,0.0
EPL_2012,14/05/13,0,40,4.0,1.0,0.0,19.0,10.0,12.0,5.0,7.0,4.0,0.0,2.0,0.0,0.0
EPL_2012,14/05/13,30,22,0.0,2.0,2.0,11.0,27.0,7.0,20.0,4.0,10.0,0.0,1.0,0.0,0.0
EPL_2012,19/05/13,11,13,2.0,1.0,0.0,20.0,16.0,10.0,9.0,7.0,4.0,2.0,2.0,0.0,0.0
EPL_2012,19/05/13,20,29,1.0,0.0,0.0,27.0,10.0,20.0,3.0,14.0,0.0,1.0,3.0,0.0,0.0
EPL_2012,19/05/13,22,26,2.0,3.0,2.0,12.0,12.0,5.0,7.0,7.0,7.0,1.0,0.0,0.0,0.0
EPL_2012,19/05/13,25,0,0.0,1.0,2.0,7.0,9.0,2.0,3.0,4.0,4.0,1.0,2.0,0.0,0.0
EPL_2012,19/05/13,32,33,1.0,1.0,1.0,11.0,7.0,7.0,3.0,3.0,4.0,0.0,2.0,0.0,0.0
EPL_2012,19/05/13,35,14,0.0,3.0,2.0,19.0,8.0,11.0,6.0,8.0,0.0,2.0,1.0,0.0,0.0
EPL_2012,19/05/13,36,34,1.0,0.0,0.0,23.0,6.0,19.0,4.0,14.0,1.0,1.0,3.0,0.0,1.0
EPL_2012,19/05/13,38,23,5.0,5.0,1.0,15.0,12.0,8.0,8.0,3.0,5.0,0.0,1.0,0.0,0.0
EPL_2012,19/05/13,39,30,4.0,2.0,0.0,21.0,17.0,12.0,7.0,6.0,4.0,2.0,1.0,0.0,0.0
EPL_2012,19/05/13,40,1,2.0,2.0,1.0,12.0,5.0,6.0,2.0,4.0,2.0,2.0,1.0,0.0,0.0
EPL_2013,17/08/13,0,1,1.0,3.0,2.0,16.0,9.0,4.0,4.0,4.0,3.0,4.0,5.0,1.0,0.0
EPL_2013,17/08/13,20,33,1.0,0.0,0.0,26.0,10.0,11.0,4.0,12.0,6.0,1.0,1.0,0.0,0.0
EPL_2013,17/08/13,26,13,2.0,2.0,1.0,8.0,19.0,2.0,6.0,6.0,8.0,2.0,0.0,0.0,0.0
EPL_2013,17/08/13,34,14,0.0,1.0,2.0,20.0,5.0,3.0,1.0,6.0,1.0,0.0,3.0,0.0,0.0
EPL_2013,17/08/13,35,23,1.0,4.0,2.0,17.0,15.0,6.0,7.0,7.0,4.0,1.0,3.0,0.0,0.0
EPL_2013,17/08/13,38,32,0.0,1.0,2.0,11.0,7.0,1.0,2.0,4.0,8.0,4.0,0.0,0.0,0.0
EPL_2013,17/08/13,39,10,2.0,0.0,0.0,18.0,12.0,4.0,1.0,4.0,3.0,0.0,1.0,0.0,0.0
EPL_2013,18/08/13,11,16,2.0,0.0,0.0,22.0,7.0,5.0,2.0,5.0,1.0,0.0,1.0,0.0,0.0
EPL_2013,18/08/13,12,36,0.0,1.0,2.0,5.0,17.0,3.0,2.0,3.0,7.0,1.0,0.0,0.0,0.0
EPL_2013,19/08/13,22,25,4.0,0.0,0.0,20.0,5.0,11.0,1.0,8.0,1.0,2.0,3.0,0.0,1.0
EPL_2013,21/08/13,11,1,2.0,1.0,0.0,15.0,7.0,3.0,3.0,1.0,2.0,1.0,4.0,0.0,0.0
EPL_2013,24/08/13,1,20,0.0,1.0,2.0,17.0,5.0,3.0,1.0,8.0,2.0,3.0,3.0,0.0,0.0
EPL_2013,24/08/13,13,38,0.0,0.0,1.0,22.0,7.0,8.0,2.0,11.0,1.0,1.0,1.0,0.0,0.0
EPL_2013,24/08/13,14,0,1.0,3.0,2.0,16.0,18.0,7.0,7.0,1.0,8.0,2.0,2.0,0.0,0.0
EPL_2013,24/08/13,16,26,1.0,0.0,0.0,6.0,13.0,1.0,4.0,1.0,5.0,1.0,1.0,1.0,0.0
EPL_2013,24/08/13,25,39,0.0,0.0,1.0,16.0,6.0,0.0,1.0,5.0,4.0,0.0,1.0,0.0,0.0
EPL_2013,24/08/13,32,34,1.0,1.0,1.0,17.0,8.0,6.0,3.0,5.0,2.0,2.0,2.0,0.0,0.0
EPL_2013,24/08/13,33,12,2.0,1.0,0.0,14.0,14.0,5.0,5.0,7.0,0.0,3.0,0.0,0.0,0.0
EPL_2013,25/08/13,10,22,3.0,2.0,0.0,9.0,16.0,6.0,5.0,3.0,8.0,0.0,0.0,0.0,0.0
EPL_2013,25/08/13,36,35,1.0,0.0,0.0,19.0,7.0,5.0,5.0,8.0,3.0,1.0,4.0,0.0,0.0
EPL_2013,26/08/13,23,11,0.0,0.0,1.0,13.0,8.0,3.0,4.0,4.0,1.0,0.0,2.0,0.0,0.0
EPL_2013,31/08/13,10,13,0.0,0.0,1.0,4.0,13.0,1.0,3.0,4.0,5.0,1.0,1.0,0.0,0.0
EPL_2013,31/08/13,12,34,3.0,1.0,0.0,17.0,10.0,6.0,2.0,6.0,6.0,1.0,0.0,0.0,1.0
EPL_2013,31/08/13,22,16,2.0,0.0,0.0,12.0,7.0,6.0,2.0,7.0,4.0,2.0,3.0,0.0,0.0
EPL_2013,31/08/13,25,14,1.0,0.0,0.0,24.0,3.0,9.0,2.0,13.0,2.0,2.0,2.0,0.0,0.0
EPL_2013,31/08/13,26,32,1.0,0.0,0.0,15.0,11.0,4.0,2.0,5.0,5.0,0.0,0.0,0.0,0.0
EPL_2013,31/08/13,39,33,0.0,1.0,2.0,9.0,15.0,0.0,5.0,3.0,4.0,2.0,1.0,0.0,0.0
EPL_2013,01/09/13,0,36,1.0,0.0,0.0,12.0,14.0,5.0,4.0,3.0,6.0,2.0,2.0,0.0,0.0
EPL_2013,01/09/13,20,23,1.0,0.0,0.0,10.0,10.0,5.0,4.0,2.0,7.0,2.0,4.0,0.0,0.0
EPL_2013,01/09/13,38,35,0.0,2.0,2.0,10.0,12.0,1.0,4.0,2.0,3.0,4.0,3.0,0.0,0.0
EPL_2013,14/09/13,1,25,1.0,2.0,2.0,10.0,17.0,1.0,8.0,4.0,2.0,1.0,4.0,0.0,0.0
EPL_2013,14/09/13,13,11,1.0,0.0,0.0,11.0,22.0,5.0,5.0,5.0,7.0,0.0,4.0,0.0,0.0
EPL_2013,14/09/13,14,38,1.0,1.0,1.0,12.0,12.0,2.0,4.0,4.0,5.0,0.0,1.0,0.0,0.0
EPL_2013,14/09/13,16,10,1.0,1.0,1.0,18.0,10.0,5.0,2.0,6.0,2.0,1.0,2.0,0.0,0.0
EPL_2013,14/09/13,23,12,2.0,0.0,0.0,19.0,4.0,7.0,0.0,10.0,1.0,1.0,2.0,0.0,1.0
EPL_2013,14/09/13,33,22,0.0,0.0,1.0,11.0,10.0,3.0,3.0,2.0,4.0,1.0,1.0,0.0,0.0
EPL_2013,14/09/13,34,0,1.0,3.0,2.0,17.0,14.0,2.0,6.0,6.0,7.0,1.0,2.0,0.0,0.0
EPL_2013,14/09/13,36,26,2.0,0.0,0.0,23.0,4.0,7.0,1.0,8.0,1.0,1.0,3.0,0.0,0.0
EPL_2013,15/09/13,32,39,0.0,0.0,1.0,15.0,6.0,5.0,1.0,10.0,4.0,1.0,3.0,0.0,0.0
EPL_2013,16/09/13,35,20,2.0,2.0,1.0,17.0,12.0,8.0,5.0,3.0,7.0,2.0,3.0,0.0,0.0
EPL_2013,21/09/13,11,14,2.0,0.0,0.0,26.0,4.0,10.0,1.0,13.0,3.0,0.0,0.0,0.0,0.0
EPL_2013,21/09/13,20,32,0.0,1.0,2.0,10.0,12.0,5.0,7.0,6.0,6.0,0.0,1.0,0.0,0.0
EPL_2013,21/09/13,25,16,2.0,3.0,2.0,15.0,12.0,2.0,5.0,3.0,3.0,1.0,1.0,0.0,0.0
EPL_2013,21/09/13,26,1,0.0,1.0,2.0,12.0,16.0,1.0,4.0,7.0,4.0,1.0,0.0,0.0,0.0
EPL_2013,21/09/13,38,34,3.0,0.0,0.0,13.0,7.0,4.0,0.0,5.0,6.0,0.0,2.0,0.0,0.0
EPL_2013,21/09/13,39,13,2.0,3.0,2.0,9.0,10.0,1.0,4.0,5.0,5.0,2.0,1.0,1.0,0.0
EPL_2013,22/09/13,0,33,3.0,1.0,0.0,16.0,9.0,8.0,3.0,6.0,7.0,0.0,2.0,0.0,0.0
EPL_2013,22/09/13,10,36,0.0,1.0,2.0,6.0,29.0,0.0,12.0,2.0,12.0,1.0,4.0,0.0,0.0
EPL_2013,22/09/13,12,35,0.0,2.0,2.0,9.0,15.0,1.0,7.0,6.0,7.0,2.0,2.0,0.0,0.0
EPL_2013,22/09/13,22,23,4.0,1.0,0.0,18.0,14.0,5.0,3.0,8.0,4.0,1.0,2.0,0.0,0.0
EPL_2013,28/09/13,1,22,3.0,2.0,0.0,8.0,20.0,4.0,7.0,2.0,13.0,1.0,1.0,0.0,0.0
EPL_2013,28/09/13,14,10,1.0,2.0,2.0,9.0,22.0,5.0,4.0,11.0,10.0,1.0,1.0,0.0,0.0
EPL_2013,28/09/13,16,39,1.0,0.0,0.0,9.0,18.0,2.0,5.0,6.0,6.0,1.0,2.0,0.0,0.0
EPL_2013,28/09/13,23,38,1.0,2.0,2.0,14.0,12.0,6.0,4.0,5.0,8.0,3.0,2.0,0.0,0.0
EPL_2013,28/09/13,32,12,2.0,0.0,0.0,12.0,8.0,3.0,0.0,8.0,2.0,1.0,2.0,0.0,0.0
EPL_2013,28/09/13,35,0,1.0,2.0,2.0,10.0,10.0,3.0,4.0,4.0,3.0,3.0,2.0,0.0,0.0
EPL_2013,28/09/13,36,11,1.0,1.0,1.0,12.0,11.0,4.0,5.0,4.0,5.0,5.0,1.0,0.0,1.0
EPL_2013,29/09/13,33,26,0.0,1.0,2.0,8.0,8.0,1.0,3.0,7.0,3.0,2.0,1.0,0.0,0.0
EPL_2013,29/09/13,34,20,1.0,3.0,2.0,23.0,15.0,5.0,6.0,10.0,8.0,2.0,1.0,0.0,0.0
EPL_2013,30/09/13,13,25,3.0,2.0,0.0,18.0,15.0,7.0,6.0,1.0,1.0,3.0,1.0,0.0,0.0
EPL_2013,05/10/13,10,25,1.0,2.0,2.0,8.0,20.0,2.0,10.0,3.0,3.0,1.0,0.0,0.0,0.0
EPL_2013,05/10/13,14,33,1.0,0.0,0.0,9.0,16.0,2.0,3.0,7.0,5.0,3.0,2.0,0.0,0.0
EPL_2013,05/10/13,16,1,0.0,0.0,1.0,6.0,18.0,1.0,4.0,7.0,7.0,2.0,1.0,0.0,0.0
EPL_2013,05/10/13,20,12,3.0,1.0,0.0,13.0,11.0,7.0,2.0,11.0,3.0,2.0,1.0,0.0,0.0
EPL_2013,05/10/13,22,13,3.0,1.0,0.0,12.0,6.0,6.0,4.0,8.0,1.0,5.0,4.0,0.0,0.0
EPL_2013,05/10/13,34,23,1.0,2.0,2.0,6.0,13.0,2.0,6.0,4.0,4.0,2.0,4.0,0.0,0.0
EPL_2013,06/10/13,26,11,1.0,3.0,2.0,14.0,22.0,3.0,8.0,4.0,6.0,1.0,1.0,0.0,0.0
EPL_2013,06/10/13,32,35,2.0,0.0,0.0,12.0,17.0,4.0,7.0,7.0,4.0,3.0,1.0,0.0,0.0
EPL_2013,06/10/13,36,39,0.0,3.0,2.0,14.0,16.0,4.0,5.0,6.0,7.0,0.0,0.0,0.0,0.0
EPL_2013,06/10/13,38,0,1.0,1.0,1.0,12.0,14.0,4.0,5.0,6.0,2.0,1.0,2.0,0.0,0.0
EPL_2013,19/10/13,0,26,4.0,1.0,0.0,20.0,12.0,11.0,6.0,10.0,1.0,0.0,0.0,0.0,0.0
EPL_2013,19/10/13,11,10,4.0,1.0,0.0,20.0,13.0,7.0,3.0,6.0,9.0,1.0,2.0,0.0,0.0
EPL_2013,19/10/13,13,16,2.0,1.0,0.0,14.0,9.0,6.0,1.0,5.0,7.0,3.0,1.0,0.0,0.0
EPL_2013,19/10/13,23,32,1.0,1.0,1.0,12.0,18.0,5.0,7.0,4.0,4.0,2.0,3.0,0.0,0.0
EPL_2013,19/10/13,25,20,2.0,2.0,1.0,14.0,23.0,4.0,7.0,3.0,13.0,2.0,3.0,1.0,0.0
EPL_2013,19/10/13,33,38,0.0,0.0,1.0,9.0,12.0,3.0,5.0,6.0,6.0,1.0,0.0,0.0,0.0
EPL_2013,19/10/13,35,34,4.0,0.0,0.0,14.0,6.0,6.0,1.0,7.0,2.0,1.0,2.0,0.0,0.0
EPL_2013,19/10/13,39,22,1.0,3.0,2.0,11.0,16.0,2.0,9.0,5.0,5.0,1.0,2.0,0.0,0.0
EPL_2013,20/10/13,1,36,0.0,2.0,2.0,15.0,13.0,2.0,6.0,4.0,7.0,3.0,4.0,0.0,0.0
EPL_2013,21/10/13,12,14,1.0,4.0,2.0,14.0,9.0,4.0,6.0,5.0,7.0,0.0,1.0,0.0,0.0
EPL_2013,26/10/13,1,13,0.0,2.0,2.0,14.0,15.0,3.0,4.0,8.0,6.0,0.0,2.0,0.0,0.0
EPL_2013,26/10/13,12,0,0.0,2.0,2.0,13.0,10.0,4.0,4.0,4.0,3.0,0.0,0.0,0.0,1.0
EPL_2013,26/10/13,20,38,4.0,1.0,0.0,18.0,15.0,7.0,3.0,3.0,9.0,0.0,2.0,0.0,0.0
EPL_2013,26/10/13,23,33,3.0,2.0,0.0,19.0,10.0,5.0,5.0,12.0,2.0,2.0,6.0,0.0,0.0
EPL_2013,26/10/13,26,10,0.0,0.0,1.0,31.0,6.0,10.0,4.0,13.0,2.0,1.0,1.0,0.0,0.0
EPL_2013,26/10/13,32,14,2.0,0.0,0.0,20.0,1.0,6.0,0.0,10.0,3.0,0.0,2.0,0.0,0.0
EPL_2013,27/10/13,11,22,2.0,1.0,0.0,12.0,15.0,4.0,6.0,3.0,6.0,2.0,3.0,0.0,0.0
EPL_2013,27/10/13,34,25,2.0,1.0,0.0,8.0,16.0,4.0,4.0,5.0,3.0,1.0,1.0,0.0,0.0
EPL_2013,27/10/13,35,39,0.0,0.0,1.0,10.0,15.0,5.0,4.0,9.0,6.0,1.0,3.0,0.0,0.0
EPL_2013,27/10/13,36,16,1.0,0.0,0.0,15.0,10.0,6.0,4.0,6.0,4.0,3.0,3.0,0.0,0.0
EPL_2013,02/11/13,0,20,2.0,0.0,0.0,12.0,12.0,7.0,4.0,3.0,5.0,2.0,1.0,0.0,0.0
EPL_2013,02/11/13,14,23,1.0,3.0,2.0,15.0,10.0,6.0,4.0,4.0,4.0,2.0,1.0,0.0,0.0
EPL_2013,02/11/13,16,34,1.0,0.0,0.0,25.0,9.0,2.0,1.0,4.0,2.0,2.0,0.0,0.0,2.0
EPL_2013,02/11/13,22,26,7.0,0.0,0.0,27.0,7.0,9.0,1.0,10.0,3.0,1.0,1.0,0.0,0.0
EPL_2013,02/11/13,25,11,2.0,0.0,0.0,15.0,13.0,8.0,2.0,3.0,8.0,2.0,2.0,0.0,0.0
EPL_2013,02/11/13,33,32,1.0,1.0,1.0,9.0,10.0,3.0,2.0,5.0,5.0,3.0,1.0,0.0,0.0
EPL_2013,02/11/13,38,12,2.0,0.0,0.0,9.0,12.0,4.0,4.0,10.0,3.0,0.0,1.0,0.0,0.0
EPL_2013,02/11/13,39,1,0.0,0.0,1.0,17.0,8.0,4.0,2.0,5.0,1.0,0.0,2.0,0.0,0.0
EPL_2013,03/11/13,10,35,1.0,0.0,0.0,9.0,10.0,3.0,3.0,6.0,3.0,1.0,1.0,0.0,1.0
EPL_2013,03/11/13,13,36,0.0,0.0,1.0,8.0,16.0,1.0,6.0,7.0,4.0,4.0,1.0,0.0,0.0
EPL_2013,09/11/13,1,10,2.0,0.0,0.0,17.0,8.0,6.0,2.0,5.0,3.0,1.0,1.0,0.0,0.0
EPL_2013,09/11/13,11,38,2.0,2.0,1.0,17.0,11.0,7.0,3.0,9.0,4.0,3.0,7.0,0.0,0.0
EPL_2013,09/11/13,12,13,0.0,0.0,1.0,9.0,15.0,2.0,2.0,4.0,7.0,1.0,0.0,0.0,0.0
EPL_2013,09/11/13,20,14,4.0,0.0,0.0,32.0,4.0,10.0,1.0,9.0,3.0,0.0,1.0,0.0,0.0
EPL_2013,09/11/13,26,39,3.0,1.0,0.0,15.0,12.0,6.0,4.0,4.0,2.0,1.0,1.0,0.0,0.0
EPL_2013,09/11/13,32,16,4.0,1.0,0.0,15.0,10.0,7.0,2.0,6.0,5.0,1.0,2.0,0.0,0.0
EPL_2013,10/11/13,23,0,1.0,0.0,0.0,5.0,10.0,2.0,2.0,5.0,6.0,2.0,3.0,0.0,0.0
EPL_2013,10/11/13,34,22,1.0,0.0,0.0,5.0,24.0,2.0,4.0,0.0,14.0,0.0,1.0,0.0,0.0
EPL_2013,10/11/13,35,33,3.0,3.0,1.0,17.0,6.0,6.0,3.0,14.0,3.0,5.0,3.0,0.0,0.0
EPL_2013,10/11/13,36,25,0.0,1.0,2.0,31.0,8.0,14.0,4.0,11.0,4.0,1.0,2.0,0.0,0.0
EPL_2013,23/11/13,0,32,2.0,0.0,0.0,9.0,10.0,4.0,4.0,5.0,6.0,0.0,3.0,0.0,0.0
EPL_2013,23/11/13,13,20,3.0,3.0,1.0,18.0,11.0,12.0,5.0,6.0,7.0,4.0,3.0,0.0,0.0
EPL_2013,23/11/13,14,35,1.0,2.0,2.0,9.0,21.0,3.0,5.0,8.0,8.0,3.0,1.0,0.0,0.0
EPL_2013,23/11/13,16,12,0.0,1.0,2.0,15.0,9.0,2.0,2.0,11.0,4.0,2.0,1.0,0.0,1.0
EPL_2013,23/11/13,25,26,2.0,1.0,0.0,21.0,10.0,5.0,2.0,6.0,5.0,0.0,1.0,0.0,0.0
EPL_2013,23/11/13,33,34,2.0,0.0,0.0,17.0,11.0,5.0,3.0,3.0,7.0,2.0,1.0,0.0,1.0
EPL_2013,23/11/13,39,11,0.0,3.0,2.0,8.0,20.0,1.0,8.0,8.0,4.0,0.0,0.0,0.0,0.0
EPL_2013,24/11/13,10,23,2.0,2.0,1.0,14.0,16.0,4.0,5.0,2.0,8.0,4.0,2.0,0.0,0.0
EPL_2013,24/11/13,22,36,6.0,0.0,0.0,15.0,13.0,10.0,5.0,4.0,7.0,1.0,3.0,0.0,0.0
EPL_2013,25/11/13,38,1,2.0,2.0,1.0,11.0,15.0,4.0,7.0,4.0,2.0,1.0,2.0,0.0,0.0
EPL_2013,30/11/13,1,34,0.0,0.0,1.0,13.0,7.0,4.0,1.0,7.0,6.0,2.0,1.0,0.0,0.0
EPL_2013,30/11/13,10,0,0.0,3.0,2.0,10.0,15.0,4.0,6.0,3.0,3.0,0.0,3.0,0.0,0.0
EPL_2013,30/11/13,13,33,4.0,0.0,0.0,22.0,4.0,12.0,3.0,9.0,3.0,0.0,3.0,0.0,0.0
EPL_2013,30/11/13,25,38,2.0,1.0,0.0,14.0,14.0,6.0,1.0,3.0,3.0,1.0,2.0,0.0,0.0
EPL_2013,30/11/13,26,12,1.0,0.0,0.0,10.0,13.0,3.0,3.0,5.0,4.0,1.0,2.0,0.0,0.0
EPL_2013,30/11/13,39,14,3.0,0.0,0.0,23.0,10.0,12.0,0.0,6.0,3.0,3.0,2.0,0.0,0.0
EPL_2013,01/12/13,11,32,3.0,1.0,0.0,16.0,9.0,7.0,1.0,8.0,4.0,1.0,4.0,0.0,0.0
EPL_2013,01/12/13,16,20,3.0,1.0,0.0,12.0,9.0,4.0,4.0,2.0,6.0,2.0,0.0,0.0,0.0
EPL_2013,01/12/13,22,35,3.0,0.0,0.0,22.0,9.0,7.0,4.0,5.0,4.0,1.0,0.0,0.0,0.0
EPL_2013,01/12/13,36,23,2.0,2.0,1.0,10.0,8.0,4.0,3.0,7.0,7.0,1.0,3.0,0.0,0.0
EPL_2013,03/12/13,12,39,1.0,0.0,0.0,10.0,11.0,5.0,2.0,3.0,4.0,1.0,2.0,0.0,0.0
EPL_2013,04/12/13,0,16,2.0,0.0,0.0,20.0,7.0,7.0,2.0,11.0,1.0,0.0,0.0,0.0,0.0
EPL_2013,04/12/13,14,36,1.0,2.0,2.0,16.0,18.0,6.0,5.0,9.0,7.0,2.0,1.0,0.0,0.0
EPL_2013,04/12/13,20,26,5.0,1.0,0.0,28.0,14.0,12.0,5.0,4.0,0.0,3.0,1.0,0.0,0.0
EPL_2013,04/12/13,23,13,0.0,1.0,2.0,18.0,15.0,6.0,4.0,7.0,4.0,2.0,0.0,0.0,0.0
EPL_2013,04/12/13,32,1,2.0,3.0,2.0,21.0,6.0,9.0,3.0,8.0,2.0,3.0,2.0,0.0,0.0
EPL_2013,04/12/13,33,10,0.0,0.0,1.0,17.0,14.0,2.0,3.0,2.0,5.0,2.0,2.0,0.0,0.0
EPL_2013,04/12/13,34,11,3.0,4.0,2.0,12.0,19.0,3.0,5.0,6.0,5.0,4.0,3.0,0.0,0.0
EPL_2013,04/12/13,35,25,3.0,0.0,0.0,13.0,14.0,5.0,3.0,5.0,1.0,0.0,2.0,0.0,0.0
EPL_2013,04/12/13,38,22,2.0,3.0,2.0,12.0,15.0,1.0,5.0,3.0,3.0,1.0,1.0,0.0,0.0
EPL_2013,07/12/13,12,10,2.0,0.0,0.0,19.0,10.0,5.0,2.0,8.0,3.0,0.0,0.0,0.0,0.0
EPL_2013,07/12/13,20,39,4.0,1.0,0.0,32.0,8.0,9.0,1.0,8.0,4.0,0.0,3.0,0.0,1.0
EPL_2013,07/12/13,23,25,0.0,1.0,2.0,8.0,9.0,4.0,3.0,4.0,4.0,0.0,2.0,0.0,0.0
EPL_2013,07/12/13,32,22,1.0,1.0,1.0,15.0,13.0,4.0,3.0,5.0,4.0,0.0,2.0,0.0,0.0
EPL_2013,07/12/13,33,11,3.0,2.0,0.0,9.0,15.0,3.0,6.0,5.0,2.0,4.0,1.0,0.0,0.0
EPL_2013,07/12/13,34,36,1.0,2.0,2.0,11.0,22.0,4.0,5.0,4.0,10.0,2.0,0.0,0.0,0.0
EPL_2013,07/12/13,38,26,0.0,2.0,2.0,26.0,8.0,12.0,3.0,10.0,3.0,1.0,3.0,0.0,0.0
EPL_2013,08/12/13,0,13,1.0,1.0,1.0,11.0,12.0,5.0,4.0,3.0,2.0,0.0,4.0,0.0,0.0
EPL_2013,08/12/13,14,1,2.0,0.0,0.0,22.0,10.0,10.0,2.0,4.0,7.0,0.0,2.0,0.0,0.0
EPL_2013,09/12/13,35,16,1.0,1.0,1.0,11.0,9.0,2.0,2.0,12.0,1.0,3.0,3.0,0.0,0.0
EPL_2013,14/12/13,10,38,1.0,0.0,0.0,11.0,12.0,3.0,2.0,8.0,6.0,2.0,1.0,0.0,0.0
EPL_2013,14/12/13,11,12,2.0,1.0,0.0,16.0,10.0,7.0,5.0,3.0,1.0,2.0,1.0,0.0,0.0
EPL_2013,14/12/13,13,14,4.0,1.0,0.0,22.0,16.0,7.0,3.0,12.0,2.0,1.0,2.0,0.0,0.0
EPL_2013,14/12/13,16,33,0.0,0.0,1.0,13.0,11.0,4.0,2.0,7.0,5.0,1.0,0.0,0.0,0.0
EPL_2013,14/12/13,22,0,6.0,3.0,0.0,22.0,12.0,7.0,6.0,8.0,8.0,2.0,1.0,0.0,0.0
EPL_2013,14/12/13,25,32,1.0,1.0,1.0,16.0,8.0,5.0,3.0,11.0,3.0,1.0,2.0,0.0,0.0
EPL_2013,14/12/13,39,34,0.0,0.0,1.0,11.0,19.0,2.0,6.0,2.0,9.0,1.0,0.0,0.0,0.0
EPL_2013,15/12/13,1,23,0.0,3.0,2.0,17.0,14.0,6.0,5.0,3.0,4.0,4.0,2.0,0.0,0.0
EPL_2013,15/12/13,26,35,1.0,1.0,1.0,16.0,10.0,3.0,2.0,8.0,5.0,0.0,3.0,0.0,0.0
EPL_2013,15/12/13,36,20,0.0,5.0,2.0,9.0,21.0,0.0,10.0,2.0,9.0,3.0,0.0,1.0,0.0
EPL_2013,21/12/13,12,25,0.0,3.0,2.0,9.0,13.0,4.0,6.0,3.0,7.0,1.0,2.0,0.0,0.0
EPL_2013,21/12/13,14,22,2.0,4.0,2.0,12.0,17.0,5.0,10.0,4.0,4.0,1.0,1.0,0.0,0.0
EPL_2013,21/12/13,20,10,3.0,1.0,0.0,27.0,10.0,7.0,3.0,9.0,5.0,2.0,0.0,0.0,0.0
EPL_2013,21/12/13,23,39,3.0,1.0,0.0,21.0,4.0,8.0,1.0,8.0,2.0,1.0,4.0,0.0,0.0
EPL_2013,21/12/13,33,1,2.0,1.0,0.0,12.0,14.0,2.0,4.0,6.0,7.0,1.0,5.0,0.0,0.0
EPL_2013,21/12/13,34,26,0.0,0.0,1.0,18.0,14.0,4.0,5.0,6.0,7.0,2.0,1.0,1.0,0.0
EPL_2013,21/12/13,38,16,1.0,1.0,1.0,14.0,6.0,3.0,3.0,9.0,2.0,2.0,1.0,0.0,0.0
EPL_2013,22/12/13,32,36,2.0,3.0,2.0,12.0,13.0,5.0,3.0,2.0,5.0,1.0,1.0,0.0,0.0
EPL_2013,22/12/13,35,13,1.0,2.0,2.0,13.0,14.0,3.0,6.0,4.0,8.0,1.0,0.0,0.0,0.0
EPL_2013,23/12/13,0,11,0.0,0.0,1.0,7.0,13.0,2.0,4.0,8.0,6.0,2.0,1.0,0.0,0.0
EPL_2013,26/12/13,1,12,0.0,1.0,2.0,10.0,12.0,4.0,7.0,7.0,5.0,2.0,2.0,0.0,0.0
EPL_2013,26/12/13,10,32,0.0,3.0,2.0,9.0,11.0,0.0,6.0,6.0,3.0,1.0,2.0,0.0,0.0
EPL_2013,26/12/13,11,35,1.0,0.0,0.0,19.0,8.0,7.0,1.0,13.0,7.0,1.0,0.0,0.0,0.0
EPL_2013,26/12/13,13,34,0.0,1.0,2.0,26.0,13.0,9.0,6.0,11.0,2.0,1.0,0.0,1.0,0.0
EPL_2013,26/12/13,16,23,2.0,3.0,2.0,17.0,13.0,5.0,4.0,6.0,5.0,2.0,2.0,0.0,1.0
EPL_2013,26/12/13,22,20,2.0,1.0,0.0,20.0,12.0,6.0,5.0,7.0,6.0,1.0,3.0,0.0,0.0
EPL_2013,26/12/13,25,33,5.0,1.0,0.0,27.0,11.0,8.0,3.0,8.0,2.0,1.0,1.0,0.0,2.0
EPL_2013,26/12/13,26,14,1.0,2.0,2.0,12.0,15.0,3.0,7.0,5.0,4.0,3.0,0.0,0.0,0.0
EPL_2013,26/12/13,36,38,1.0,1.0,1.0,20.0,7.0,3.0,4.0,12.0,2.0,3.0,2.0,0.0,0.0
EPL_2013,26/12/13,39,0,1.0,3.0,2.0,12.0,29.0,5.0,8.0,0.0,10.0,1.0,1.0,0.0,0.0
EPL_2013,28/12/13,1,35,1.0,1.0,1.0,7.0,17.0,3.0,3.0,2.0,8.0,3.0,2.0,0.0,0.0
EPL_2013,28/12/13,10,34,2.0,2.0,1.0,16.0,21.0,7.0,9.0,6.0,6.0,3.0,2.0,0.0,0.0
EPL_2013,28/12/13,16,14,6.0,0.0,0.0,21.0,5.0,13.0,2.0,6.0,1.0,0.0,0.0,0.0,0.0
EPL_2013,28/12/13,22,12,1.0,0.0,0.0,23.0,9.0,4.0,4.0,12.0,5.0,1.0,1.0,0.0,0.0
EPL_2013,28/12/13,26,23,0.0,1.0,2.0,15.0,7.0,4.0,3.0,8.0,3.0,4.0,3.0,0.0,0.0
EPL_2013,28/12/13,39,38,3.0,3.0,1.0,16.0,22.0,6.0,7.0,6.0,5.0,3.0,2.0,0.0,0.0
EPL_2013,29/12/13,11,20,2.0,1.0,0.0,11.0,8.0,5.0,4.0,4.0,2.0,4.0,1.0,0.0,0.0
EPL_2013,29/12/13,13,32,2.0,1.0,0.0,9.0,12.0,4.0,2.0,2.0,3.0,2.0,4.0,0.0,0.0
EPL_2013,29/12/13,25,0,0.0,1.0,2.0,11.0,11.0,3.0,5.0,4.0,1.0,0.0,3.0,0.0,0.0
EPL_2013,29/12/13,36,33,3.0,0.0,0.0,20.0,2.0,7.0,1.0,6.0,1.0,2.0,2.0,0.0,0.0
EPL_2013,01/01/14,0,10,2.0,0.0,0.0,28.0,8.0,6.0,2.0,12.0,2.0,1.0,2.0,0.0,0.0
EPL_2013,01/01/14,12,26,1.0,1.0,1.0,13.0,8.0,4.0,5.0,9.0,4.0,2.0,1.0,0.0,1.0
EPL_2013,01/01/14,14,39,2.0,1.0,0.0,30.0,11.0,11.0,3.0,12.0,4.0,2.0,1.0,0.0,1.0
EPL_2013,01/01/14,20,16,2.0,0.0,0.0,17.0,10.0,6.0,0.0,3.0,4.0,1.0,2.0,0.0,0.0
EPL_2013,01/01/14,23,36,1.0,2.0,2.0,16.0,9.0,6.0,4.0,13.0,2.0,2.0,1.0,0.0,0.0
EPL_2013,01/01/14,32,11,0.0,3.0,2.0,12.0,11.0,2.0,5.0,6.0,8.0,4.0,1.0,0.0,0.0
EPL_2013,01/01/14,33,13,1.0,1.0,1.0,10.0,16.0,4.0,4.0,2.0,5.0,4.0,1.0,0.0,0.0
EPL_2013,01/01/14,34,1,0.0,1.0,2.0,17.0,13.0,1.0,5.0,10.0,2.0,4.0,3.0,0.0,0.0
EPL_2013,01/01/14,35,22,2.0,3.0,2.0,15.0,14.0,4.0,4.0,8.0,6.0,2.0,5.0,0.0,0.0
EPL_2013,01/01/14,38,25,1.0,0.0,0.0,13.0,9.0,4.0,3.0,3.0,4.0,0.0,0.0,0.0,1.0
EPL_2013,11/01/14,10,39,0.0,2.0,2.0,19.0,10.0,7.0,3.0,8.0,7.0,1.0,3.0,0.0,1.0
EPL_2013,11/01/14,13,26,2.0,0.0,0.0,23.0,12.0,5.0,3.0,10.0,5.0,1.0,2.0,0.0,0.0
EPL_2013,11/01/14,14,34,1.0,4.0,2.0,17.0,10.0,5.0,6.0,10.0,6.0,3.0,3.0,0.0,0.0
EPL_2013,11/01/14,16,11,0.0,2.0,2.0,10.0,14.0,2.0,5.0,1.0,7.0,2.0,1.0,0.0,0.0
EPL_2013,11/01/14,23,35,2.0,0.0,0.0,16.0,13.0,5.0,2.0,3.0,5.0,0.0,2.0,0.0,0.0
EPL_2013,11/01/14,32,38,1.0,0.0,0.0,18.0,4.0,5.0,2.0,4.0,4.0,1.0,2.0,0.0,0.0
EPL_2013,11/01/14,36,12,2.0,0.0,0.0,10.0,14.0,4.0,2.0,5.0,11.0,1.0,2.0,0.0,0.0
EPL_2013,12/01/14,25,22,0.0,2.0,2.0,13.0,14.0,5.0,6.0,5.0,6.0,4.0,2.0,0.0,0.0
EPL_2013,12/01/14,33,20,3.0,5.0,2.0,13.0,13.0,4.0,9.0,11.0,2.0,1.0,1.0,0.0,0.0
EPL_2013,13/01/14,1,0,1.0,2.0,2.0,11.0,8.0,5.0,4.0,3.0,5.0,2.0,2.0,0.0,0.0
EPL_2013,18/01/14,0,14,2.0,0.0,0.0,22.0,8.0,8.0,2.0,4.0,4.0,0.0,0.0,0.0,0.0
EPL_2013,18/01/14,12,33,1.0,0.0,0.0,12.0,17.0,6.0,2.0,4.0,3.0,0.0,2.0,0.0,0.0
EPL_2013,18/01/14,20,1,2.0,2.0,1.0,14.0,12.0,6.0,3.0,2.0,3.0,1.0,4.0,0.0,0.0
EPL_2013,18/01/14,22,10,4.0,2.0,0.0,24.0,7.0,9.0,6.0,10.0,7.0,2.0,0.0,0.0,0.0
EPL_2013,18/01/14,26,16,1.0,0.0,0.0,25.0,10.0,4.0,0.0,10.0,8.0,1.0,2.0,0.0,1.0
EPL_2013,18/01/14,34,32,2.0,2.0,1.0,10.0,17.0,5.0,8.0,4.0,7.0,2.0,0.0,0.0,0.0
EPL_2013,18/01/14,39,25,1.0,3.0,2.0,11.0,19.0,2.0,9.0,4.0,3.0,0.0,0.0,0.0,0.0
EPL_2013,19/01/14,11,23,3.0,1.0,0.0,13.0,10.0,6.0,4.0,5.0,4.0,1.0,3.0,0.0,1.0
EPL_2013,19/01/14,35,36,1.0,3.0,2.0,13.0,11.0,3.0,5.0,8.0,2.0,2.0,1.0,0.0,0.0
EPL_2013,20/01/14,38,13,1.0,1.0,1.0,14.0,13.0,6.0,4.0,4.0,2.0,3.0,2.0,0.0,0.0
EPL_2013,28/01/14,12,16,1.0,0.0,0.0,13.0,13.0,3.0,4.0,8.0,3.0,4.0,0.0,0.0,1.0
EPL_2013,28/01/14,20,13,4.0,0.0,0.0,20.0,18.0,9.0,4.0,5.0,8.0,0.0,3.0,0.0,0.0
EPL_2013,28/01/14,23,10,2.0,0.0,0.0,17.0,7.0,5.0,1.0,5.0,5.0,0.0,1.0,0.0,0.0
EPL_2013,28/01/14,26,25,0.0,0.0,1.0,9.0,22.0,2.0,3.0,7.0,7.0,1.0,1.0,1.0,1.0
EPL_2013,28/01/14,32,0,2.0,2.0,1.0,13.0,7.0,5.0,4.0,7.0,5.0,1.0,1.0,0.0,1.0
EPL_2013,28/01/14,35,14,2.0,0.0,0.0,14.0,15.0,7.0,4.0,5.0,8.0,1.0,1.0,0.0,0.0
EPL_2013,29/01/14,1,38,4.0,3.0,0.0,10.0,12.0,6.0,4.0,3.0,3.0,1.0,3.0,0.0,0.0
EPL_2013,29/01/14,11,39,0.0,0.0,1.0,39.0,1.0,9.0,1.0,13.0,3.0,1.0,3.0,0.0,0.0
EPL_2013,29/01/14,34,33,1.0,0.0,0.0,16.0,14.0,6.0,5.0,2.0,3.0,2.0,2.0,0.0,1.0
EPL_2013,29/01/14,36,22,1.0,5.0,2.0,4.0,24.0,2.0,10.0,3.0,5.0,1.0,4.0,1.0,0.0
EPL_2013,01/02/14,10,26,2.0,1.0,0.0,14.0,27.0,5.0,6.0,7.0,14.0,1.0,4.0,0.0,0.0
EPL_2013,01/02/14,13,1,2.0,1.0,0.0,13.0,4.0,6.0,1.0,13.0,1.0,1.0,0.0,0.0,0.0
EPL_2013,01/02/14,14,32,0.0,3.0,2.0,8.0,17.0,4.0,5.0,4.0,5.0,0.0,3.0,0.0,0.0
EPL_2013,01/02/14,16,36,1.0,1.0,1.0,9.0,19.0,4.0,3.0,4.0,10.0,1.0,1.0,0.0,0.0
EPL_2013,01/02/14,25,34,0.0,3.0,2.0,28.0,16.0,10.0,5.0,7.0,3.0,2.0,2.0,0.0,0.0
EPL_2013,01/02/14,33,23,2.0,1.0,0.0,13.0,19.0,6.0,4.0,7.0,10.0,2.0,2.0,0.0,0.0
EPL_2013,01/02/14,39,35,2.0,0.0,0.0,11.0,20.0,4.0,0.0,8.0,11.0,1.0,0.0,1.0,0.0
EPL_2013,02/02/14,0,12,2.0,0.0,0.0,11.0,10.0,6.0,2.0,6.0,5.0,1.0,2.0,0.0,0.0
EPL_2013,02/02/14,38,20,1.0,1.0,1.0,12.0,12.0,4.0,3.0,3.0,4.0,4.0,2.0,0.0,0.0
EPL_2013,03/02/14,22,11,0.0,1.0,2.0,25.0,18.0,3.0,6.0,12.0,6.0,3.0,3.0,0.0,0.0
EPL_2013,08/02/14,1,39,0.0,2.0,2.0,16.0,10.0,1.0,2.0,8.0,10.0,0.0,2.0,0.0,0.0
EPL_2013,08/02/14,11,25,3.0,0.0,0.0,18.0,12.0,8.0,6.0,6.0,5.0,0.0,3.0,0.0,0.0
EPL_2013,08/02/14,12,38,3.0,1.0,0.0,10.0,16.0,6.0,6.0,4.0,7.0,0.0,3.0,0.0,0.0
EPL_2013,08/02/14,20,0,5.0,1.0,0.0,22.0,11.0,12.0,6.0,6.0,6.0,1.0,2.0,0.0,0.0
EPL_2013,08/02/14,26,22,0.0,0.0,1.0,7.0,15.0,2.0,2.0,4.0,14.0,2.0,1.0,0.0,0.0
EPL_2013,08/02/14,32,33,2.0,2.0,1.0,17.0,5.0,5.0,4.0,7.0,4.0,0.0,4.0,0.0,0.0
EPL_2013,08/02/14,34,16,0.0,2.0,2.0,7.0,25.0,3.0,9.0,2.0,6.0,1.0,3.0,1.0,0.0
EPL_2013,08/02/14,35,10,3.0,0.0,0.0,17.0,7.0,6.0,1.0,5.0,1.0,1.0,1.0,0.0,0.0
EPL_2013,09/02/14,23,14,2.0,2.0,1.0,31.0,6.0,9.0,3.0,10.0,1.0,0.0,0.0,0.0,0.0
EPL_2013,09/02/14,36,13,1.0,0.0,0.0,8.0,11.0,2.0,3.0,9.0,7.0,1.0,0.0,0.0,0.0
EPL_2013,11/02/14,10,1,0.0,0.0,1.0,12.0,18.0,3.0,6.0,7.0,9.0,0.0,0.0,0.0,0.0
EPL_2013,11/02/14,16,32,0.0,1.0,2.0,12.0,16.0,4.0,7.0,2.0,2.0,0.0,3.0,0.0,0.0
EPL_2013,11/02/14,38,11,1.0,1.0,1.0,12.0,15.0,1.0,4.0,5.0,8.0,3.0,4.0,0.0,0.0
EPL_2013,11/02/14,39,26,2.0,0.0,0.0,12.0,13.0,7.0,6.0,5.0,5.0,1.0,3.0,0.0,0.0
EPL_2013,12/02/14,0,23,0.0,0.0,1.0,17.0,6.0,5.0,2.0,5.0,5.0,1.0,2.0,0.0,0.0
EPL_2013,12/02/14,14,20,2.0,3.0,2.0,10.0,21.0,3.0,7.0,7.0,5.0,4.0,3.0,0.0,0.0
EPL_2013,12/02/14,25,36,0.0,4.0,2.0,13.0,15.0,5.0,8.0,8.0,6.0,0.0,0.0,0.0,0.0
EPL_2013,12/02/14,33,35,1.0,1.0,1.0,7.0,13.0,4.0,3.0,2.0,5.0,2.0,2.0,0.0,0.0
EPL_2013,22/02/14,0,34,4.0,1.0,0.0,12.0,7.0,9.0,3.0,7.0,3.0,0.0,1.0,0.0,0.0
EPL_2013,22/02/14,10,16,0.0,4.0,2.0,23.0,12.0,5.0,6.0,9.0,2.0,1.0,1.0,0.0,0.0
EPL_2013,22/02/14,11,13,1.0,0.0,0.0,25.0,8.0,8.0,2.0,8.0,8.0,1.0,2.0,0.0,0.0
EPL_2013,22/02/14,12,23,0.0,2.0,2.0,15.0,14.0,6.0,5.0,6.0,4.0,0.0,2.0,0.0,0.0
EPL_2013,22/02/14,22,33,1.0,0.0,0.0,19.0,7.0,7.0,2.0,8.0,3.0,3.0,1.0,0.0,0.0
EPL_2013,22/02/14,38,14,1.0,1.0,1.0,16.0,7.0,5.0,3.0,8.0,2.0,3.0,3.0,0.0,0.0
EPL_2013,22/02/14,39,32,3.0,1.0,0.0,10.0,25.0,5.0,5.0,5.0,11.0,0.0,1.0,0.0,0.0
EPL_2013,23/02/14,20,35,4.0,3.0,0.0,21.0,14.0,10.0,5.0,3.0,5.0,1.0,0.0,0.0,0.0
EPL_2013,23/02/14,25,1,1.0,0.0,0.0,23.0,10.0,5.0,2.0,10.0,1.0,2.0,2.0,0.0,0.0
EPL_2013,23/02/14,26,36,1.0,0.0,0.0,13.0,9.0,3.0,2.0,5.0,3.0,1.0,3.0,0.0,0.0
EPL_2013,01/03/14,13,39,1.0,0.0,0.0,22.0,6.0,3.0,1.0,11.0,5.0,1.0,1.0,0.0,0.0
EPL_2013,01/03/14,14,11,1.0,3.0,2.0,7.0,17.0,3.0,8.0,5.0,4.0,2.0,1.0,0.0,0.0
EPL_2013,01/03/14,16,25,1.0,4.0,2.0,13.0,17.0,3.0,7.0,6.0,3.0,3.0,2.0,0.0,0.0
EPL_2013,01/03/14,32,20,0.0,3.0,2.0,13.0,12.0,2.0,5.0,3.0,6.0,1.0,2.0,0.0,0.0
EPL_2013,01/03/14,33,0,1.0,0.0,0.0,8.0,10.0,4.0,2.0,3.0,4.0,3.0,1.0,0.0,0.0
EPL_2013,02/03/14,1,26,4.0,1.0,0.0,10.0,7.0,4.0,4.0,6.0,2.0,0.0,3.0,0.0,0.0
EPL_2013,02/03/14,35,12,1.0,1.0,1.0,7.0,7.0,5.0,4.0,1.0,4.0,1.0,4.0,1.0,0.0
EPL_2013,02/03/14,36,10,1.0,0.0,0.0,15.0,8.0,6.0,2.0,4.0,7.0,1.0,3.0,0.0,0.0
EPL_2013,08/03/14,10,14,3.0,1.0,0.0,19.0,14.0,9.0,6.0,7.0,6.0,1.0,0.0,0.0,0.0
EPL_2013,08/03/14,11,36,4.0,0.0,0.0,12.0,6.0,4.0,2.0,5.0,4.0,2.0,3.0,0.0,1.0
EPL_2013,08/03/14,12,32,0.0,1.0,2.0,6.0,11.0,1.0,3.0,8.0,3.0,1.0,5.0,0.0,0.0
EPL_2013,08/03/14,26,33,1.0,1.0,1.0,13.0,6.0,5.0,3.0,3.0,1.0,0.0,2.0,0.0,1.0
EPL_2013,08/03/14,38,23,0.0,3.0,2.0,14.0,14.0,3.0,5.0,3.0,5.0,1.0,2.0,0.0,0.0
EPL_2013,15/03/14,1,11,1.0,0.0,0.0,13.0,15.0,4.0,2.0,4.0,5.0,4.0,0.0,0.0,2.0
EPL_2013,15/03/14,13,10,2.0,1.0,0.0,19.0,10.0,6.0,3.0,10.0,5.0,1.0,3.0,0.0,0.0
EPL_2013,15/03/14,14,25,1.0,0.0,0.0,12.0,12.0,3.0,3.0,9.0,7.0,1.0,0.0,0.0,0.0
EPL_2013,15/03/14,16,22,0.0,2.0,2.0,15.0,8.0,5.0,3.0,3.0,4.0,2.0,2.0,0.0,1.0
EPL_2013,15/03/14,32,26,4.0,2.0,0.0,16.0,6.0,6.0,3.0,6.0,1.0,1.0,2.0,0.0,0.0
EPL_2013,15/03/14,33,39,3.0,1.0,0.0,17.0,8.0,9.0,2.0,6.0,4.0,1.0,1.0,0.0,0.0
EPL_2013,15/03/14,34,12,0.0,0.0,1.0,19.0,12.0,2.0,5.0,6.0,2.0,4.0,4.0,0.0,0.0
EPL_2013,15/03/14,35,38,1.0,2.0,2.0,15.0,13.0,4.0,4.0,4.0,1.0,1.0,3.0,0.0,0.0
EPL_2013,16/03/14,23,20,0.0,3.0,2.0,13.0,17.0,1.0,7.0,3.0,4.0,1.0,4.0,1.0,0.0
EPL_2013,16/03/14,36,0,0.0,1.0,2.0,17.0,7.0,2.0,3.0,5.0,2.0,5.0,3.0,0.0,0.0
EPL_2013,22/03/14,10,20,3.0,6.0,2.0,9.0,19.0,3.0,9.0,4.0,6.0,2.0,3.0,0.0,0.0
EPL_2013,22/03/14,11,0,6.0,0.0,0.0,21.0,12.0,11.0,5.0,7.0,1.0,0.0,1.0,0.0,1.0
EPL_2013,22/03/14,13,35,3.0,2.0,0.0,9.0,21.0,6.0,7.0,5.0,12.0,0.0,0.0,0.0,0.0
EPL_2013,22/03/14,16,38,2.0,0.0,0.0,12.0,17.0,5.0,4.0,4.0,5.0,2.0,0.0,0.0,0.0
EPL_2013,22/03/14,22,14,5.0,0.0,0.0,22.0,6.0,12.0,0.0,13.0,2.0,0.0,3.0,0.0,1.0
EPL_2013,22/03/14,25,12,1.0,0.0,0.0,21.0,8.0,8.0,1.0,9.0,5.0,0.0,1.0,0.0,0.0
EPL_2013,22/03/14,26,34,2.0,0.0,0.0,14.0,10.0,8.0,2.0,8.0,5.0,2.0,4.0,0.0,1.0
EPL_2013,22/03/14,39,23,0.0,2.0,2.0,10.0,16.0,1.0,7.0,12.0,7.0,2.0,1.0,0.0,0.0
EPL_2013,23/03/14,1,33,1.0,4.0,2.0,12.0,10.0,3.0,5.0,5.0,3.0,5.0,1.0,0.0,0.0
EPL_2013,23/03/14,36,32,3.0,2.0,0.0,15.0,12.0,6.0,4.0,7.0,3.0,1.0,2.0,0.0,0.0
EPL_2013,25/03/14,0,35,2.0,2.0,1.0,13.0,8.0,4.0,2.0,7.0,0.0,0.0,1.0,0.0,0.0
EPL_2013,25/03/14,23,22,0.0,3.0,2.0,10.0,13.0,4.0,4.0,5.0,8.0,2.0,2.0,0.0,0.0
EPL_2013,25/03/14,25,13,0.0,3.0,2.0,16.0,8.0,3.0,6.0,9.0,8.0,0.0,1.0,0.0,0.0
EPL_2013,26/03/14,20,34,2.0,1.0,0.0,21.0,12.0,7.0,4.0,3.0,4.0,0.0,2.0,0.0,0.0
EPL_2013,26/03/14,39,16,2.0,1.0,0.0,9.0,10.0,3.0,3.0,4.0,5.0,0.0,1.0,0.0,1.0
EPL_2013,29/03/14,0,22,1.0,1.0,1.0,10.0,15.0,3.0,4.0,6.0,6.0,1.0,4.0,0.0,0.0
EPL_2013,29/03/14,12,11,1.0,0.0,0.0,14.0,21.0,4.0,2.0,2.0,13.0,4.0,1.0,0.0,0.0
EPL_2013,29/03/14,23,1,4.0,1.0,0.0,9.0,10.0,6.0,1.0,0.0,5.0,2.0,4.0,0.0,0.0
EPL_2013,29/03/14,32,25,4.0,0.0,0.0,23.0,5.0,11.0,2.0,7.0,5.0,0.0,1.0,0.0,0.0
EPL_2013,29/03/14,33,16,1.0,0.0,0.0,15.0,5.0,3.0,3.0,8.0,1.0,2.0,0.0,0.0,0.0
EPL_2013,29/03/14,35,26,3.0,0.0,0.0,16.0,8.0,7.0,4.0,7.0,4.0,1.0,2.0,0.0,0.0
EPL_2013,29/03/14,38,10,3.0,3.0,1.0,16.0,11.0,6.0,5.0,4.0,1.0,1.0,1.0,0.0,0.0
EPL_2013,30/03/14,14,13,1.0,3.0,2.0,23.0,14.0,8.0,7.0,5.0,6.0,1.0,2.0,0.0,0.0
EPL_2013,30/03/14,20,36,4.0,0.0,0.0,11.0,15.0,5.0,4.0,5.0,7.0,0.0,2.0,0.0,0.0
EPL_2013,31/03/14,34,39,1.0,2.0,2.0,26.0,11.0,7.0,6.0,8.0,3.0,2.0,4.0,0.0,0.0
EPL_2013,05/04/14,1,14,1.0,2.0,2.0,12.0,16.0,6.0,8.0,2.0,7.0,3.0,2.0,0.0,0.0
EPL_2013,05/04/14,10,12,0.0,3.0,2.0,13.0,13.0,4.0,8.0,10.0,3.0,2.0,4.0,0.0,0.0
EPL_2013,05/04/14,11,33,3.0,0.0,0.0,18.0,4.0,8.0,2.0,7.0,3.0,0.0,0.0,0.0,0.0
EPL_2013,05/04/14,16,35,1.0,0.0,0.0,8.0,12.0,4.0,2.0,7.0,2.0,0.0,2.0,0.0,0.0
EPL_2013,05/04/14,22,32,4.0,1.0,0.0,15.0,5.0,8.0,1.0,5.0,9.0,3.0,0.0,0.0,0.0
EPL_2013,05/04/14,25,23,0.0,4.0,2.0,14.0,8.0,4.0,4.0,4.0,5.0,1.0,0.0,0.0,0.0
EPL_2013,05/04/14,26,38,0.0,1.0,2.0,12.0,8.0,4.0,5.0,7.0,3.0,1.0,0.0,0.0,0.0
EPL_2013,06/04/14,13,0,3.0,0.0,0.0,14.0,15.0,8.0,5.0,3.0,6.0,1.0,2.0,0.0,0.0
EPL_2013,06/04/14,39,20,1.0,2.0,2.0,11.0,17.0,1.0,8.0,4.0,4.0,4.0,0.0,0.0,0.0
EPL_2013,07/04/14,36,34,5.0,1.0,0.0,29.0,8.0,11.0,4.0,8.0,2.0,0.0,2.0,0.0,0.0
EPL_2013,12/04/14,12,1,1.0,0.0,0.0,14.0,7.0,4.0,4.0,2.0,4.0,0.0,2.0,0.0,0.0
EPL_2013,12/04/14,14,26,1.0,0.0,0.0,14.0,13.0,3.0,3.0,8.0,8.0,1.0,3.0,0.0,0.0
EPL_2013,12/04/14,32,10,0.0,1.0,2.0,19.0,6.0,7.0,4.0,5.0,5.0,0.0,0.0,0.0,0.0
EPL_2013,12/04/14,33,25,1.0,0.0,0.0,10.0,13.0,3.0,1.0,4.0,5.0,1.0,1.0,0.0,0.0
EPL_2013,12/04/14,34,13,0.0,1.0,2.0,24.0,20.0,6.0,3.0,6.0,6.0,3.0,1.0,0.0,0.0
EPL_2013,12/04/14,38,36,3.0,3.0,1.0,6.0,20.0,5.0,8.0,2.0,2.0,4.0,2.0,0.0,0.0
EPL_2013,13/04/14,20,22,3.0,2.0,0.0,10.0,13.0,4.0,5.0,7.0,7.0,1.0,3.0,1.0,0.0
EPL_2013,13/04/14,35,11,0.0,1.0,2.0,7.0,26.0,4.0,3.0,5.0,12.0,0.0,2.0,1.0,0.0
EPL_2013,15/04/14,0,39,3.0,1.0,0.0,14.0,12.0,8.0,2.0,4.0,3.0,2.0,2.0,0.0,0.0
EPL_2013,16/04/14,13,12,2.0,3.0,2.0,17.0,7.0,5.0,4.0,13.0,3.0,1.0,2.0,0.0,0.0
EPL_2013,16/04/14,22,34,2.0,2.0,1.0,16.0,11.0,4.0,3.0,3.0,6.0,1.0,2.0,0.0,0.0
EPL_2013,19/04/14,1,32,0.0,0.0,1.0,6.0,3.0,1.0,2.0,5.0,3.0,0.0,2.0,0.0,0.0
EPL_2013,19/04/14,10,33,1.0,1.0,1.0,13.0,14.0,4.0,5.0,12.0,7.0,2.0,3.0,0.0,0.0
EPL_2013,19/04/14,11,34,1.0,2.0,2.0,31.0,7.0,15.0,3.0,10.0,4.0,1.0,2.0,0.0,0.0
EPL_2013,19/04/14,25,35,1.0,2.0,2.0,14.0,10.0,4.0,2.0,2.0,8.0,2.0,0.0,0.0,0.0
EPL_2013,19/04/14,36,14,3.0,1.0,0.0,14.0,11.0,5.0,4.0,4.0,5.0,0.0,1.0,0.0,0.0
EPL_2013,19/04/14,39,12,0.0,1.0,2.0,13.0,11.0,4.0,3.0,3.0,11.0,1.0,1.0,0.0,0.0
EPL_2013,20/04/14,13,23,2.0,0.0,0.0,17.0,9.0,5.0,2.0,6.0,5.0,2.0,2.0,0.0,0.0
EPL_2013,20/04/14,16,0,0.0,3.0,2.0,13.0,12.0,4.0,6.0,7.0,0.0,1.0,1.0,0.0,0.0
EPL_2013,20/04/14,26,20,2.0,3.0,2.0,13.0,14.0,5.0,6.0,8.0,3.0,3.0,2.0,0.0,0.0
EPL_2013,21/04/14,22,38,3.0,1.0,0.0,19.0,10.0,6.0,3.0,8.0,2.0,1.0,1.0,0.0,0.0
EPL_2013,26/04/14,14,16,2.0,2.0,1.0,10.0,8.0,3.0,4.0,7.0,2.0,1.0,3.0,0.0,0.0
EPL_2013,26/04/14,23,26,4.0,0.0,0.0,25.0,9.0,11.0,2.0,5.0,3.0,1.0,1.0,0.0,0.0
EPL_2013,26/04/14,32,13,2.0,0.0,0.0,14.0,9.0,4.0,2.0,4.0,7.0,0.0,2.0,0.0,0.0
EPL_2013,26/04/14,33,36,0.0,1.0,2.0,17.0,16.0,3.0,4.0,4.0,3.0,1.0,2.0,1.0,0.0
EPL_2013,26/04/14,35,1,4.0,1.0,0.0,11.0,11.0,8.0,3.0,9.0,6.0,1.0,3.0,0.0,0.0
EPL_2013,26/04/14,38,39,1.0,0.0,0.0,19.0,9.0,6.0,3.0,7.0,6.0,0.0,1.0,0.0,0.0
EPL_2013,27/04/14,12,22,0.0,2.0,2.0,3.0,16.0,2.0,6.0,4.0,8.0,3.0,1.0,0.0,0.0
EPL_2013,27/04/14,20,11,0.0,2.0,2.0,26.0,11.0,8.0,4.0,14.0,3.0,0.0,4.0,0.0,0.0
EPL_2013,27/04/14,34,10,4.0,0.0,0.0,21.0,6.0,7.0,1.0,11.0,5.0,5.0,3.0,0.0,1.0
EPL_2013,28/04/14,0,25,3.0,0.0,0.0,20.0,8.0,8.0,3.0,14.0,0.0,3.0,2.0,0.0,0.0
EPL_2013,03/05/14,1,16,3.0,1.0,0.0,15.0,7.0,9.0,2.0,8.0,5.0,0.0,0.0,0.0,0.0
EPL_2013,03/05/14,13,22,2.0,3.0,2.0,9.0,18.0,4.0,6.0,4.0,3.0,0.0,3.0,0.0,0.0
EPL_2013,03/05/14,23,34,0.0,1.0,2.0,17.0,8.0,2.0,1.0,8.0,0.0,2.0,1.0,0.0,0.0
EPL_2013,03/05/14,25,10,3.0,0.0,0.0,22.0,16.0,6.0,3.0,10.0,6.0,1.0,0.0,0.0,0.0
EPL_2013,03/05/14,33,14,4.0,1.0,0.0,23.0,10.0,8.0,2.0,3.0,5.0,0.0,2.0,0.0,0.0
EPL_2013,03/05/14,35,32,0.0,1.0,2.0,12.0,18.0,3.0,4.0,3.0,5.0,1.0,1.0,0.0,0.0
EPL_2013,03/05/14,39,36,2.0,0.0,0.0,20.0,12.0,8.0,3.0,10.0,6.0,0.0,4.0,0.0,1.0
EPL_2013,04/05/14,0,38,1.0,0.0,0.0,15.0,11.0,4.0,1.0,9.0,10.0,2.0,2.0,0.0,0.0
EPL_2013,04/05/14,11,26,0.0,0.0,1.0,23.0,6.0,4.0,3.0,5.0,2.0,1.0,3.0,0.0,0.0
EPL_2013,05/05/14,12,20,3.0,3.0,1.0,10.0,26.0,6.0,9.0,7.0,7.0,2.0,3.0,0.0,0.0
EPL_2013,06/05/14,23,16,3.0,1.0,0.0,18.0,2.0,7.0,2.0,8.0,0.0,1.0,1.0,0.0,0.0
EPL_2013,07/05/14,22,1,4.0,0.0,0.0,18.0,5.0,9.0,0.0,7.0,2.0,1.0,2.0,0.0,0.0
EPL_2013,07/05/14,34,38,2.0,0.0,0.0,10.0,13.0,4.0,3.0,5.0,0.0,0.0,0.0,0.0,0.0
EPL_2013,11/05/14,10,11,1.0,2.0,2.0,10.0,28.0,4.0,7.0,3.0,8.0,1.0,2.0,0.0,0.0
EPL_2013,11/05/14,14,12,2.0,2.0,1.0,15.0,15.0,5.0,6.0,6.0,4.0,3.0,1.0,0.0,0.0
EPL_2013,11/05/14,16,13,0.0,2.0,2.0,12.0,11.0,3.0,4.0,6.0,4.0,0.0,1.0,0.0,0.0
EPL_2013,11/05/14,20,25,2.0,1.0,0.0,13.0,8.0,5.0,2.0,6.0,2.0,1.0,3.0,0.0,2.0
EPL_2013,11/05/14,22,39,2.0,0.0,0.0,28.0,3.0,7.0,0.0,12.0,1.0,2.0,2.0,0.0,0.0
EPL_2013,11/05/14,26,0,0.0,2.0,2.0,11.0,14.0,5.0,8.0,4.0,4.0,1.0,0.0,0.0,0.0
EPL_2013,11/05/14,32,23,1.0,1.0,1.0,15.0,8.0,6.0,2.0,6.0,2.0,3.0,2.0,0.0,0.0
EPL_2013,11/05/14,34,35,1.0,3.0,2.0,20.0,8.0,4.0,4.0,6.0,3.0,2.0,3.0,0.0,0.0
EPL_2013,11/05/14,36,1,3.0,0.0,0.0,12.0,4.0,6.0,1.0,5.0,1.0,1.0,0.0,0.0,0.0
EPL_2013,11/05/14,38,33,1.0,2.0,2.0,17.0,15.0,4.0,4.0,11.0,6.0,0.0,0.0,0.0,0.0
EPL_2014,16/08/14,0,12,2.0,1.0,0.0,14.0,4.0,6.0,2.0,9.0,3.0,2.0,2.0,0.0,1.0
EPL_2014,16/08/14,19,13,2.0,2.0,1.0,11.0,13.0,3.0,3.0,3.0,6.0,1.0,1.0,0.0,0.0
EPL_2014,16/08/14,23,35,1.0,2.0,2.0,14.0,5.0,5.0,4.0,4.0,0.0,2.0,4.0,0.0,0.0
EPL_2014,16/08/14,29,16,0.0,1.0,2.0,19.0,11.0,6.0,4.0,8.0,9.0,1.0,2.0,0.0,0.0
EPL_2014,16/08/14,33,1,0.0,1.0,2.0,12.0,7.0,2.0,2.0,2.0,8.0,0.0,3.0,0.0,0.0
EPL_2014,16/08/14,38,34,2.0,2.0,1.0,10.0,7.0,5.0,2.0,6.0,3.0,3.0,1.0,0.0,0.0
EPL_2014,16/08/14,39,36,0.0,1.0,2.0,18.0,10.0,4.0,4.0,8.0,5.0,1.0,0.0,1.0,1.0
EPL_2014,17/08/14,20,32,2.0,1.0,0.0,12.0,12.0,5.0,6.0,2.0,6.0,1.0,2.0,0.0,0.0
EPL_2014,17/08/14,25,22,0.0,2.0,2.0,12.0,13.0,0.0,5.0,3.0,3.0,1.0,5.0,0.0,0.0
EPL_2014,18/08/14,9,11,1.0,3.0,2.0,9.0,11.0,2.0,3.0,4.0,3.0,1.0,1.0,0.0,0.0
EPL_2014,23/08/14,1,25,0.0,0.0,1.0,9.0,11.0,0.0,4.0,7.0,7.0,4.0,0.0,0.0,1.0
EPL_2014,23/08/14,11,19,2.0,0.0,0.0,27.0,6.0,10.0,4.0,8.0,7.0,0.0,1.0,0.0,0.0
EPL_2014,23/08/14,12,39,1.0,3.0,2.0,9.0,17.0,4.0,8.0,6.0,9.0,1.0,3.0,0.0,0.0
EPL_2014,23/08/14,13,0,2.0,2.0,1.0,8.0,13.0,2.0,3.0,3.0,3.0,1.0,4.0,0.0,0.0
EPL_2014,23/08/14,32,38,0.0,0.0,1.0,8.0,8.0,2.0,2.0,1.0,5.0,1.0,2.0,0.0,0.0
EPL_2014,23/08/14,35,9,1.0,0.0,0.0,10.0,12.0,5.0,1.0,2.0,3.0,2.0,1.0,0.0,0.0
EPL_2014,24/08/14,16,33,1.0,1.0,1.0,9.0,19.0,2.0,3.0,4.0,5.0,1.0,3.0,1.0,0.0
EPL_2014,24/08/14,34,23,1.0,1.0,1.0,11.0,10.0,3.0,3.0,4.0,4.0,0.0,2.0,0.0,0.0
EPL_2014,24/08/14,36,29,4.0,0.0,0.0,18.0,9.0,5.0,1.0,7.0,6.0,0.0,1.0,0.0,0.0
EPL_2014,25/08/14,22,20,3.0,1.0,0.0,9.0,11.0,4.0,3.0,6.0,7.0,1.0,1.0,0.0,0.0
EPL_2014,30/08/14,9,23,0.0,0.0,1.0,9.0,7.0,3.0,2.0,3.0,6.0,2.0,2.0,0.0,0.0
EPL_2014,30/08/14,13,11,3.0,6.0,2.0,17.0,12.0,7.0,8.0,8.0,2.0,1.0,3.0,0.0,0.0
EPL_2014,30/08/14,22,33,0.0,1.0,2.0,16.0,7.0,2.0,2.0,11.0,4.0,2.0,1.0,0.0,0.0
EPL_2014,30/08/14,25,12,3.0,3.0,1.0,18.0,12.0,4.0,7.0,11.0,4.0,1.0,3.0,0.0,0.0
EPL_2014,30/08/14,29,34,1.0,0.0,0.0,18.0,16.0,5.0,6.0,4.0,6.0,1.0,2.0,0.0,0.0
EPL_2014,30/08/14,35,38,3.0,0.0,0.0,15.0,16.0,8.0,2.0,0.0,7.0,1.0,2.0,0.0,0.0
EPL_2014,30/08/14,39,32,1.0,3.0,2.0,4.0,18.0,2.0,8.0,2.0,9.0,2.0,1.0,0.0,0.0
EPL_2014,31/08/14,1,16,2.0,1.0,0.0,11.0,9.0,4.0,3.0,3.0,7.0,1.0,4.0,0.0,0.0
EPL_2014,31/08/14,19,0,1.0,1.0,1.0,9.0,24.0,3.0,6.0,5.0,10.0,3.0,1.0,0.0,0.0
EPL_2014,31/08/14,36,20,0.0,3.0,2.0,7.0,17.0,1.0,8.0,7.0,3.0,0.0,4.0,0.0,0.0
EPL_2014,13/09/14,0,22,2.0,2.0,1.0,15.0,15.0,6.0,8.0,0.0,3.0,3.0,4.0,0.0,0.0
EPL_2014,13/09/14,11,35,4.0,2.0,0.0,29.0,11.0,9.0,2.0,7.0,4.0,0.0,3.0,0.0,0.0
EPL_2014,13/09/14,12,9,0.0,0.0,1.0,14.0,11.0,3.0,3.0,5.0,5.0,2.0,3.0,0.0,0.0
EPL_2014,13/09/14,20,1,0.0,1.0,2.0,18.0,5.0,1.0,1.0,7.0,6.0,2.0,1.0,0.0,0.0
EPL_2014,13/09/14,32,25,4.0,0.0,0.0,10.0,9.0,7.0,4.0,5.0,5.0,0.0,2.0,0.0,0.0
EPL_2014,13/09/14,33,19,0.0,1.0,2.0,24.0,8.0,4.0,1.0,13.0,3.0,3.0,0.0,0.0,0.0
EPL_2014,13/09/14,34,36,2.0,2.0,1.0,6.0,15.0,1.0,6.0,5.0,5.0,5.0,1.0,0.0,0.0
EPL_2014,13/09/14,38,13,0.0,2.0,2.0,11.0,11.0,1.0,4.0,9.0,1.0,2.0,3.0,0.0,0.0
EPL_2014,14/09/14,23,29,4.0,0.0,0.0,19.0,9.0,9.0,2.0,3.0,1.0,1.0,0.0,0.0,0.0
EPL_2014,15/09/14,16,39,2.0,2.0,1.0,11.0,16.0,6.0,4.0,3.0,10.0,3.0,1.0,0.0,0.0
EPL_2014,20/09/14,1,0,0.0,3.0,2.0,6.0,9.0,2.0,3.0,5.0,5.0,1.0,3.0,0.0,0.0
EPL_2014,20/09/14,9,34,0.0,0.0,1.0,17.0,14.0,6.0,6.0,5.0,1.0,1.0,2.0,0.0,0.0
EPL_2014,20/09/14,25,16,2.0,2.0,1.0,25.0,10.0,7.0,3.0,4.0,2.0,4.0,2.0,0.0,0.0
EPL_2014,20/09/14,29,33,2.0,2.0,1.0,21.0,8.0,5.0,4.0,10.0,1.0,2.0,4.0,0.0,0.0
EPL_2014,20/09/14,35,32,0.0,1.0,2.0,5.0,11.0,2.0,4.0,2.0,4.0,0.0,4.0,1.0,0.0
EPL_2014,20/09/14,39,20,3.0,1.0,0.0,13.0,11.0,7.0,5.0,7.0,5.0,4.0,1.0,0.0,0.0
EPL_2014,21/09/14,13,12,2.0,3.0,2.0,17.0,10.0,6.0,3.0,7.0,1.0,2.0,2.0,0.0,0.0
EPL_2014,21/09/14,19,23,5.0,3.0,0.0,15.0,16.0,5.0,5.0,2.0,4.0,1.0,1.0,0.0,1.0
EPL_2014,21/09/14,22,11,1.0,1.0,1.0,16.0,6.0,4.0,2.0,14.0,2.0,3.0,4.0,1.0,0.0
EPL_2014,21/09/14,36,38,0.0,1.0,2.0,7.0,10.0,1.0,4.0,9.0,7.0,2.0,2.0,0.0,0.0
EPL_2014,27/09/14,0,36,1.0,1.0,1.0,16.0,6.0,6.0,4.0,15.0,5.0,3.0,6.0,0.0,0.0
EPL_2014,27/09/14,11,1,3.0,0.0,0.0,17.0,7.0,8.0,1.0,9.0,2.0,2.0,2.0,0.0,0.0
EPL_2014,27/09/14,12,19,2.0,0.0,0.0,16.0,7.0,6.0,1.0,6.0,6.0,0.0,2.0,0.0,0.0
EPL_2014,27/09/14,16,22,2.0,4.0,2.0,10.0,20.0,5.0,6.0,3.0,8.0,0.0,2.0,0.0,0.0
EPL_2014,27/09/14,20,13,1.0,1.0,1.0,24.0,11.0,8.0,5.0,8.0,2.0,2.0,1.0,0.0,0.0
EPL_2014,27/09/14,23,39,2.0,1.0,0.0,8.0,13.0,3.0,4.0,7.0,10.0,1.0,3.0,1.0,0.0
EPL_2014,27/09/14,32,29,2.0,1.0,0.0,19.0,10.0,9.0,2.0,6.0,3.0,2.0,1.0,0.0,0.0
EPL_2014,27/09/14,34,35,0.0,0.0,1.0,15.0,7.0,3.0,1.0,10.0,1.0,2.0,1.0,0.0,1.0
EPL_2014,28/09/14,38,9,4.0,0.0,0.0,20.0,10.0,6.0,2.0,10.0,2.0,1.0,2.0,0.0,0.0
EPL_2014,29/09/14,33,25,1.0,0.0,0.0,12.0,16.0,3.0,1.0,2.0,10.0,1.0,2.0,0.0,0.0
EPL_2014,04/10/14,1,22,0.0,2.0,2.0,6.0,27.0,1.0,7.0,0.0,7.0,0.0,1.0,0.0,0.0
EPL_2014,04/10/14,16,12,2.0,0.0,0.0,15.0,11.0,2.0,2.0,6.0,7.0,1.0,2.0,0.0,0.0
EPL_2014,04/10/14,19,9,2.0,2.0,1.0,15.0,10.0,6.0,4.0,9.0,3.0,2.0,2.0,0.0,0.0
EPL_2014,04/10/14,20,38,2.0,1.0,0.0,19.0,8.0,7.0,4.0,5.0,5.0,2.0,2.0,0.0,0.0
EPL_2014,04/10/14,34,33,3.0,1.0,0.0,8.0,11.0,3.0,5.0,7.0,4.0,3.0,4.0,0.0,0.0
EPL_2014,04/10/14,35,25,2.0,2.0,1.0,11.0,9.0,5.0,4.0,3.0,1.0,1.0,3.0,0.0,0.0
EPL_2014,05/10/14,11,0,2.0,0.0,0.0,5.0,10.0,3.0,0.0,2.0,2.0,4.0,3.0,0.0,0.0
EPL_2014,05/10/14,23,13,2.0,1.0,0.0,15.0,10.0,4.0,6.0,11.0,6.0,4.0,3.0,0.0,0.0
EPL_2014,05/10/14,36,32,1.0,0.0,0.0,9.0,7.0,4.0,3.0,10.0,5.0,2.0,1.0,0.0,0.0
EPL_2014,05/10/14,39,29,2.0,0.0,0.0,11.0,10.0,3.0,3.0,7.0,5.0,2.0,2.0,0.0,0.0
EPL_2014,18/10/14,0,16,2.0,2.0,1.0,25.0,4.0,9.0,4.0,10.0,0.0,2.0,2.0,0.0,0.0
EPL_2014,18/10/14,9,39,1.0,3.0,2.0,17.0,22.0,3.0,6.0,5.0,7.0,0.0,1.0,0.0,0.0
EPL_2014,18/10/14,12,11,1.0,2.0,2.0,7.0,14.0,4.0,5.0,3.0,2.0,1.0,1.0,1.0,1.0
EPL_2014,18/10/14,13,1,3.0,0.0,0.0,15.0,10.0,6.0,2.0,3.0,4.0,2.0,2.0,0.0,0.0
EPL_2014,18/10/14,22,36,4.0,1.0,0.0,20.0,19.0,12.0,7.0,3.0,4.0,1.0,2.0,0.0,1.0
EPL_2014,18/10/14,25,19,1.0,0.0,0.0,19.0,7.0,6.0,2.0,10.0,7.0,0.0,3.0,0.0,0.0
EPL_2014,18/10/14,32,34,8.0,0.0,0.0,20.0,12.0,11.0,1.0,5.0,6.0,1.0,3.0,0.0,0.0
EPL_2014,19/10/14,29,20,2.0,3.0,2.0,15.0,15.0,6.0,5.0,7.0,2.0,2.0,3.0,0.0,0.0
EPL_2014,19/10/14,33,35,2.0,1.0,0.0,17.0,13.0,3.0,5.0,3.0,5.0,4.0,1.0,0.0,0.0
EPL_2014,20/10/14,38,23,2.0,2.0,1.0,8.0,22.0,2.0,7.0,0.0,11.0,1.0,2.0,0.0,0.0
EPL_2014,25/10/14,20,16,0.0,0.0,1.0,17.0,6.0,4.0,3.0,14.0,1.0,3.0,2.0,0.0,0.0
EPL_2014,25/10/14,32,33,1.0,0.0,0.0,20.0,8.0,2.0,1.0,6.0,3.0,0.0,2.0,0.0,0.0
EPL_2014,25/10/14,34,0,0.0,2.0,2.0,11.0,15.0,3.0,5.0,3.0,3.0,3.0,3.0,0.0,0.0
EPL_2014,25/10/14,35,19,2.0,0.0,0.0,7.0,9.0,3.0,4.0,2.0,2.0,0.0,0.0,0.0,0.0
EPL_2014,25/10/14,38,12,2.0,2.0,1.0,17.0,8.0,4.0,6.0,6.0,3.0,3.0,1.0,0.0,0.0
EPL_2014,25/10/14,39,22,2.0,1.0,0.0,12.0,21.0,4.0,5.0,4.0,8.0,2.0,1.0,0.0,0.0
EPL_2014,26/10/14,9,13,1.0,3.0,2.0,14.0,15.0,3.0,6.0,5.0,4.0,4.0,2.0,0.0,0.0
EPL_2014,26/10/14,23,11,1.0,1.0,1.0,19.0,9.0,7.0,4.0,4.0,7.0,3.0,5.0,0.0,1.0
EPL_2014,26/10/14,36,25,1.0,2.0,2.0,17.0,8.0,2.0,2.0,10.0,2.0,2.0,4.0,0.0,0.0
EPL_2014,27/10/14,29,1,2.0,0.0,0.0,11.0,15.0,4.0,6.0,2.0,4.0,0.0,2.0,0.0,0.0
EPL_2014,01/11/14,0,9,3.0,0.0,0.0,32.0,6.0,13.0,2.0,18.0,1.0,0.0,1.0,0.0,0.0
EPL_2014,01/11/14,11,29,2.0,1.0,0.0,18.0,7.0,8.0,1.0,13.0,2.0,0.0,0.0,0.0,0.0
EPL_2014,01/11/14,13,35,0.0,0.0,1.0,17.0,8.0,3.0,0.0,11.0,0.0,2.0,3.0,0.0,1.0
EPL_2014,01/11/14,16,32,0.0,1.0,2.0,8.0,10.0,1.0,3.0,7.0,4.0,1.0,0.0,0.0,0.0
EPL_2014,01/11/14,19,38,0.0,1.0,2.0,14.0,8.0,5.0,3.0,8.0,3.0,0.0,1.0,0.0,0.0
EPL_2014,01/11/14,25,20,1.0,0.0,0.0,14.0,6.0,3.0,3.0,7.0,2.0,4.0,3.0,0.0,0.0
EPL_2014,01/11/14,33,39,2.0,2.0,1.0,21.0,10.0,6.0,2.0,9.0,2.0,1.0,1.0,0.0,0.0
EPL_2014,02/11/14,1,36,1.0,2.0,2.0,12.0,18.0,1.0,7.0,3.0,9.0,3.0,3.0,1.0,0.0
EPL_2014,02/11/14,22,23,1.0,0.0,0.0,16.0,9.0,6.0,2.0,7.0,4.0,3.0,1.0,0.0,1.0
EPL_2014,03/11/14,12,34,1.0,3.0,2.0,9.0,8.0,1.0,7.0,11.0,2.0,0.0,3.0,1.0,0.0
EPL_2014,08/11/14,9,16,1.0,0.0,0.0,14.0,12.0,3.0,1.0,7.0,1.0,6.0,4.0,0.0,0.0
EPL_2014,08/11/14,20,11,1.0,2.0,2.0,12.0,15.0,4.0,5.0,5.0,7.0,2.0,5.0,0.0,0.0
EPL_2014,08/11/14,23,12,1.0,0.0,0.0,23.0,6.0,5.0,1.0,11.0,4.0,1.0,3.0,0.0,0.0
EPL_2014,08/11/14,29,22,2.0,2.0,1.0,17.0,23.0,4.0,6.0,7.0,7.0,4.0,2.0,0.0,0.0
EPL_2014,08/11/14,32,19,2.0,0.0,0.0,18.0,5.0,6.0,0.0,13.0,4.0,2.0,2.0,0.0,0.0
EPL_2014,08/11/14,39,1,0.0,0.0,1.0,21.0,12.0,5.0,4.0,13.0,2.0,0.0,3.0,0.0,0.0
EPL_2014,09/11/14,34,13,1.0,1.0,1.0,10.0,16.0,3.0,7.0,5.0,4.0,1.0,2.0,0.0,0.0
EPL_2014,09/11/14,35,0,2.0,1.0,0.0,11.0,12.0,5.0,4.0,6.0,10.0,5.0,5.0,0.0,0.0
EPL_2014,09/11/14,36,33,1.0,2.0,2.0,14.0,11.0,4.0,4.0,5.0,5.0,3.0,2.0,1.0,0.0
EPL_2014,09/11/14,38,25,0.0,2.0,2.0,10.0,8.0,2.0,3.0,7.0,4.0,0.0,0.0,0.0,0.0
EPL_2014,22/11/14,0,23,1.0,2.0,2.0,23.0,12.0,9.0,2.0,11.0,5.0,2.0,1.0,0.0,0.0
EPL_2014,22/11/14,11,38,2.0,0.0,0.0,21.0,5.0,8.0,1.0,15.0,0.0,1.0,0.0,0.0,1.0
EPL_2014,22/11/14,13,39,2.0,1.0,0.0,14.0,14.0,4.0,3.0,1.0,5.0,2.0,3.0,0.0,0.0
EPL_2014,22/11/14,19,34,0.0,0.0,1.0,13.0,10.0,4.0,5.0,6.0,9.0,2.0,3.0,0.0,0.0
EPL_2014,22/11/14,22,35,2.0,1.0,0.0,23.0,8.0,10.0,3.0,7.0,3.0,2.0,1.0,0.0,0.0
EPL_2014,22/11/14,25,29,1.0,0.0,0.0,14.0,13.0,6.0,4.0,16.0,7.0,2.0,3.0,0.0,0.0
EPL_2014,22/11/14,33,9,1.0,2.0,2.0,25.0,5.0,4.0,4.0,14.0,0.0,2.0,2.0,0.0,0.0
EPL_2014,23/11/14,12,20,3.0,1.0,0.0,15.0,12.0,5.0,1.0,4.0,3.0,1.0,2.0,0.0,0.0
EPL_2014,23/11/14,16,36,1.0,2.0,2.0,10.0,23.0,2.0,6.0,3.0,9.0,3.0,1.0,1.0,0.0
EPL_2014,24/11/14,1,32,1.0,1.0,1.0,7.0,15.0,1.0,4.0,2.0,8.0,1.0,2.0,0.0,0.0
EPL_2014,29/11/14,9,1,1.0,1.0,1.0,11.0,18.0,4.0,7.0,1.0,5.0,3.0,4.0,0.0,0.0
EPL_2014,29/11/14,20,33,1.0,0.0,0.0,16.0,13.0,3.0,4.0,5.0,5.0,0.0,3.0,0.0,0.0
EPL_2014,29/11/14,23,16,3.0,0.0,0.0,12.0,4.0,6.0,2.0,7.0,0.0,2.0,2.0,0.0,0.0
EPL_2014,29/11/14,29,19,3.0,2.0,0.0,32.0,19.0,6.0,5.0,11.0,5.0,3.0,2.0,0.0,0.0
EPL_2014,29/11/14,34,11,0.0,0.0,1.0,12.0,24.0,3.0,6.0,2.0,8.0,3.0,2.0,0.0,0.0
EPL_2014,29/11/14,35,12,1.0,1.0,1.0,18.0,11.0,4.0,5.0,4.0,6.0,0.0,2.0,0.0,0.0
EPL_2014,29/11/14,38,0,0.0,1.0,2.0,9.0,17.0,1.0,5.0,4.0,4.0,2.0,1.0,0.0,0.0
EPL_2014,29/11/14,39,25,1.0,0.0,0.0,12.0,7.0,3.0,1.0,6.0,2.0,3.0,2.0,0.0,1.0
EPL_2014,30/11/14,32,22,0.0,3.0,2.0,13.0,15.0,4.0,6.0,8.0,6.0,1.0,2.0,0.0,1.0
EPL_2014,30/11/14,36,13,2.0,1.0,0.0,13.0,10.0,6.0,5.0,3.0,4.0,5.0,1.0,0.0,0.0
EPL_2014,02/12/14,9,25,1.0,1.0,1.0,12.0,11.0,2.0,4.0,2.0,5.0,2.0,2.0,0.0,0.0
EPL_2014,02/12/14,12,1,0.0,1.0,2.0,17.0,5.0,5.0,3.0,8.0,2.0,2.0,2.0,0.0,0.0
EPL_2014,02/12/14,19,20,1.0,3.0,2.0,20.0,11.0,4.0,3.0,7.0,4.0,1.0,2.0,1.0,0.0
EPL_2014,02/12/14,23,33,2.0,1.0,0.0,10.0,5.0,3.0,4.0,2.0,2.0,2.0,4.0,0.0,0.0
EPL_2014,02/12/14,35,29,2.0,0.0,0.0,18.0,5.0,7.0,1.0,9.0,2.0,2.0,2.0,0.0,0.0
EPL_2014,02/12/14,38,39,1.0,2.0,2.0,23.0,11.0,5.0,6.0,7.0,3.0,2.0,1.0,0.0,0.0
EPL_2014,03/12/14,0,32,1.0,0.0,0.0,19.0,6.0,8.0,1.0,9.0,4.0,0.0,2.0,0.0,0.0
EPL_2014,03/12/14,11,36,3.0,0.0,0.0,12.0,10.0,8.0,2.0,1.0,6.0,1.0,1.0,0.0,0.0
EPL_2014,03/12/14,13,16,1.0,1.0,1.0,13.0,8.0,5.0,1.0,6.0,4.0,1.0,1.0,0.0,0.0
EPL_2014,03/12/14,34,22,1.0,4.0,2.0,8.0,15.0,2.0,4.0,2.0,0.0,1.0,1.0,0.0,0.0
EPL_2014,06/12/14,16,38,0.0,0.0,1.0,12.0,6.0,2.0,3.0,3.0,2.0,1.0,1.0,0.0,0.0
EPL_2014,06/12/14,20,34,0.0,0.0,1.0,15.0,7.0,2.0,1.0,5.0,7.0,1.0,3.0,0.0,0.0
EPL_2014,06/12/14,22,13,1.0,0.0,0.0,19.0,9.0,3.0,2.0,11.0,7.0,3.0,3.0,0.0,0.0
EPL_2014,06/12/14,25,11,2.0,1.0,0.0,9.0,26.0,3.0,8.0,1.0,10.0,2.0,3.0,1.0,0.0
EPL_2014,06/12/14,29,9,2.0,0.0,0.0,11.0,15.0,6.0,3.0,3.0,11.0,1.0,1.0,1.0,0.0
EPL_2014,06/12/14,33,0,3.0,2.0,0.0,13.0,15.0,4.0,6.0,3.0,9.0,3.0,2.0,0.0,1.0
EPL_2014,06/12/14,36,12,0.0,0.0,1.0,14.0,16.0,3.0,4.0,2.0,12.0,1.0,0.0,0.0,0.0
EPL_2014,07/12/14,1,19,2.0,1.0,0.0,16.0,10.0,7.0,4.0,5.0,5.0,4.0,4.0,0.0,1.0
EPL_2014,07/12/14,39,35,3.0,1.0,0.0,15.0,11.0,7.0,2.0,7.0,4.0,0.0,1.0,0.0,1.0
EPL_2014,08/12/14,32,23,1.0,2.0,2.0,15.0,3.0,4.0,2.0,5.0,1.0,2.0,1.0,0.0,0.0
EPL_2014,13/12/14,0,25,4.0,1.0,0.0,17.0,10.0,4.0,4.0,9.0,6.0,2.0,2.0,0.0,0.0
EPL_2014,13/12/14,9,32,1.0,0.0,0.0,7.0,15.0,2.0,4.0,2.0,5.0,1.0,3.0,0.0,0.0
EPL_2014,13/12/14,11,16,2.0,0.0,0.0,12.0,8.0,3.0,0.0,5.0,4.0,3.0,3.0,0.0,1.0
EPL_2014,13/12/14,12,33,1.0,1.0,1.0,10.0,7.0,3.0,3.0,9.0,8.0,2.0,0.0,0.0,0.0
EPL_2014,13/12/14,19,22,0.0,1.0,2.0,7.0,9.0,1.0,4.0,8.0,2.0,0.0,2.0,0.0,0.0
EPL_2014,13/12/14,34,39,1.0,1.0,1.0,13.0,19.0,4.0,8.0,6.0,8.0,2.0,2.0,0.0,0.0
EPL_2014,13/12/14,38,1,1.0,0.0,0.0,13.0,7.0,5.0,2.0,4.0,2.0,4.0,2.0,0.0,1.0
EPL_2014,14/12/14,23,20,3.0,0.0,0.0,11.0,19.0,6.0,9.0,2.0,7.0,4.0,3.0,0.0,0.0
EPL_2014,14/12/14,35,36,1.0,2.0,2.0,15.0,10.0,3.0,4.0,7.0,9.0,3.0,4.0,0.0,0.0
EPL_2014,15/12/14,13,29,3.0,1.0,0.0,13.0,17.0,5.0,4.0,1.0,8.0,1.0,1.0,0.0,0.0
EPL_2014,20/12/14,1,23,1.0,1.0,1.0,10.0,16.0,4.0,9.0,3.0,9.0,1.0,1.0,1.0,0.0
EPL_2014,20/12/14,16,35,0.0,1.0,2.0,11.0,13.0,3.0,3.0,4.0,5.0,2.0,2.0,0.0,0.0
EPL_2014,20/12/14,22,12,3.0,0.0,0.0,15.0,6.0,3.0,1.0,8.0,6.0,2.0,1.0,0.0,0.0
EPL_2014,20/12/14,29,38,3.0,2.0,0.0,17.0,16.0,7.0,6.0,5.0,11.0,1.0,0.0,0.0,0.0
EPL_2014,20/12/14,32,13,3.0,0.0,0.0,11.0,13.0,3.0,4.0,4.0,6.0,1.0,1.0,0.0,0.0
EPL_2014,20/12/14,36,9,2.0,1.0,0.0,23.0,9.0,6.0,5.0,9.0,6.0,1.0,0.0,0.0,0.0
EPL_2014,20/12/14,39,19,2.0,0.0,0.0,10.0,10.0,2.0,4.0,9.0,4.0,0.0,3.0,0.0,0.0
EPL_2014,21/12/14,20,0,2.0,2.0,1.0,27.0,7.0,10.0,3.0,10.0,6.0,0.0,3.0,1.0,0.0
EPL_2014,21/12/14,25,34,0.0,1.0,2.0,15.0,16.0,7.0,3.0,7.0,1.0,4.0,4.0,0.0,0.0
EPL_2014,22/12/14,33,11,0.0,2.0,2.0,13.0,15.0,2.0,6.0,6.0,5.0,3.0,0.0,0.0,0.0
EPL_2014,26/12/14,0,29,2.0,1.0,0.0,15.0,16.0,5.0,2.0,6.0,2.0,1.0,4.0,1.0,0.0
EPL_2014,26/12/14,9,20,0.0,1.0,2.0,16.0,10.0,0.0,3.0,8.0,2.0,0.0,1.0,0.0,0.0
EPL_2014,26/12/14,11,39,2.0,0.0,0.0,28.0,6.0,9.0,0.0,8.0,6.0,0.0,3.0,0.0,0.0
EPL_2014,26/12/14,12,32,1.0,3.0,2.0,11.0,13.0,4.0,6.0,8.0,4.0,1.0,0.0,0.0,0.0
EPL_2014,26/12/14,13,33,0.0,1.0,2.0,16.0,12.0,5.0,2.0,9.0,3.0,2.0,3.0,0.0,0.0
EPL_2014,26/12/14,19,36,1.0,2.0,2.0,22.0,8.0,6.0,3.0,11.0,1.0,1.0,2.0,0.0,0.0
EPL_2014,26/12/14,23,25,3.0,1.0,0.0,9.0,8.0,4.0,4.0,4.0,5.0,1.0,2.0,0.0,0.0
EPL_2014,26/12/14,34,16,1.0,3.0,2.0,12.0,13.0,3.0,5.0,10.0,4.0,4.0,2.0,0.0,0.0
EPL_2014,26/12/14,35,1,1.0,0.0,0.0,7.0,11.0,2.0,3.0,4.0,0.0,1.0,4.0,0.0,0.0
EPL_2014,26/12/14,38,22,1.0,3.0,2.0,18.0,9.0,6.0,5.0,10.0,6.0,0.0,1.0,0.0,0.0
EPL_2014,28/12/14,1,34,0.0,0.0,1.0,14.0,15.0,3.0,3.0,4.0,4.0,1.0,4.0,1.0,0.0
EPL_2014,28/12/14,16,19,0.0,1.0,2.0,18.0,4.0,5.0,2.0,7.0,1.0,0.0,1.0,1.0,1.0
EPL_2014,28/12/14,22,9,2.0,2.0,1.0,17.0,12.0,6.0,3.0,10.0,3.0,4.0,1.0,0.0,0.0
EPL_2014,28/12/14,25,13,3.0,2.0,0.0,13.0,9.0,6.0,2.0,8.0,3.0,2.0,2.0,0.0,0.0
EPL_2014,28/12/14,29,12,0.0,0.0,1.0,11.0,10.0,3.0,3.0,9.0,4.0,2.0,1.0,0.0,0.0
EPL_2014,28/12/14,32,11,1.0,1.0,1.0,9.0,7.0,1.0,1.0,4.0,6.0,2.0,2.0,1.0,0.0
EPL_2014,28/12/14,33,38,2.0,0.0,0.0,13.0,15.0,3.0,4.0,5.0,3.0,0.0,2.0,0.0,0.0
EPL_2014,28/12/14,36,23,0.0,0.0,1.0,9.0,9.0,4.0,5.0,3.0,6.0,2.0,4.0,0.0,0.0
EPL_2014,28/12/14,39,0,1.0,2.0,2.0,14.0,21.0,4.0,7.0,7.0,8.0,3.0,3.0,0.0,0.0
EPL_2014,29/12/14,20,35,4.0,1.0,0.0,21.0,11.0,11.0,4.0,6.0,3.0,1.0,0.0,0.0,0.0
EPL_2014,01/01/15,1,12,0.0,0.0,1.0,14.0,6.0,3.0,0.0,5.0,2.0,1.0,1.0,0.0,0.0
EPL_2014,01/01/15,16,13,2.0,0.0,0.0,14.0,9.0,5.0,3.0,4.0,8.0,2.0,3.0,0.0,1.0
EPL_2014,01/01/15,20,19,2.0,2.0,1.0,18.0,16.0,6.0,3.0,4.0,5.0,2.0,2.0,0.0,0.0
EPL_2014,01/01/15,22,34,3.0,2.0,0.0,32.0,4.0,12.0,4.0,10.0,4.0,2.0,3.0,0.0,0.0
EPL_2014,01/01/15,25,9,3.0,3.0,1.0,10.0,15.0,4.0,4.0,5.0,5.0,2.0,4.0,0.0,0.0
EPL_2014,01/01/15,29,35,1.0,1.0,1.0,24.0,25.0,6.0,6.0,4.0,9.0,4.0,0.0,0.0,1.0
EPL_2014,01/01/15,32,0,2.0,0.0,0.0,13.0,11.0,6.0,6.0,2.0,7.0,2.0,1.0,0.0,0.0
EPL_2014,01/01/15,33,23,1.0,1.0,1.0,11.0,6.0,2.0,2.0,11.0,7.0,0.0,0.0,0.0,0.0
EPL_2014,01/01/15,36,11,5.0,3.0,0.0,11.0,19.0,8.0,7.0,5.0,3.0,3.0,1.0,0.0,0.0
EPL_2014,01/01/15,39,38,1.0,1.0,1.0,8.0,14.0,3.0,3.0,0.0,1.0,1.0,0.0,0.0,0.0
EPL_2014,10/01/15,9,29,2.0,1.0,0.0,18.0,17.0,7.0,7.0,10.0,6.0,2.0,2.0,0.0,0.0
EPL_2014,10/01/15,11,25,2.0,0.0,0.0,9.0,11.0,5.0,5.0,7.0,4.0,2.0,3.0,0.0,0.0
EPL_2014,10/01/15,12,36,2.0,1.0,0.0,21.0,9.0,7.0,5.0,4.0,6.0,5.0,3.0,0.0,0.0
EPL_2014,10/01/15,13,22,1.0,1.0,1.0,11.0,18.0,4.0,2.0,4.0,9.0,1.0,2.0,0.0,0.0
EPL_2014,10/01/15,19,1,1.0,0.0,0.0,11.0,12.0,3.0,1.0,6.0,6.0,1.0,1.0,1.0,1.0
EPL_2014,10/01/15,34,20,0.0,1.0,2.0,5.0,21.0,1.0,4.0,6.0,6.0,1.0,4.0,1.0,0.0
EPL_2014,10/01/15,35,39,1.0,1.0,1.0,19.0,11.0,3.0,5.0,4.0,5.0,0.0,1.0,0.0,0.0
EPL_2014,10/01/15,38,16,1.0,0.0,0.0,9.0,12.0,3.0,2.0,5.0,2.0,1.0,0.0,0.0,0.0
EPL_2014,11/01/15,0,33,3.0,0.0,0.0,14.0,7.0,6.0,2.0,9.0,1.0,0.0,3.0,0.0,0.0
EPL_2014,11/01/15,23,32,0.0,1.0,2.0,10.0,9.0,0.0,1.0,3.0,5.0,2.0,3.0,0.0,0.0
EPL_2014,17/01/15,1,20,0.0,2.0,2.0,15.0,12.0,4.0,5.0,9.0,5.0,1.0,1.0,0.0,0.0
EPL_2014,17/01/15,9,12,2.0,3.0,2.0,7.0,11.0,4.0,4.0,5.0,7.0,1.0,3.0,0.0,0.0
EPL_2014,17/01/15,19,33,0.0,1.0,2.0,7.0,13.0,3.0,3.0,6.0,5.0,1.0,0.0,0.0,0.0
EPL_2014,17/01/15,25,32,1.0,2.0,2.0,16.0,5.0,3.0,3.0,9.0,0.0,0.0,2.0,0.0,0.0
EPL_2014,17/01/15,29,23,0.0,2.0,2.0,18.0,12.0,4.0,7.0,3.0,3.0,3.0,2.0,0.0,0.0
EPL_2014,17/01/15,35,11,0.0,5.0,2.0,11.0,21.0,0.0,11.0,1.0,2.0,0.0,0.0,0.0,0.0
EPL_2014,17/01/15,36,34,2.0,1.0,0.0,25.0,8.0,8.0,4.0,6.0,6.0,1.0,2.0,0.0,0.0
EPL_2014,18/01/15,22,0,0.0,2.0,2.0,12.0,9.0,4.0,3.0,16.0,3.0,3.0,3.0,0.0,0.0
EPL_2014,18/01/15,39,16,3.0,0.0,0.0,17.0,9.0,6.0,3.0,4.0,7.0,1.0,3.0,0.0,0.0
EPL_2014,19/01/15,13,38,0.0,0.0,1.0,17.0,5.0,4.0,0.0,8.0,1.0,3.0,2.0,0.0,0.0
EPL_2014,31/01/15,11,22,1.0,1.0,1.0,3.0,10.0,2.0,5.0,1.0,4.0,0.0,2.0,0.0,0.0
EPL_2014,31/01/15,12,13,0.0,1.0,2.0,13.0,14.0,3.0,2.0,6.0,1.0,0.0,3.0,0.0,0.0
EPL_2014,31/01/15,16,25,0.0,3.0,2.0,13.0,12.0,8.0,5.0,3.0,3.0,4.0,1.0,0.0,0.0
EPL_2014,31/01/15,20,39,2.0,0.0,0.0,21.0,7.0,7.0,2.0,5.0,7.0,1.0,1.0,0.0,0.0
EPL_2014,31/01/15,23,19,3.0,1.0,0.0,12.0,4.0,5.0,1.0,4.0,3.0,0.0,1.0,0.0,0.0
EPL_2014,31/01/15,33,29,3.0,1.0,0.0,15.0,14.0,3.0,4.0,3.0,5.0,2.0,2.0,0.0,0.0
EPL_2014,31/01/15,34,9,2.0,0.0,0.0,8.0,13.0,3.0,4.0,6.0,3.0,3.0,1.0,0.0,0.0
EPL_2014,31/01/15,38,36,0.0,3.0,2.0,13.0,14.0,4.0,4.0,6.0,3.0,2.0,1.0,0.0,0.0
EPL_2014,01/02/15,0,1,5.0,0.0,0.0,13.0,9.0,8.0,2.0,7.0,7.0,0.0,2.0,0.0,0.0
EPL_2014,01/02/15,32,35,0.0,1.0,2.0,15.0,6.0,6.0,1.0,9.0,0.0,1.0,1.0,1.0,0.0
EPL_2014,07/02/15,1,11,1.0,2.0,2.0,8.0,12.0,1.0,5.0,7.0,7.0,3.0,2.0,0.0,0.0
EPL_2014,07/02/15,13,20,0.0,0.0,1.0,6.0,17.0,1.0,6.0,3.0,6.0,4.0,1.0,0.0,0.0
EPL_2014,07/02/15,19,12,0.0,1.0,2.0,19.0,14.0,5.0,2.0,8.0,6.0,4.0,1.0,0.0,0.0
EPL_2014,07/02/15,22,16,1.0,1.0,1.0,18.0,7.0,5.0,3.0,13.0,1.0,2.0,4.0,0.0,0.0
EPL_2014,07/02/15,29,32,0.0,1.0,2.0,12.0,16.0,3.0,5.0,3.0,4.0,2.0,2.0,0.0,0.0
EPL_2014,07/02/15,35,34,1.0,1.0,1.0,16.0,4.0,7.0,1.0,7.0,1.0,3.0,4.0,0.0,0.0
EPL_2014,07/02/15,36,0,2.0,1.0,0.0,23.0,7.0,8.0,3.0,10.0,3.0,3.0,5.0,0.0,0.0
EPL_2014,08/02/15,9,38,2.0,2.0,1.0,12.0,12.0,5.0,5.0,5.0,6.0,0.0,4.0,0.0,0.0
EPL_2014,08/02/15,25,33,1.0,1.0,1.0,9.0,7.0,3.0,3.0,5.0,8.0,2.0,4.0,0.0,0.0
EPL_2014,08/02/15,39,23,1.0,1.0,1.0,13.0,18.0,6.0,6.0,9.0,9.0,2.0,2.0,0.0,1.0
EPL_2014,10/02/15,0,19,2.0,1.0,0.0,17.0,11.0,7.0,4.0,6.0,6.0,2.0,2.0,0.0,0.0
EPL_2014,10/02/15,16,1,2.0,0.0,0.0,10.0,11.0,4.0,4.0,3.0,7.0,1.0,2.0,0.0,0.0
EPL_2014,10/02/15,20,36,3.0,2.0,0.0,16.0,14.0,7.0,5.0,5.0,7.0,3.0,6.0,0.0,0.0
EPL_2014,10/02/15,34,29,0.0,2.0,2.0,16.0,19.0,5.0,4.0,8.0,4.0,2.0,3.0,0.0,0.0
EPL_2014,11/02/15,11,13,1.0,0.0,0.0,21.0,7.0,7.0,4.0,10.0,2.0,3.0,3.0,0.0,1.0
EPL_2014,11/02/15,12,25,1.0,1.0,1.0,7.0,5.0,3.0,1.0,5.0,2.0,1.0,2.0,0.0,0.0
EPL_2014,11/02/15,23,9,3.0,1.0,0.0,11.0,13.0,7.0,3.0,5.0,8.0,4.0,3.0,0.0,0.0
EPL_2014,11/02/15,32,39,0.0,0.0,1.0,21.0,4.0,7.0,1.0,8.0,2.0,2.0,1.0,0.0,1.0
EPL_2014,11/02/15,33,22,1.0,4.0,2.0,17.0,14.0,5.0,8.0,3.0,2.0,1.0,2.0,0.0,0.0
EPL_2014,11/02/15,38,35,2.0,0.0,0.0,11.0,10.0,4.0,3.0,5.0,4.0,2.0,1.0,0.0,0.0
EPL_2014,21/02/15,1,33,1.0,2.0,2.0,3.0,11.0,2.0,6.0,11.0,3.0,1.0,3.0,1.0,0.0
EPL_2014,21/02/15,11,9,1.0,1.0,1.0,14.0,10.0,5.0,5.0,7.0,7.0,1.0,2.0,1.0,0.0
EPL_2014,21/02/15,12,0,1.0,2.0,2.0,22.0,12.0,3.0,4.0,10.0,1.0,1.0,3.0,0.0,0.0
EPL_2014,21/02/15,16,29,2.0,1.0,0.0,16.0,8.0,6.0,3.0,5.0,7.0,0.0,4.0,0.0,1.0
EPL_2014,21/02/15,22,25,5.0,0.0,0.0,16.0,8.0,9.0,1.0,7.0,3.0,3.0,2.0,0.0,0.0
EPL_2014,21/02/15,34,38,0.0,0.0,1.0,13.0,5.0,2.0,1.0,11.0,2.0,1.0,2.0,0.0,0.0
EPL_2014,21/02/15,35,23,2.0,1.0,0.0,11.0,18.0,6.0,3.0,4.0,10.0,2.0,4.0,0.0,0.0
EPL_2014,22/02/15,13,19,2.0,2.0,1.0,18.0,15.0,3.0,4.0,4.0,7.0,0.0,1.0,0.0,0.0
EPL_2014,22/02/15,32,20,0.0,2.0,2.0,13.0,6.0,5.0,4.0,6.0,1.0,2.0,3.0,0.0,0.0
EPL_2014,22/02/15,36,39,2.0,2.0,1.0,27.0,12.0,8.0,5.0,7.0,9.0,0.0,2.0,0.0,0.0
EPL_2014,28/02/15,9,35,0.0,1.0,2.0,13.0,8.0,6.0,2.0,6.0,4.0,0.0,0.0,0.0,0.0
EPL_2014,28/02/15,23,34,2.0,0.0,0.0,30.0,5.0,10.0,3.0,13.0,1.0,1.0,1.0,0.0,1.0
EPL_2014,28/02/15,25,1,1.0,0.0,0.0,14.0,13.0,5.0,3.0,9.0,5.0,1.0,5.0,0.0,0.0
EPL_2014,28/02/15,33,16,1.0,0.0,0.0,17.0,1.0,2.0,0.0,5.0,2.0,2.0,2.0,0.0,0.0
EPL_2014,28/02/15,38,32,1.0,0.0,0.0,7.0,12.0,3.0,2.0,2.0,3.0,2.0,1.0,0.0,0.0
EPL_2014,28/02/15,39,12,1.0,3.0,2.0,22.0,12.0,5.0,5.0,11.0,7.0,2.0,2.0,0.0,1.0
EPL_2014,01/03/15,0,13,2.0,0.0,0.0,17.0,8.0,4.0,2.0,8.0,9.0,2.0,0.0,0.0,0.0
EPL_2014,01/03/15,20,22,2.0,1.0,0.0,11.0,8.0,5.0,1.0,3.0,0.0,1.0,3.0,0.0,0.0
EPL_2014,03/03/15,1,38,2.0,1.0,0.0,16.0,3.0,8.0,1.0,0.0,3.0,2.0,4.0,0.0,0.0
EPL_2014,03/03/15,16,34,1.0,1.0,1.0,15.0,9.0,5.0,3.0,6.0,4.0,2.0,6.0,0.0,0.0
EPL_2014,03/03/15,32,12,1.0,0.0,0.0,23.0,9.0,3.0,3.0,10.0,2.0,0.0,2.0,0.0,0.0
EPL_2014,04/03/15,20,9,2.0,0.0,0.0,20.0,9.0,8.0,1.0,6.0,5.0,0.0,1.0,0.0,0.0
EPL_2014,04/03/15,22,19,2.0,0.0,0.0,22.0,6.0,9.0,2.0,10.0,3.0,0.0,1.0,0.0,0.0
EPL_2014,04/03/15,25,23,0.0,1.0,2.0,9.0,11.0,2.0,5.0,4.0,1.0,1.0,2.0,0.0,0.0
EPL_2014,04/03/15,29,0,1.0,2.0,2.0,10.0,20.0,3.0,9.0,1.0,6.0,2.0,1.0,0.0,0.0
EPL_2014,04/03/15,33,13,2.0,0.0,0.0,11.0,10.0,3.0,5.0,5.0,6.0,2.0,2.0,0.0,0.0
EPL_2014,04/03/15,36,35,3.0,2.0,0.0,20.0,10.0,7.0,5.0,6.0,4.0,1.0,0.0,0.0,0.0
EPL_2014,04/03/15,39,11,0.0,1.0,2.0,18.0,12.0,5.0,3.0,5.0,4.0,3.0,4.0,0.0,0.0
EPL_2014,07/03/15,29,36,1.0,2.0,2.0,17.0,13.0,6.0,6.0,3.0,5.0,1.0,2.0,0.0,0.0
EPL_2014,14/03/15,0,39,3.0,0.0,0.0,19.0,7.0,9.0,1.0,7.0,5.0,1.0,1.0,0.0,0.0
EPL_2014,14/03/15,9,22,1.0,0.0,0.0,10.0,21.0,4.0,5.0,2.0,6.0,2.0,1.0,0.0,0.0
EPL_2014,14/03/15,12,29,3.0,1.0,0.0,15.0,11.0,4.0,4.0,6.0,3.0,1.0,3.0,0.0,0.0
EPL_2014,14/03/15,19,16,0.0,0.0,1.0,15.0,12.0,3.0,5.0,7.0,5.0,0.0,4.0,0.0,1.0
EPL_2014,14/03/15,34,1,0.0,4.0,2.0,12.0,14.0,2.0,8.0,2.0,5.0,1.0,1.0,0.0,0.0
EPL_2014,14/03/15,38,33,1.0,0.0,0.0,14.0,9.0,5.0,2.0,7.0,5.0,1.0,2.0,0.0,0.0
EPL_2014,15/03/15,11,32,1.0,1.0,1.0,22.0,12.0,7.0,5.0,9.0,2.0,3.0,3.0,0.0,0.0
EPL_2014,15/03/15,13,25,3.0,0.0,0.0,15.0,12.0,9.0,4.0,3.0,4.0,1.0,2.0,0.0,1.0
EPL_2014,15/03/15,23,36,3.0,0.0,0.0,11.0,5.0,3.0,1.0,4.0,2.0,1.0,1.0,0.0,0.0
EPL_2014,16/03/15,35,20,0.0,1.0,2.0,10.0,16.0,3.0,5.0,4.0,5.0,0.0,3.0,0.0,0.0
EPL_2014,21/03/15,1,35,0.0,1.0,2.0,12.0,9.0,3.0,6.0,4.0,9.0,0.0,0.0,0.0,0.0
EPL_2014,21/03/15,22,38,3.0,0.0,0.0,43.0,3.0,16.0,0.0,9.0,2.0,0.0,0.0,0.0,1.0
EPL_2014,21/03/15,25,0,1.0,2.0,2.0,16.0,7.0,4.0,3.0,9.0,4.0,0.0,0.0,0.0,0.0
EPL_2014,21/03/15,32,9,2.0,0.0,0.0,20.0,15.0,3.0,3.0,10.0,5.0,0.0,0.0,0.0,0.0
EPL_2014,21/03/15,33,12,1.0,2.0,2.0,17.0,12.0,4.0,3.0,8.0,4.0,3.0,4.0,0.0,0.0
EPL_2014,21/03/15,36,19,4.0,3.0,0.0,10.0,14.0,4.0,5.0,4.0,4.0,2.0,1.0,0.0,0.0
EPL_2014,21/03/15,39,34,1.0,0.0,0.0,15.0,7.0,4.0,3.0,6.0,4.0,0.0,1.0,0.0,0.0
EPL_2014,22/03/15,16,11,2.0,3.0,2.0,19.0,8.0,8.0,3.0,6.0,6.0,0.0,2.0,0.0,0.0
EPL_2014,22/03/15,20,23,1.0,2.0,2.0,7.0,6.0,1.0,4.0,2.0,3.0,2.0,2.0,1.0,0.0
EPL_2014,22/03/15,29,13,1.0,2.0,2.0,14.0,8.0,1.0,3.0,1.0,3.0,2.0,1.0,0.0,0.0
EPL_2014,04/04/15,0,20,4.0,1.0,0.0,16.0,13.0,10.0,2.0,6.0,5.0,1.0,0.0,0.0,1.0
EPL_2014,04/04/15,11,33,2.0,1.0,0.0,19.0,7.0,10.0,2.0,9.0,0.0,1.0,6.0,0.0,0.0
EPL_2014,04/04/15,13,32,1.0,0.0,0.0,11.0,11.0,1.0,2.0,4.0,10.0,0.0,1.0,0.0,0.0
EPL_2014,04/04/15,19,39,2.0,1.0,0.0,20.0,14.0,7.0,7.0,7.0,6.0,0.0,3.0,0.0,0.0
EPL_2014,04/04/15,23,1,3.0,1.0,0.0,19.0,4.0,7.0,2.0,10.0,2.0,0.0,1.0,0.0,0.0
EPL_2014,04/04/15,35,16,3.0,1.0,0.0,9.0,10.0,4.0,1.0,4.0,7.0,1.0,5.0,0.0,1.0
EPL_2014,04/04/15,38,29,1.0,4.0,2.0,21.0,12.0,6.0,7.0,2.0,4.0,2.0,3.0,1.0,0.0
EPL_2014,05/04/15,9,36,0.0,0.0,1.0,15.0,12.0,4.0,2.0,5.0,3.0,2.0,0.0,0.0,0.0
EPL_2014,05/04/15,34,25,1.0,0.0,0.0,16.0,10.0,4.0,1.0,8.0,4.0,5.0,2.0,0.0,0.0
EPL_2014,06/04/15,12,22,2.0,1.0,0.0,5.0,22.0,3.0,4.0,4.0,13.0,2.0,1.0,0.0,0.0
EPL_2014,07/04/15,1,29,3.0,3.0,1.0,21.0,11.0,7.0,5.0,7.0,3.0,0.0,4.0,0.0,0.0
EPL_2014,11/04/15,9,0,0.0,1.0,2.0,8.0,17.0,4.0,5.0,1.0,6.0,2.0,0.0,0.0,0.0
EPL_2014,11/04/15,32,16,2.0,0.0,0.0,9.0,15.0,4.0,4.0,2.0,5.0,2.0,0.0,0.0,0.0
EPL_2014,11/04/15,34,12,1.0,4.0,2.0,12.0,14.0,3.0,5.0,8.0,4.0,2.0,2.0,0.0,0.0
EPL_2014,11/04/15,35,13,1.0,1.0,1.0,11.0,12.0,3.0,8.0,3.0,6.0,3.0,3.0,0.0,0.0
EPL_2014,11/04/15,36,1,0.0,1.0,2.0,14.0,10.0,3.0,3.0,9.0,6.0,3.0,2.0,0.0,1.0
EPL_2014,11/04/15,38,19,2.0,3.0,2.0,8.0,12.0,5.0,4.0,4.0,6.0,2.0,2.0,0.0,0.0
EPL_2014,11/04/15,39,33,1.0,1.0,1.0,11.0,18.0,3.0,2.0,4.0,10.0,3.0,1.0,0.0,0.0
EPL_2014,12/04/15,23,22,4.0,2.0,0.0,11.0,10.0,7.0,3.0,1.0,5.0,0.0,3.0,0.0,0.0
EPL_2014,12/04/15,29,11,0.0,1.0,2.0,15.0,9.0,4.0,1.0,5.0,6.0,2.0,1.0,0.0,0.0
EPL_2014,13/04/15,20,25,2.0,0.0,0.0,14.0,10.0,6.0,3.0,6.0,6.0,2.0,0.0,0.0,1.0
EPL_2014,18/04/15,11,23,1.0,0.0,0.0,7.0,15.0,2.0,2.0,3.0,7.0,7.0,1.0,0.0,0.0
EPL_2014,18/04/15,12,38,0.0,2.0,2.0,19.0,8.0,4.0,4.0,7.0,6.0,3.0,3.0,0.0,0.0
EPL_2014,18/04/15,13,9,1.0,0.0,0.0,21.0,10.0,8.0,1.0,5.0,6.0,1.0,2.0,0.0,1.0
EPL_2014,18/04/15,19,35,2.0,0.0,0.0,18.0,10.0,6.0,6.0,6.0,3.0,0.0,2.0,0.0,0.0
EPL_2014,18/04/15,33,32,2.0,1.0,0.0,15.0,12.0,2.0,6.0,2.0,5.0,0.0,4.0,0.0,0.0
EPL_2014,19/04/15,22,39,2.0,0.0,0.0,18.0,9.0,3.0,3.0,6.0,3.0,2.0,2.0,0.0,0.0
EPL_2014,19/04/15,25,36,1.0,3.0,2.0,11.0,14.0,5.0,8.0,4.0,3.0,2.0,4.0,0.0,0.0
EPL_2014,25/04/15,9,19,0.0,1.0,2.0,12.0,8.0,4.0,4.0,6.0,4.0,3.0,0.0,0.0,0.0
EPL_2014,25/04/15,12,16,0.0,2.0,2.0,7.0,21.0,3.0,7.0,0.0,9.0,0.0,0.0,0.0,0.0
EPL_2014,25/04/15,22,1,3.0,2.0,0.0,11.0,13.0,4.0,4.0,7.0,6.0,1.0,2.0,0.0,0.0
EPL_2014,25/04/15,25,35,2.0,3.0,2.0,12.0,11.0,4.0,6.0,9.0,6.0,1.0,2.0,0.0,0.0
EPL_2014,25/04/15,29,39,0.0,0.0,1.0,18.0,8.0,7.0,2.0,6.0,6.0,1.0,0.0,0.0,0.0
EPL_2014,25/04/15,32,36,2.0,2.0,1.0,13.0,7.0,4.0,2.0,8.0,3.0,1.0,3.0,0.0,0.0
EPL_2014,25/04/15,33,34,1.0,1.0,1.0,23.0,15.0,8.0,5.0,9.0,8.0,2.0,3.0,0.0,0.0
EPL_2014,25/04/15,38,20,0.0,0.0,1.0,10.0,22.0,4.0,5.0,2.0,4.0,1.0,0.0,0.0,0.0
EPL_2014,26/04/15,0,11,0.0,0.0,1.0,12.0,7.0,1.0,3.0,6.0,2.0,4.0,3.0,0.0,0.0
EPL_2014,26/04/15,13,23,3.0,0.0,0.0,9.0,17.0,7.0,4.0,7.0,7.0,0.0,2.0,0.0,0.0
EPL_2014,28/04/15,16,20,1.0,0.0,0.0,7.0,12.0,4.0,9.0,7.0,7.0,2.0,0.0,0.0,0.0
EPL_2014,29/04/15,19,11,1.0,3.0,2.0,8.0,11.0,2.0,4.0,2.0,6.0,1.0,0.0,0.0,0.0
EPL_2014,02/05/15,1,13,3.0,2.0,0.0,11.0,9.0,4.0,5.0,5.0,3.0,2.0,1.0,0.0,0.0
EPL_2014,02/05/15,19,25,3.0,0.0,0.0,19.0,12.0,7.0,3.0,10.0,7.0,1.0,2.0,0.0,2.0
EPL_2014,02/05/15,20,29,2.0,1.0,0.0,25.0,10.0,8.0,2.0,9.0,6.0,2.0,3.0,0.0,1.0
EPL_2014,02/05/15,23,38,0.0,1.0,2.0,26.0,6.0,9.0,3.0,9.0,3.0,1.0,0.0,0.0,0.0
EPL_2014,02/05/15,34,32,2.0,1.0,0.0,12.0,11.0,6.0,2.0,1.0,1.0,2.0,2.0,0.0,1.0
EPL_2014,02/05/15,35,33,2.0,0.0,0.0,16.0,9.0,4.0,3.0,6.0,2.0,1.0,2.0,0.0,1.0
EPL_2014,02/05/15,39,9,1.0,0.0,0.0,29.0,8.0,7.0,2.0,13.0,3.0,3.0,2.0,0.0,1.0
EPL_2014,03/05/15,11,12,1.0,0.0,0.0,17.0,8.0,7.0,1.0,3.0,6.0,2.0,2.0,0.0,0.0
EPL_2014,03/05/15,36,22,0.0,1.0,2.0,21.0,15.0,5.0,4.0,8.0,7.0,3.0,4.0,0.0,0.0
EPL_2014,04/05/15,16,0,1.0,3.0,2.0,8.0,22.0,1.0,9.0,0.0,5.0,2.0,0.0,0.0,0.0
EPL_2014,09/05/15,1,39,1.0,0.0,0.0,15.0,5.0,5.0,1.0,2.0,6.0,1.0,1.0,0.0,0.0
EPL_2014,09/05/15,12,23,1.0,2.0,2.0,13.0,13.0,4.0,4.0,7.0,6.0,0.0,1.0,0.0,0.0
EPL_2014,09/05/15,13,34,0.0,2.0,2.0,22.0,10.0,4.0,3.0,15.0,1.0,2.0,3.0,0.0,0.0
EPL_2014,09/05/15,16,9,0.0,1.0,2.0,21.0,8.0,3.0,2.0,9.0,3.0,1.0,1.0,0.0,0.0
EPL_2014,09/05/15,19,32,2.0,0.0,0.0,10.0,10.0,3.0,3.0,4.0,8.0,1.0,0.0,0.0,0.0
EPL_2014,09/05/15,25,38,1.0,1.0,1.0,15.0,8.0,5.0,3.0,7.0,2.0,2.0,3.0,0.0,0.0
EPL_2014,09/05/15,33,36,3.0,0.0,0.0,17.0,9.0,9.0,3.0,6.0,8.0,0.0,0.0,0.0,1.0
EPL_2014,10/05/15,11,20,1.0,1.0,1.0,8.0,15.0,3.0,4.0,6.0,4.0,4.0,3.0,0.0,0.0
EPL_2014,10/05/15,22,29,6.0,0.0,0.0,23.0,9.0,11.0,3.0,7.0,4.0,0.0,1.0,0.0,0.0
EPL_2014,11/05/15,0,35,0.0,1.0,2.0,23.0,8.0,9.0,3.0,6.0,1.0,0.0,1.0,0.0,0.0
EPL_2014,16/05/15,9,33,0.0,0.0,1.0,11.0,11.0,4.0,3.0,7.0,6.0,1.0,2.0,0.0,0.0
EPL_2014,16/05/15,20,12,1.0,3.0,2.0,18.0,15.0,3.0,6.0,4.0,5.0,2.0,3.0,0.0,0.0
EPL_2014,16/05/15,29,25,2.0,1.0,0.0,8.0,22.0,4.0,8.0,3.0,12.0,2.0,0.0,0.0,0.0
EPL_2014,16/05/15,32,1,6.0,1.0,0.0,18.0,9.0,11.0,4.0,6.0,3.0,1.0,1.0,0.0,0.0
EPL_2014,16/05/15,34,19,0.0,0.0,1.0,13.0,11.0,3.0,0.0,8.0,9.0,4.0,1.0,0.0,0.0
EPL_2014,16/05/15,36,16,2.0,0.0,0.0,10.0,14.0,3.0,2.0,6.0,8.0,3.0,1.0,0.0,0.0
EPL_2014,16/05/15,39,13,1.0,2.0,2.0,13.0,21.0,3.0,5.0,7.0,8.0,1.0,4.0,0.0,0.0
EPL_2014,17/05/15,23,0,1.0,1.0,1.0,12.0,5.0,4.0,3.0,5.0,5.0,1.0,0.0,0.0,0.0
EPL_2014,17/05/15,35,22,2.0,4.0,2.0,13.0,22.0,9.0,11.0,11.0,7.0,0.0,3.0,0.0,0.0
EPL_2014,18/05/15,38,11,3.0,0.0,0.0,9.0,12.0,5.0,3.0,3.0,4.0,3.0,2.0,0.0,1.0
EPL_2014,20/05/15,0,34,0.0,0.0,1.0,28.0,7.0,8.0,3.0,5.0,2.0,1.0,0.0,0.0,0.0
EPL_2014,24/05/15,0,38,4.0,1.0,0.0,24.0,14.0,13.0,5.0,7.0,3.0,1.0,0.0,0.0,0.0
EPL_2014,24/05/15,1,9,0.0,1.0,2.0,16.0,6.0,5.0,3.0,7.0,2.0,1.0,2.0,0.0,0.0
EPL_2014,24/05/15,11,34,3.0,1.0,0.0,24.0,17.0,8.0,9.0,11.0,3.0,2.0,1.0,0.0,0.0
EPL_2014,24/05/15,12,35,1.0,0.0,0.0,13.0,5.0,7.0,2.0,7.0,3.0,3.0,0.0,0.0,0.0
EPL_2014,24/05/15,13,36,0.0,1.0,2.0,9.0,16.0,1.0,3.0,3.0,5.0,1.0,2.0,0.0,0.0
EPL_2014,24/05/15,16,23,0.0,0.0,1.0,16.0,7.0,6.0,1.0,8.0,1.0,2.0,2.0,0.0,1.0
EPL_2014,24/05/15,19,29,5.0,1.0,0.0,22.0,18.0,7.0,2.0,5.0,6.0,0.0,0.0,0.0,0.0
EPL_2014,24/05/15,22,32,2.0,0.0,0.0,15.0,13.0,6.0,4.0,8.0,4.0,1.0,1.0,0.0,0.0
EPL_2014,24/05/15,25,39,2.0,0.0,0.0,17.0,4.0,4.0,1.0,2.0,3.0,2.0,1.0,0.0,0.0
EPL_2014,24/05/15,33,20,6.0,1.0,0.0,15.0,13.0,9.0,4.0,3.0,9.0,4.0,2.0,0.0,0.0
EPL_2014,,42,42,,,,,,,,,,,,,
EPL_2015,08/08/2015,6,1,0.0,1.0,2.0,11.0,7.0,2.0,3.0,6.0,3.0,3.0,4.0,0.0,0.0
EPL_2015,08/08/2015,11,35,2.0,2.0,1.0,11.0,18.0,3.0,10.0,4.0,8.0,1.0,3.0,1.0,0.0
EPL_2015,08/08/2015,13,37,2.0,2.0,1.0,10.0,11.0,5.0,5.0,8.0,2.0,1.0,2.0,0.0,0.0
EPL_2015,08/08/2015,19,34,4.0,2.0,0.0,19.0,10.0,8.0,5.0,6.0,3.0,2.0,4.0,0.0,0.0
EPL_2015,08/08/2015,23,36,1.0,0.0,0.0,9.0,9.0,1.0,4.0,1.0,2.0,2.0,3.0,0.0,0.0
EPL_2015,08/08/2015,26,12,1.0,3.0,2.0,17.0,11.0,6.0,7.0,1.0,4.0,1.0,0.0,0.0,0.0
EPL_2015,09/08/2015,0,39,0.0,2.0,2.0,22.0,8.0,6.0,4.0,5.0,4.0,1.0,3.0,0.0,0.0
EPL_2015,09/08/2015,25,32,2.0,2.0,1.0,9.0,15.0,4.0,5.0,6.0,6.0,2.0,4.0,0.0,0.0
EPL_2015,09/08/2015,33,20,0.0,1.0,2.0,7.0,8.0,1.0,3.0,3.0,5.0,2.0,4.0,0.0,0.0
EPL_2015,10/08/2015,38,22,0.0,3.0,2.0,9.0,19.0,2.0,7.0,6.0,6.0,4.0,1.0,0.0,0.0
EPL_2015,14/08/2015,1,23,0.0,1.0,2.0,5.0,9.0,1.0,2.0,3.0,5.0,2.0,2.0,0.0,0.0
EPL_2015,15/08/2015,32,13,0.0,3.0,2.0,17.0,10.0,4.0,4.0,9.0,9.0,4.0,2.0,0.0,0.0
EPL_2015,15/08/2015,34,26,1.0,3.0,2.0,6.0,19.0,2.0,6.0,6.0,6.0,1.0,2.0,0.0,0.0
EPL_2015,15/08/2015,35,25,2.0,0.0,0.0,19.0,4.0,6.0,2.0,4.0,4.0,2.0,1.0,0.0,1.0
EPL_2015,15/08/2015,36,33,2.0,2.0,1.0,13.0,16.0,7.0,7.0,4.0,3.0,2.0,2.0,0.0,0.0
EPL_2015,15/08/2015,37,38,0.0,0.0,1.0,16.0,6.0,5.0,0.0,2.0,4.0,1.0,2.0,0.0,0.0
EPL_2015,15/08/2015,39,19,1.0,2.0,2.0,10.0,11.0,3.0,6.0,8.0,4.0,1.0,3.0,1.0,0.0
EPL_2015,16/08/2015,12,0,1.0,2.0,2.0,11.0,20.0,4.0,7.0,6.0,6.0,1.0,1.0,0.0,0.0
EPL_2015,16/08/2015,22,11,3.0,0.0,0.0,18.0,10.0,8.0,3.0,5.0,1.0,4.0,2.0,0.0,0.0
EPL_2015,17/08/2015,20,6,1.0,0.0,0.0,18.0,13.0,2.0,2.0,6.0,8.0,1.0,4.0,0.0,0.0
EPL_2015,22/08/2015,12,1,2.0,1.0,0.0,16.0,11.0,6.0,2.0,6.0,4.0,3.0,3.0,0.0,0.0
EPL_2015,22/08/2015,19,36,1.0,1.0,1.0,13.0,19.0,2.0,6.0,2.0,7.0,1.0,4.0,0.0,0.0
EPL_2015,22/08/2015,23,25,0.0,0.0,1.0,20.0,7.0,8.0,0.0,11.0,5.0,2.0,2.0,0.0,0.0
EPL_2015,22/08/2015,26,33,1.0,1.0,1.0,21.0,6.0,7.0,1.0,9.0,0.0,4.0,1.0,0.0,0.0
EPL_2015,22/08/2015,34,35,1.0,1.0,1.0,10.0,20.0,2.0,9.0,3.0,4.0,4.0,2.0,0.0,0.0
EPL_2015,22/08/2015,39,6,3.0,4.0,2.0,10.0,15.0,4.0,7.0,5.0,4.0,0.0,0.0,1.0,0.0
EPL_2015,23/08/2015,13,22,0.0,2.0,2.0,10.0,16.0,1.0,9.0,8.0,7.0,0.0,3.0,0.0,0.0
EPL_2015,23/08/2015,37,32,0.0,0.0,1.0,13.0,14.0,0.0,5.0,5.0,2.0,0.0,2.0,0.0,0.0
EPL_2015,23/08/2015,38,11,2.0,3.0,2.0,15.0,15.0,6.0,5.0,8.0,7.0,2.0,1.0,0.0,1.0
EPL_2015,24/08/2015,0,20,0.0,0.0,1.0,19.0,15.0,5.0,8.0,7.0,8.0,1.0,4.0,0.0,0.0
EPL_2015,29/08/2015,1,34,2.0,2.0,1.0,21.0,7.0,6.0,3.0,5.0,4.0,2.0,1.0,0.0,0.0
EPL_2015,29/08/2015,6,19,1.0,1.0,1.0,5.0,4.0,2.0,2.0,4.0,4.0,2.0,4.0,0.0,0.0
EPL_2015,29/08/2015,11,12,1.0,2.0,2.0,26.0,13.0,9.0,6.0,7.0,7.0,1.0,1.0,0.0,0.0
EPL_2015,29/08/2015,20,39,0.0,3.0,2.0,13.0,12.0,1.0,5.0,5.0,7.0,3.0,1.0,1.0,1.0
EPL_2015,29/08/2015,22,37,2.0,0.0,0.0,18.0,7.0,5.0,0.0,9.0,3.0,1.0,2.0,0.0,0.0
EPL_2015,29/08/2015,25,0,0.0,1.0,2.0,1.0,22.0,0.0,9.0,0.0,9.0,6.0,1.0,1.0,0.0
EPL_2015,29/08/2015,33,38,0.0,1.0,2.0,13.0,15.0,5.0,5.0,6.0,5.0,1.0,4.0,2.0,0.0
EPL_2015,29/08/2015,36,13,0.0,0.0,1.0,20.0,8.0,6.0,3.0,6.0,2.0,4.0,1.0,0.0,0.0
EPL_2015,30/08/2015,32,26,3.0,0.0,0.0,23.0,6.0,8.0,1.0,6.0,4.0,0.0,0.0,0.0,1.0
EPL_2015,30/08/2015,35,23,2.0,1.0,0.0,9.0,11.0,4.0,4.0,0.0,1.0,2.0,2.0,0.0,0.0
EPL_2015,12/09/2015,0,33,2.0,0.0,0.0,29.0,9.0,12.0,4.0,13.0,1.0,1.0,1.0,0.0,0.0
EPL_2015,12/09/2015,12,22,0.0,1.0,2.0,10.0,21.0,2.0,7.0,4.0,4.0,2.0,3.0,0.0,0.0
EPL_2015,12/09/2015,13,11,3.0,1.0,0.0,14.0,15.0,9.0,2.0,7.0,14.0,2.0,2.0,0.0,0.0
EPL_2015,12/09/2015,23,20,3.0,1.0,0.0,9.0,8.0,3.0,4.0,4.0,4.0,1.0,2.0,0.0,0.0
EPL_2015,12/09/2015,26,6,3.0,1.0,0.0,12.0,7.0,4.0,2.0,4.0,4.0,2.0,3.0,0.0,0.0
EPL_2015,12/09/2015,37,35,1.0,0.0,0.0,17.0,8.0,6.0,3.0,1.0,3.0,1.0,1.0,1.0,0.0
EPL_2015,12/09/2015,38,32,0.0,0.0,1.0,8.0,14.0,1.0,4.0,4.0,5.0,1.0,0.0,0.0,0.0
EPL_2015,13/09/2015,19,1,3.0,2.0,0.0,21.0,11.0,6.0,4.0,4.0,5.0,2.0,1.0,0.0,0.0
EPL_2015,13/09/2015,34,36,0.0,1.0,2.0,12.0,15.0,2.0,4.0,6.0,8.0,2.0,1.0,0.0,0.0
EPL_2015,14/09/2015,39,25,2.0,0.0,0.0,17.0,14.0,3.0,4.0,6.0,7.0,0.0,2.0,0.0,0.0
EPL_2015,19/09/2015,1,38,0.0,1.0,2.0,13.0,11.0,3.0,6.0,2.0,7.0,2.0,3.0,0.0,0.0
EPL_2015,19/09/2015,6,34,2.0,0.0,0.0,15.0,9.0,5.0,2.0,7.0,3.0,2.0,4.0,0.0,1.0
EPL_2015,19/09/2015,11,0,2.0,0.0,0.0,22.0,9.0,7.0,2.0,5.0,5.0,3.0,1.0,0.0,2.0
EPL_2015,19/09/2015,22,39,1.0,2.0,2.0,27.0,6.0,8.0,3.0,16.0,3.0,1.0,2.0,0.0,0.0
EPL_2015,19/09/2015,25,37,1.0,2.0,2.0,15.0,13.0,5.0,4.0,5.0,5.0,1.0,2.0,0.0,0.0
EPL_2015,19/09/2015,33,19,2.0,2.0,1.0,11.0,12.0,4.0,5.0,3.0,4.0,1.0,4.0,0.0,0.0
EPL_2015,19/09/2015,35,13,0.0,0.0,1.0,12.0,17.0,3.0,2.0,2.0,4.0,2.0,2.0,0.0,1.0
EPL_2015,20/09/2015,20,26,1.0,1.0,1.0,23.0,7.0,7.0,2.0,6.0,2.0,1.0,2.0,0.0,0.0
EPL_2015,20/09/2015,32,23,2.0,3.0,2.0,15.0,10.0,8.0,3.0,5.0,5.0,2.0,0.0,0.0,0.0
EPL_2015,20/09/2015,36,12,1.0,0.0,0.0,22.0,12.0,6.0,4.0,6.0,5.0,1.0,2.0,0.0,0.0
EPL_2015,26/09/2015,19,0,2.0,5.0,2.0,16.0,26.0,7.0,12.0,6.0,5.0,1.0,1.0,0.0,0.0
EPL_2015,26/09/2015,20,1,3.0,2.0,0.0,21.0,10.0,12.0,4.0,11.0,1.0,0.0,0.0,0.0,0.0
EPL_2015,26/09/2015,23,34,3.0,0.0,0.0,12.0,9.0,7.0,4.0,5.0,2.0,0.0,3.0,0.0,0.0
EPL_2015,26/09/2015,25,11,2.0,2.0,1.0,11.0,16.0,5.0,4.0,4.0,6.0,1.0,2.0,0.0,0.0
EPL_2015,26/09/2015,32,35,3.0,1.0,0.0,18.0,11.0,7.0,4.0,4.0,3.0,3.0,1.0,0.0,0.0
EPL_2015,26/09/2015,33,6,2.0,1.0,0.0,8.0,11.0,5.0,6.0,3.0,7.0,1.0,0.0,0.0,0.0
EPL_2015,26/09/2015,36,22,4.0,1.0,0.0,15.0,22.0,8.0,8.0,5.0,9.0,5.0,1.0,0.0,0.0
EPL_2015,26/09/2015,39,26,2.0,2.0,1.0,19.0,16.0,7.0,7.0,7.0,5.0,0.0,0.0,0.0,0.0
EPL_2015,27/09/2015,37,12,0.0,1.0,2.0,15.0,16.0,2.0,3.0,6.0,4.0,4.0,4.0,0.0,0.0
EPL_2015,28/09/2015,38,13,2.0,3.0,2.0,9.0,12.0,4.0,4.0,6.0,4.0,0.0,3.0,0.0,0.0
EPL_2015,03/10/2015,1,33,0.0,1.0,2.0,13.0,12.0,2.0,5.0,9.0,5.0,1.0,0.0,0.0,0.0
EPL_2015,03/10/2015,6,37,1.0,1.0,1.0,12.0,11.0,6.0,2.0,5.0,3.0,1.0,1.0,0.0,0.0
EPL_2015,03/10/2015,11,32,1.0,3.0,2.0,10.0,13.0,3.0,5.0,4.0,6.0,2.0,5.0,0.0,0.0
EPL_2015,03/10/2015,12,38,2.0,0.0,0.0,21.0,7.0,8.0,2.0,8.0,3.0,3.0,3.0,0.0,0.0
EPL_2015,03/10/2015,22,25,6.0,1.0,0.0,23.0,6.0,11.0,4.0,6.0,3.0,3.0,1.0,0.0,0.0
EPL_2015,03/10/2015,26,19,1.0,2.0,2.0,17.0,16.0,2.0,5.0,16.0,8.0,0.0,1.0,0.0,0.0
EPL_2015,03/10/2015,34,39,2.0,2.0,1.0,12.0,20.0,3.0,6.0,1.0,8.0,2.0,4.0,1.0,0.0
EPL_2015,04/10/2015,0,23,3.0,0.0,0.0,12.0,9.0,5.0,5.0,3.0,6.0,1.0,3.0,0.0,0.0
EPL_2015,04/10/2015,13,20,1.0,1.0,1.0,14.0,13.0,4.0,4.0,5.0,11.0,3.0,3.0,0.0,0.0
EPL_2015,04/10/2015,35,36,2.0,2.0,1.0,11.0,19.0,2.0,11.0,5.0,6.0,1.0,4.0,0.0,0.0
EPL_2015,17/10/2015,11,1,2.0,0.0,0.0,9.0,8.0,3.0,1.0,4.0,4.0,1.0,3.0,0.0,0.0
EPL_2015,17/10/2015,12,39,1.0,3.0,2.0,6.0,24.0,1.0,4.0,1.0,9.0,1.0,3.0,1.0,0.0
EPL_2015,17/10/2015,13,23,0.0,3.0,2.0,12.0,10.0,3.0,7.0,5.0,3.0,2.0,2.0,0.0,0.0
EPL_2015,17/10/2015,22,6,5.0,1.0,0.0,15.0,5.0,11.0,1.0,1.0,7.0,2.0,1.0,0.0,0.0
EPL_2015,17/10/2015,32,19,2.0,2.0,1.0,14.0,26.0,6.0,7.0,6.0,7.0,2.0,0.0,0.0,0.0
EPL_2015,17/10/2015,36,20,0.0,0.0,1.0,13.0,12.0,4.0,3.0,8.0,6.0,1.0,2.0,0.0,0.0
EPL_2015,17/10/2015,37,0,0.0,3.0,2.0,8.0,17.0,1.0,6.0,3.0,9.0,2.0,1.0,0.0,0.0
EPL_2015,17/10/2015,38,34,1.0,0.0,0.0,8.0,9.0,1.0,2.0,1.0,5.0,2.0,2.0,0.0,0.0
EPL_2015,18/10/2015,25,26,6.0,2.0,0.0,11.0,18.0,6.0,6.0,3.0,7.0,1.0,1.0,0.0,0.0
EPL_2015,19/10/2015,35,33,0.0,1.0,2.0,14.0,9.0,2.0,2.0,1.0,2.0,2.0,2.0,0.0,0.0
EPL_2015,24/10/2015,0,13,2.0,1.0,0.0,20.0,10.0,5.0,5.0,7.0,5.0,2.0,0.0,0.0,1.0
EPL_2015,24/10/2015,1,35,1.0,2.0,2.0,9.0,11.0,3.0,4.0,4.0,6.0,2.0,3.0,0.0,0.0
EPL_2015,24/10/2015,19,12,1.0,0.0,0.0,12.0,9.0,3.0,4.0,3.0,2.0,3.0,1.0,0.0,0.0
EPL_2015,24/10/2015,26,38,0.0,1.0,2.0,16.0,7.0,3.0,4.0,13.0,3.0,1.0,2.0,0.0,0.0
EPL_2015,24/10/2015,33,37,0.0,2.0,2.0,12.0,13.0,1.0,3.0,11.0,5.0,3.0,1.0,0.0,0.0
EPL_2015,24/10/2015,39,11,2.0,1.0,0.0,12.0,8.0,5.0,4.0,7.0,4.0,1.0,5.0,0.0,1.0
EPL_2015,25/10/2015,6,36,1.0,5.0,2.0,11.0,14.0,3.0,9.0,4.0,5.0,0.0,1.0,0.0,0.0
EPL_2015,25/10/2015,20,32,1.0,1.0,1.0,15.0,8.0,2.0,3.0,10.0,7.0,1.0,0.0,0.0,1.0
EPL_2015,25/10/2015,23,22,0.0,0.0,1.0,6.0,6.0,1.0,1.0,6.0,4.0,2.0,2.0,0.0,0.0
EPL_2015,25/10/2015,34,25,3.0,0.0,0.0,9.0,21.0,3.0,8.0,1.0,10.0,0.0,2.0,0.0,1.0
EPL_2015,31/10/2015,11,20,1.0,3.0,2.0,8.0,16.0,2.0,7.0,1.0,7.0,1.0,4.0,0.0,0.0
EPL_2015,31/10/2015,12,23,0.0,0.0,1.0,10.0,5.0,5.0,1.0,7.0,3.0,3.0,3.0,0.0,0.0
EPL_2015,31/10/2015,22,26,2.0,1.0,0.0,21.0,5.0,5.0,3.0,12.0,4.0,2.0,2.0,0.0,1.0
EPL_2015,31/10/2015,25,33,0.0,0.0,1.0,15.0,9.0,6.0,2.0,11.0,4.0,1.0,3.0,0.0,0.0
EPL_2015,31/10/2015,35,0,0.0,3.0,2.0,8.0,15.0,3.0,5.0,4.0,4.0,2.0,0.0,0.0,0.0
EPL_2015,31/10/2015,37,39,2.0,0.0,0.0,20.0,8.0,5.0,3.0,7.0,2.0,3.0,0.0,0.0,1.0
EPL_2015,31/10/2015,38,19,2.0,3.0,2.0,14.0,13.0,6.0,5.0,6.0,4.0,0.0,2.0,0.0,0.0
EPL_2015,01/11/2015,13,34,6.0,2.0,0.0,15.0,17.0,8.0,9.0,6.0,1.0,3.0,2.0,0.0,0.0
EPL_2015,01/11/2015,32,6,2.0,0.0,0.0,11.0,16.0,2.0,2.0,4.0,6.0,0.0,2.0,1.0,0.0
EPL_2015,02/11/2015,36,1,3.0,1.0,0.0,17.0,13.0,6.0,2.0,4.0,3.0,0.0,3.0,0.0,0.0
EPL_2015,07/11/2015,6,25,0.0,1.0,2.0,20.0,2.0,5.0,1.0,16.0,0.0,2.0,2.0,0.0,0.0
EPL_2015,07/11/2015,19,37,2.0,1.0,0.0,12.0,8.0,6.0,4.0,4.0,2.0,0.0,1.0,0.0,0.0
EPL_2015,07/11/2015,23,38,2.0,0.0,0.0,13.0,4.0,3.0,0.0,5.0,1.0,1.0,3.0,0.0,1.0
EPL_2015,07/11/2015,26,35,1.0,0.0,0.0,9.0,8.0,5.0,0.0,5.0,2.0,1.0,0.0,0.0,0.0
EPL_2015,07/11/2015,33,11,1.0,0.0,0.0,8.0,19.0,2.0,4.0,1.0,9.0,3.0,1.0,0.0,0.0
EPL_2015,07/11/2015,34,32,0.0,1.0,2.0,9.0,11.0,3.0,4.0,10.0,11.0,1.0,3.0,0.0,0.0
EPL_2015,07/11/2015,39,13,1.0,1.0,1.0,16.0,13.0,5.0,4.0,3.0,5.0,1.0,2.0,0.0,0.0
EPL_2015,08/11/2015,0,36,1.0,1.0,1.0,10.0,14.0,4.0,4.0,7.0,6.0,0.0,1.0,0.0,0.0
EPL_2015,08/11/2015,1,22,0.0,0.0,1.0,3.0,13.0,0.0,3.0,3.0,8.0,1.0,1.0,0.0,0.0
EPL_2015,08/11/2015,20,12,1.0,2.0,2.0,22.0,9.0,4.0,4.0,14.0,6.0,1.0,2.0,0.0,0.0
EPL_2015,21/11/2015,11,26,1.0,0.0,0.0,21.0,4.0,7.0,2.0,6.0,5.0,1.0,4.0,0.0,0.0
EPL_2015,21/11/2015,13,1,4.0,0.0,0.0,16.0,10.0,9.0,3.0,2.0,3.0,0.0,0.0,0.0,0.0
EPL_2015,21/11/2015,22,20,1.0,4.0,2.0,11.0,14.0,3.0,9.0,11.0,5.0,0.0,3.0,0.0,0.0
EPL_2015,21/11/2015,25,19,0.0,3.0,2.0,9.0,18.0,1.0,7.0,4.0,9.0,4.0,1.0,0.0,0.0
EPL_2015,21/11/2015,32,33,0.0,1.0,2.0,16.0,16.0,1.0,4.0,7.0,3.0,2.0,0.0,0.0,0.0
EPL_2015,21/11/2015,35,6,2.0,2.0,1.0,11.0,16.0,4.0,4.0,4.0,5.0,3.0,2.0,0.0,0.0
EPL_2015,21/11/2015,37,23,1.0,2.0,2.0,10.0,13.0,5.0,6.0,4.0,10.0,1.0,2.0,0.0,0.0
EPL_2015,21/11/2015,38,0,2.0,1.0,0.0,4.0,11.0,1.0,3.0,3.0,5.0,3.0,2.0,0.0,0.0
EPL_2015,22/11/2015,36,39,4.0,1.0,0.0,22.0,10.0,12.0,4.0,7.0,6.0,2.0,2.0,0.0,0.0
EPL_2015,23/11/2015,12,34,0.0,1.0,2.0,19.0,12.0,7.0,4.0,11.0,2.0,1.0,3.0,0.0,0.0
EPL_2015,28/11/2015,1,37,2.0,3.0,2.0,12.0,14.0,6.0,6.0,10.0,10.0,2.0,3.0,0.0,0.0
EPL_2015,28/11/2015,6,13,3.0,3.0,1.0,19.0,11.0,10.0,6.0,10.0,5.0,2.0,0.0,0.0,0.0
EPL_2015,28/11/2015,12,25,5.0,1.0,0.0,19.0,7.0,8.0,2.0,7.0,5.0,1.0,1.0,0.0,0.0
EPL_2015,28/11/2015,19,23,1.0,1.0,1.0,7.0,10.0,3.0,2.0,1.0,8.0,0.0,1.0,0.0,0.0
EPL_2015,28/11/2015,22,32,3.0,1.0,0.0,16.0,12.0,9.0,8.0,6.0,4.0,2.0,1.0,0.0,0.0
EPL_2015,28/11/2015,34,33,2.0,0.0,0.0,18.0,7.0,5.0,3.0,9.0,5.0,0.0,2.0,0.0,1.0
EPL_2015,29/11/2015,20,35,1.0,0.0,0.0,10.0,8.0,2.0,0.0,8.0,7.0,3.0,1.0,0.0,0.0
EPL_2015,29/11/2015,26,0,1.0,1.0,1.0,7.0,12.0,2.0,3.0,3.0,6.0,1.0,1.0,0.0,0.0
EPL_2015,29/11/2015,36,11,0.0,0.0,1.0,9.0,5.0,4.0,1.0,4.0,4.0,4.0,2.0,0.0,0.0
EPL_2015,29/11/2015,39,38,1.0,1.0,1.0,17.0,7.0,6.0,3.0,5.0,2.0,0.0,2.0,0.0,0.0
EPL_2015,05/12/2015,0,34,3.0,1.0,0.0,16.0,11.0,7.0,4.0,3.0,2.0,1.0,1.0,0.0,0.0
EPL_2015,05/12/2015,11,6,0.0,1.0,2.0,19.0,15.0,6.0,5.0,11.0,4.0,2.0,1.0,0.0,0.0
EPL_2015,05/12/2015,23,39,0.0,0.0,1.0,21.0,9.0,1.0,2.0,6.0,2.0,1.0,0.0,0.0,0.0
EPL_2015,05/12/2015,32,1,1.0,1.0,1.0,23.0,9.0,5.0,2.0,10.0,4.0,1.0,2.0,0.0,0.0
EPL_2015,05/12/2015,33,22,2.0,0.0,0.0,7.0,11.0,4.0,4.0,1.0,6.0,0.0,1.0,0.0,0.0
EPL_2015,05/12/2015,35,19,0.0,3.0,2.0,10.0,16.0,2.0,5.0,3.0,8.0,2.0,3.0,0.0,0.0
EPL_2015,05/12/2015,37,26,2.0,0.0,0.0,14.0,6.0,7.0,1.0,4.0,1.0,3.0,3.0,0.0,0.0
EPL_2015,05/12/2015,38,36,1.0,1.0,1.0,11.0,9.0,4.0,3.0,3.0,6.0,3.0,2.0,0.0,0.0
EPL_2015,06/12/2015,25,20,2.0,0.0,0.0,6.0,10.0,1.0,1.0,2.0,7.0,3.0,1.0,0.0,0.0
EPL_2015,07/12/2015,13,12,1.0,1.0,1.0,19.0,14.0,4.0,5.0,13.0,6.0,1.0,2.0,0.0,0.0
EPL_2015,12/12/2015,6,23,2.0,1.0,0.0,11.0,11.0,5.0,5.0,5.0,7.0,2.0,1.0,0.0,0.0
EPL_2015,12/12/2015,12,32,1.0,0.0,0.0,12.0,15.0,5.0,3.0,8.0,5.0,0.0,0.0,0.0,0.0
EPL_2015,12/12/2015,22,35,2.0,1.0,0.0,13.0,13.0,5.0,7.0,5.0,5.0,3.0,1.0,0.0,0.0
EPL_2015,12/12/2015,26,13,1.0,1.0,1.0,9.0,15.0,2.0,3.0,5.0,4.0,1.0,0.0,0.0,0.0
EPL_2015,12/12/2015,34,37,0.0,1.0,2.0,14.0,13.0,2.0,6.0,8.0,3.0,1.0,0.0,0.0,0.0
EPL_2015,12/12/2015,39,33,0.0,0.0,1.0,22.0,12.0,9.0,3.0,11.0,7.0,1.0,2.0,0.0,0.0
EPL_2015,13/12/2015,1,0,0.0,2.0,2.0,18.0,8.0,2.0,4.0,5.0,5.0,0.0,0.0,0.0,0.0
EPL_2015,13/12/2015,20,38,2.0,2.0,1.0,28.0,4.0,8.0,2.0,4.0,4.0,0.0,0.0,0.0,0.0
EPL_2015,13/12/2015,36,25,1.0,2.0,2.0,20.0,8.0,8.0,4.0,6.0,2.0,2.0,2.0,0.0,0.0
EPL_2015,14/12/2015,19,11,2.0,1.0,0.0,9.0,11.0,5.0,5.0,1.0,8.0,2.0,0.0,0.0,0.0
EPL_2015,19/12/2015,11,34,3.0,1.0,0.0,17.0,11.0,7.0,3.0,2.0,2.0,1.0,3.0,0.0,0.0
EPL_2015,19/12/2015,13,19,2.0,3.0,2.0,13.0,10.0,5.0,5.0,10.0,2.0,2.0,1.0,0.0,0.0
EPL_2015,19/12/2015,23,26,1.0,2.0,2.0,11.0,6.0,2.0,4.0,11.0,0.0,0.0,2.0,0.0,0.0
EPL_2015,19/12/2015,25,1,1.0,1.0,1.0,8.0,10.0,4.0,7.0,3.0,7.0,1.0,3.0,0.0,0.0
EPL_2015,19/12/2015,32,36,0.0,2.0,2.0,11.0,13.0,4.0,6.0,4.0,7.0,1.0,1.0,0.0,0.0
EPL_2015,19/12/2015,33,12,1.0,2.0,2.0,26.0,12.0,5.0,3.0,7.0,3.0,2.0,0.0,0.0,0.0
EPL_2015,19/12/2015,38,6,1.0,2.0,2.0,6.0,16.0,2.0,7.0,4.0,8.0,2.0,1.0,2.0,0.0
EPL_2015,20/12/2015,35,39,0.0,0.0,1.0,21.0,11.0,2.0,2.0,8.0,9.0,0.0,1.0,0.0,0.0
EPL_2015,20/12/2015,37,20,3.0,0.0,0.0,6.0,12.0,5.0,4.0,7.0,9.0,1.0,0.0,0.0,0.0
EPL_2015,21/12/2015,0,22,2.0,1.0,0.0,8.0,20.0,5.0,6.0,4.0,8.0,0.0,2.0,0.0,0.0
EPL_2015,26/12/2015,1,39,1.0,1.0,1.0,15.0,10.0,8.0,4.0,9.0,6.0,3.0,3.0,0.0,0.0
EPL_2015,26/12/2015,6,12,0.0,0.0,1.0,10.0,8.0,4.0,0.0,8.0,9.0,1.0,0.0,0.0,0.0
EPL_2015,26/12/2015,11,37,2.0,2.0,1.0,17.0,12.0,2.0,3.0,9.0,4.0,1.0,4.0,0.0,0.0
EPL_2015,26/12/2015,20,19,1.0,0.0,0.0,25.0,7.0,4.0,3.0,7.0,6.0,2.0,1.0,0.0,0.0
EPL_2015,26/12/2015,22,34,4.0,1.0,0.0,19.0,11.0,9.0,3.0,5.0,1.0,1.0,1.0,0.0,0.0
EPL_2015,26/12/2015,25,13,0.0,1.0,2.0,10.0,20.0,1.0,7.0,1.0,7.0,2.0,2.0,0.0,0.0
EPL_2015,26/12/2015,32,0,4.0,0.0,0.0,15.0,7.0,5.0,4.0,3.0,4.0,1.0,0.0,0.0,0.0
EPL_2015,26/12/2015,33,23,2.0,0.0,0.0,13.0,11.0,3.0,6.0,1.0,12.0,1.0,2.0,0.0,0.0
EPL_2015,26/12/2015,35,38,1.0,0.0,0.0,7.0,9.0,2.0,3.0,0.0,7.0,1.0,3.0,0.0,0.0
EPL_2015,26/12/2015,36,26,3.0,0.0,0.0,15.0,11.0,10.0,3.0,9.0,4.0,1.0,2.0,0.0,0.0
EPL_2015,28/12/2015,0,6,2.0,0.0,0.0,13.0,10.0,6.0,3.0,9.0,3.0,2.0,0.0,0.0,0.0
EPL_2015,28/12/2015,12,35,0.0,0.0,1.0,10.0,5.0,2.0,3.0,7.0,4.0,3.0,2.0,0.0,0.0
EPL_2015,28/12/2015,13,33,3.0,4.0,2.0,15.0,8.0,3.0,5.0,6.0,2.0,2.0,1.0,0.0,0.0
EPL_2015,28/12/2015,23,11,0.0,0.0,1.0,12.0,8.0,2.0,3.0,5.0,3.0,4.0,2.0,0.0,0.0
EPL_2015,28/12/2015,26,1,2.0,0.0,0.0,9.0,6.0,4.0,3.0,3.0,7.0,2.0,5.0,0.0,0.0
EPL_2015,28/12/2015,37,36,1.0,2.0,2.0,9.0,10.0,1.0,3.0,5.0,3.0,4.0,2.0,1.0,0.0
EPL_2015,28/12/2015,38,25,1.0,0.0,0.0,22.0,7.0,5.0,2.0,18.0,6.0,0.0,0.0,0.0,0.0
EPL_2015,28/12/2015,39,32,2.0,1.0,0.0,13.0,15.0,5.0,4.0,4.0,7.0,1.0,3.0,0.0,0.0
EPL_2015,29/12/2015,19,22,0.0,0.0,1.0,11.0,21.0,4.0,5.0,1.0,13.0,1.0,3.0,0.0,0.0
EPL_2015,30/12/2015,34,20,0.0,1.0,2.0,8.0,17.0,3.0,6.0,6.0,4.0,1.0,3.0,0.0,0.0
EPL_2015,02/01/2016,0,25,1.0,0.0,0.0,16.0,15.0,3.0,6.0,7.0,4.0,2.0,2.0,0.0,0.0
EPL_2015,02/01/2016,19,6,0.0,0.0,1.0,16.0,9.0,2.0,0.0,7.0,1.0,1.0,1.0,0.0,1.0
EPL_2015,02/01/2016,23,35,2.0,1.0,0.0,19.0,9.0,6.0,4.0,4.0,2.0,2.0,1.0,0.0,0.0
EPL_2015,02/01/2016,26,32,1.0,0.0,0.0,10.0,10.0,1.0,4.0,4.0,9.0,1.0,0.0,0.0,1.0
EPL_2015,02/01/2016,34,1,3.0,1.0,0.0,13.0,8.0,6.0,3.0,3.0,3.0,3.0,4.0,0.0,0.0
EPL_2015,02/01/2016,37,22,1.0,2.0,2.0,11.0,16.0,3.0,5.0,4.0,5.0,1.0,0.0,0.0,0.0
EPL_2015,02/01/2016,38,33,2.0,1.0,0.0,16.0,10.0,5.0,3.0,4.0,6.0,1.0,1.0,0.0,1.0
EPL_2015,02/01/2016,39,20,2.0,0.0,0.0,18.0,23.0,10.0,2.0,3.0,9.0,1.0,1.0,0.0,0.0
EPL_2015,03/01/2016,12,11,0.0,3.0,2.0,8.0,10.0,4.0,4.0,5.0,7.0,3.0,0.0,0.0,0.0
EPL_2015,03/01/2016,13,36,1.0,1.0,1.0,12.0,19.0,3.0,4.0,4.0,4.0,1.0,2.0,0.0,0.0
EPL_2015,12/01/2016,1,12,1.0,0.0,0.0,13.0,9.0,3.0,1.0,9.0,0.0,2.0,1.0,0.0,0.0
EPL_2015,12/01/2016,6,39,1.0,3.0,2.0,11.0,10.0,4.0,5.0,4.0,7.0,1.0,1.0,0.0,0.0
EPL_2015,12/01/2016,25,23,3.0,3.0,1.0,14.0,12.0,6.0,4.0,5.0,3.0,1.0,3.0,0.0,0.0
EPL_2015,13/01/2016,11,38,2.0,2.0,1.0,14.0,13.0,2.0,6.0,7.0,7.0,3.0,3.0,0.0,0.0
EPL_2015,13/01/2016,20,0,3.0,3.0,1.0,22.0,14.0,6.0,5.0,9.0,3.0,2.0,0.0,0.0,0.0
EPL_2015,13/01/2016,22,13,0.0,0.0,1.0,22.0,7.0,5.0,2.0,12.0,5.0,0.0,1.0,0.0,0.0
EPL_2015,13/01/2016,32,37,2.0,0.0,0.0,15.0,4.0,7.0,1.0,8.0,1.0,1.0,2.0,0.0,0.0
EPL_2015,13/01/2016,33,26,3.0,1.0,0.0,14.0,5.0,4.0,2.0,7.0,3.0,0.0,1.0,0.0,1.0
EPL_2015,13/01/2016,35,34,2.0,4.0,2.0,10.0,7.0,5.0,5.0,8.0,6.0,2.0,0.0,1.0,0.0
EPL_2015,13/01/2016,36,19,0.0,1.0,2.0,21.0,10.0,5.0,2.0,16.0,8.0,1.0,0.0,0.0,0.0
EPL_2015,16/01/2016,1,19,1.0,1.0,1.0,14.0,12.0,5.0,5.0,3.0,4.0,3.0,2.0,0.0,0.0
EPL_2015,16/01/2016,6,26,3.0,0.0,0.0,15.0,10.0,8.0,3.0,5.0,3.0,1.0,1.0,0.0,0.0
EPL_2015,16/01/2016,11,13,3.0,3.0,1.0,14.0,9.0,7.0,4.0,6.0,4.0,1.0,1.0,0.0,0.0
EPL_2015,16/01/2016,22,12,4.0,0.0,0.0,17.0,9.0,4.0,3.0,5.0,6.0,0.0,2.0,0.0,0.0
EPL_2015,16/01/2016,25,39,2.0,1.0,0.0,23.0,10.0,10.0,3.0,3.0,3.0,1.0,0.0,0.0,0.0
EPL_2015,16/01/2016,32,38,3.0,0.0,0.0,9.0,9.0,5.0,0.0,1.0,3.0,0.0,0.0,0.0,0.0
EPL_2015,16/01/2016,36,34,4.0,1.0,0.0,26.0,5.0,11.0,2.0,11.0,3.0,0.0,2.0,0.0,0.0
EPL_2015,17/01/2016,20,23,0.0,1.0,2.0,19.0,7.0,4.0,1.0,5.0,4.0,0.0,2.0,0.0,0.0
EPL_2015,17/01/2016,33,0,0.0,0.0,1.0,14.0,8.0,6.0,3.0,6.0,6.0,0.0,0.0,0.0,0.0
EPL_2015,18/01/2016,35,37,1.0,0.0,0.0,10.0,13.0,2.0,2.0,6.0,3.0,2.0,2.0,0.0,0.0
EPL_2015,23/01/2016,12,36,1.0,3.0,2.0,11.0,24.0,3.0,11.0,3.0,10.0,2.0,2.0,0.0,0.0
EPL_2015,23/01/2016,19,33,3.0,0.0,0.0,15.0,3.0,5.0,2.0,8.0,4.0,0.0,1.0,0.0,0.0
EPL_2015,23/01/2016,23,32,0.0,1.0,2.0,8.0,7.0,1.0,2.0,4.0,4.0,0.0,0.0,0.0,0.0
EPL_2015,23/01/2016,26,20,4.0,5.0,2.0,6.0,13.0,5.0,7.0,3.0,3.0,0.0,1.0,0.0,0.0
EPL_2015,23/01/2016,34,6,1.0,1.0,1.0,10.0,15.0,5.0,5.0,3.0,4.0,1.0,1.0,0.0,0.0
EPL_2015,23/01/2016,37,25,2.0,1.0,0.0,13.0,11.0,5.0,2.0,2.0,7.0,2.0,1.0,0.0,0.0
EPL_2015,23/01/2016,38,1,0.0,0.0,1.0,4.0,15.0,0.0,4.0,2.0,6.0,0.0,1.0,0.0,0.0
EPL_2015,23/01/2016,39,22,2.0,2.0,1.0,10.0,16.0,3.0,3.0,5.0,2.0,2.0,3.0,0.0,0.0
EPL_2015,24/01/2016,0,11,0.0,1.0,2.0,9.0,12.0,1.0,6.0,6.0,7.0,1.0,3.0,1.0,0.0
EPL_2015,24/01/2016,13,35,1.0,2.0,2.0,20.0,7.0,2.0,5.0,7.0,1.0,0.0,3.0,0.0,0.0
EPL_2015,02/02/2016,0,32,0.0,0.0,1.0,21.0,14.0,11.0,3.0,13.0,3.0,2.0,1.0,0.0,0.0
EPL_2015,02/02/2016,12,6,1.0,2.0,2.0,14.0,8.0,3.0,4.0,5.0,3.0,3.0,4.0,0.0,0.0
EPL_2015,02/02/2016,19,20,2.0,0.0,0.0,13.0,14.0,6.0,2.0,3.0,12.0,0.0,1.0,0.0,0.0
EPL_2015,02/02/2016,23,33,3.0,0.0,0.0,15.0,10.0,5.0,0.0,2.0,5.0,2.0,1.0,0.0,0.0
EPL_2015,02/02/2016,26,36,0.0,3.0,2.0,10.0,17.0,2.0,6.0,6.0,8.0,2.0,2.0,0.0,0.0
EPL_2015,02/02/2016,34,22,0.0,1.0,2.0,11.0,6.0,2.0,2.0,8.0,4.0,1.0,4.0,0.0,0.0
EPL_2015,02/02/2016,38,35,1.0,1.0,1.0,17.0,18.0,7.0,4.0,7.0,7.0,0.0,0.0,0.0,0.0
EPL_2015,02/02/2016,39,1,2.0,0.0,0.0,25.0,6.0,6.0,2.0,5.0,5.0,3.0,0.0,0.0,1.0
EPL_2015,03/02/2016,13,25,3.0,0.0,0.0,18.0,7.0,7.0,3.0,3.0,3.0,1.0,2.0,0.0,1.0
EPL_2015,03/02/2016,37,11,0.0,0.0,1.0,12.0,12.0,3.0,4.0,7.0,7.0,2.0,1.0,0.0,0.0
EPL_2015,06/02/2016,1,26,2.0,0.0,0.0,10.0,12.0,3.0,4.0,2.0,11.0,0.0,2.0,0.0,0.0
EPL_2015,06/02/2016,20,34,2.0,2.0,1.0,16.0,7.0,5.0,2.0,7.0,2.0,1.0,1.0,0.0,0.0
EPL_2015,06/02/2016,22,19,1.0,3.0,2.0,22.0,14.0,4.0,7.0,11.0,4.0,2.0,2.0,0.0,0.0
EPL_2015,06/02/2016,25,38,1.0,0.0,0.0,19.0,7.0,7.0,0.0,8.0,4.0,0.0,3.0,0.0,0.0
EPL_2015,06/02/2016,32,39,1.0,0.0,0.0,8.0,18.0,2.0,2.0,4.0,5.0,1.0,2.0,1.0,0.0
EPL_2015,06/02/2016,33,13,0.0,3.0,2.0,11.0,14.0,3.0,6.0,6.0,4.0,1.0,0.0,0.0,0.0
EPL_2015,06/02/2016,35,12,1.0,1.0,1.0,19.0,12.0,3.0,2.0,9.0,5.0,1.0,2.0,0.0,0.0
EPL_2015,06/02/2016,36,37,1.0,0.0,0.0,26.0,3.0,9.0,0.0,15.0,1.0,0.0,1.0,0.0,0.0
EPL_2015,07/02/2016,6,0,0.0,2.0,2.0,17.0,10.0,4.0,5.0,7.0,3.0,0.0,1.0,0.0,0.0
EPL_2015,07/02/2016,11,23,1.0,1.0,1.0,16.0,17.0,5.0,7.0,10.0,11.0,0.0,3.0,0.0,0.0
EPL_2015,13/02/2016,6,33,1.0,3.0,2.0,11.0,11.0,2.0,6.0,9.0,2.0,4.0,2.0,0.0,0.0
EPL_2015,13/02/2016,11,25,5.0,1.0,0.0,15.0,10.0,5.0,4.0,8.0,3.0,0.0,1.0,1.0,0.0
EPL_2015,13/02/2016,12,37,1.0,2.0,2.0,14.0,10.0,7.0,3.0,8.0,5.0,0.0,2.0,0.0,0.0
EPL_2015,13/02/2016,13,38,0.0,1.0,2.0,34.0,5.0,6.0,1.0,14.0,1.0,1.0,3.0,0.0,0.0
EPL_2015,13/02/2016,26,39,2.0,2.0,1.0,13.0,11.0,3.0,6.0,3.0,3.0,2.0,2.0,0.0,0.0
EPL_2015,13/02/2016,34,23,2.0,1.0,0.0,21.0,12.0,5.0,6.0,6.0,8.0,2.0,3.0,0.0,0.0
EPL_2015,13/02/2016,35,32,0.0,1.0,2.0,13.0,13.0,2.0,5.0,5.0,4.0,0.0,3.0,0.0,0.0
EPL_2015,14/02/2016,0,19,2.0,1.0,0.0,24.0,7.0,6.0,3.0,11.0,1.0,4.0,3.0,0.0,1.0
EPL_2015,14/02/2016,1,20,0.0,6.0,2.0,6.0,11.0,1.0,9.0,0.0,6.0,3.0,1.0,0.0,0.0
EPL_2015,14/02/2016,22,36,1.0,2.0,2.0,19.0,6.0,4.0,3.0,7.0,1.0,1.0,3.0,0.0,0.0
EPL_2015,27/02/2016,19,26,1.0,0.0,0.0,13.0,9.0,3.0,1.0,3.0,4.0,0.0,2.0,0.0,0.0
EPL_2015,27/02/2016,32,11,1.0,2.0,2.0,7.0,16.0,2.0,4.0,7.0,8.0,3.0,1.0,0.0,0.0
EPL_2015,27/02/2016,33,1,2.0,1.0,0.0,11.0,5.0,3.0,1.0,11.0,0.0,0.0,3.0,0.0,0.0
EPL_2015,27/02/2016,37,6,0.0,0.0,1.0,14.0,11.0,1.0,3.0,4.0,5.0,3.0,1.0,0.0,0.0
EPL_2015,27/02/2016,38,12,3.0,2.0,0.0,11.0,15.0,5.0,2.0,3.0,6.0,2.0,2.0,0.0,0.0
EPL_2015,27/02/2016,39,34,1.0,0.0,0.0,9.0,13.0,3.0,4.0,5.0,6.0,1.0,0.0,0.0,0.0
EPL_2015,28/02/2016,36,35,2.0,1.0,0.0,34.0,10.0,14.0,4.0,7.0,7.0,2.0,3.0,0.0,0.0
EPL_2015,28/02/2016,23,0,3.0,2.0,0.0,7.0,13.0,5.0,5.0,2.0,3.0,4.0,3.0,0.0,0.0
EPL_2015,01/03/2016,1,13,1.0,3.0,2.0,14.0,10.0,5.0,7.0,9.0,8.0,3.0,1.0,0.0,0.0
EPL_2015,01/03/2016,6,32,2.0,0.0,0.0,9.0,6.0,4.0,1.0,10.0,2.0,0.0,0.0,0.0,0.0
EPL_2015,01/03/2016,19,38,2.0,2.0,1.0,22.0,11.0,5.0,3.0,11.0,3.0,0.0,2.0,0.0,0.0
EPL_2015,01/03/2016,26,11,1.0,2.0,2.0,13.0,10.0,2.0,2.0,4.0,4.0,3.0,2.0,0.0,0.0
EPL_2015,01/03/2016,34,12,2.0,2.0,1.0,17.0,13.0,6.0,5.0,4.0,5.0,1.0,1.0,0.0,0.0
EPL_2015,02/03/2016,0,35,1.0,2.0,2.0,18.0,11.0,4.0,2.0,7.0,3.0,0.0,2.0,0.0,0.0
EPL_2015,02/03/2016,20,22,3.0,0.0,0.0,11.0,4.0,7.0,2.0,3.0,2.0,0.0,1.0,0.0,0.0
EPL_2015,02/03/2016,23,37,1.0,0.0,0.0,14.0,13.0,3.0,3.0,9.0,7.0,1.0,2.0,0.0,0.0
EPL_2015,02/03/2016,33,25,1.0,0.0,0.0,9.0,5.0,2.0,3.0,5.0,2.0,1.0,0.0,0.0,0.0
EPL_2015,02/03/2016,39,36,1.0,0.0,0.0,14.0,9.0,3.0,2.0,6.0,3.0,0.0,3.0,0.0,0.0
EPL_2015,05/03/2016,11,33,1.0,1.0,1.0,20.0,16.0,7.0,5.0,8.0,4.0,1.0,2.0,0.0,0.0
EPL_2015,05/03/2016,13,39,2.0,3.0,2.0,15.0,17.0,8.0,5.0,9.0,6.0,2.0,3.0,1.0,0.0
EPL_2015,05/03/2016,22,1,4.0,0.0,0.0,22.0,2.0,9.0,1.0,9.0,1.0,0.0,1.0,0.0,0.0
EPL_2015,05/03/2016,25,6,1.0,3.0,2.0,14.0,16.0,3.0,5.0,5.0,4.0,1.0,3.0,0.0,0.0
EPL_2015,05/03/2016,32,34,1.0,1.0,1.0,16.0,11.0,5.0,3.0,12.0,2.0,2.0,1.0,1.0,0.0
EPL_2015,05/03/2016,35,26,1.0,0.0,0.0,10.0,8.0,3.0,3.0,5.0,0.0,2.0,5.0,0.0,0.0
EPL_2015,05/03/2016,36,0,2.0,2.0,1.0,26.0,10.0,11.0,4.0,9.0,2.0,2.0,2.0,0.0,1.0
EPL_2015,05/03/2016,37,19,0.0,1.0,2.0,11.0,14.0,4.0,7.0,3.0,8.0,2.0,2.0,0.0,0.0
EPL_2015,06/03/2016,12,20,1.0,2.0,2.0,14.0,19.0,4.0,5.0,6.0,6.0,1.0,2.0,0.0,1.0
EPL_2015,06/03/2016,38,23,1.0,0.0,0.0,9.0,7.0,2.0,1.0,4.0,5.0,1.0,0.0,0.0,1.0
EPL_2015,12/03/2016,6,35,3.0,2.0,0.0,12.0,12.0,4.0,4.0,5.0,3.0,1.0,0.0,0.0,0.0
EPL_2015,12/03/2016,26,22,0.0,0.0,1.0,5.0,15.0,0.0,3.0,3.0,8.0,3.0,1.0,0.0,0.0
EPL_2015,12/03/2016,33,32,1.0,2.0,2.0,13.0,11.0,2.0,4.0,1.0,4.0,1.0,2.0,0.0,1.0
EPL_2015,13/03/2016,1,36,0.0,2.0,2.0,11.0,19.0,2.0,8.0,5.0,8.0,0.0,0.0,0.0,0.0
EPL_2015,14/03/2016,19,25,1.0,0.0,0.0,10.0,13.0,1.0,2.0,8.0,4.0,0.0,0.0,0.0,0.0
EPL_2015,19/03/2016,11,39,2.0,2.0,1.0,22.0,13.0,5.0,6.0,10.0,9.0,3.0,5.0,0.0,0.0
EPL_2015,19/03/2016,12,19,0.0,1.0,2.0,12.0,8.0,4.0,3.0,10.0,7.0,1.0,1.0,0.0,0.0
EPL_2015,19/03/2016,13,0,0.0,2.0,2.0,8.0,11.0,2.0,3.0,7.0,5.0,0.0,0.0,0.0,0.0
EPL_2015,19/03/2016,35,1,1.0,0.0,0.0,10.0,12.0,1.0,2.0,4.0,6.0,3.0,2.0,0.0,0.0
EPL_2015,19/03/2016,37,33,1.0,2.0,2.0,9.0,9.0,4.0,6.0,9.0,2.0,3.0,1.0,0.0,0.0
EPL_2015,19/03/2016,38,26,0.0,1.0,2.0,10.0,7.0,0.0,1.0,4.0,3.0,1.0,2.0,0.0,0.0
EPL_2015,20/03/2016,22,23,0.0,1.0,2.0,26.0,5.0,2.0,3.0,11.0,5.0,1.0,1.0,0.0,0.0
EPL_2015,20/03/2016,25,34,1.0,1.0,1.0,17.0,14.0,8.0,4.0,2.0,5.0,4.0,1.0,0.0,0.0
EPL_2015,20/03/2016,32,20,3.0,2.0,0.0,16.0,18.0,5.0,9.0,3.0,5.0,1.0,3.0,0.0,0.0
EPL_2015,20/03/2016,36,6,3.0,0.0,0.0,17.0,2.0,8.0,0.0,4.0,5.0,0.0,1.0,0.0,0.0
EPL_2015,02/04/2016,0,37,4.0,0.0,0.0,19.0,6.0,12.0,2.0,8.0,3.0,1.0,1.0,0.0,0.0
EPL_2015,02/04/2016,1,11,0.0,4.0,2.0,15.0,11.0,4.0,8.0,7.0,2.0,4.0,1.0,1.0,0.0
EPL_2015,02/04/2016,6,22,0.0,4.0,2.0,11.0,15.0,2.0,7.0,4.0,4.0,0.0,1.0,0.0,0.0
EPL_2015,02/04/2016,20,36,1.0,1.0,1.0,15.0,18.0,7.0,5.0,12.0,9.0,2.0,0.0,0.0,0.0
EPL_2015,02/04/2016,26,25,3.0,2.0,0.0,13.0,13.0,6.0,5.0,6.0,5.0,0.0,0.0,0.0,0.0
EPL_2015,02/04/2016,33,35,2.0,2.0,1.0,12.0,12.0,5.0,3.0,5.0,5.0,0.0,1.0,0.0,0.0
EPL_2015,02/04/2016,34,38,0.0,0.0,1.0,22.0,3.0,7.0,0.0,9.0,3.0,1.0,1.0,0.0,0.0
EPL_2015,02/04/2016,39,12,2.0,2.0,1.0,18.0,12.0,6.0,5.0,4.0,5.0,2.0,2.0,1.0,0.0
EPL_2015,03/04/2016,19,32,1.0,0.0,0.0,11.0,10.0,4.0,2.0,7.0,8.0,2.0,2.0,0.0,0.0
EPL_2015,03/04/2016,23,13,1.0,0.0,0.0,10.0,7.0,2.0,1.0,5.0,5.0,2.0,0.0,0.0,0.0
EPL_2015,09/04/2016,1,6,1.0,2.0,2.0,6.0,12.0,1.0,3.0,3.0,8.0,2.0,2.0,0.0,0.0
EPL_2015,09/04/2016,12,26,1.0,0.0,0.0,13.0,13.0,6.0,4.0,10.0,4.0,2.0,1.0,0.0,0.0
EPL_2015,09/04/2016,22,38,2.0,1.0,0.0,13.0,13.0,4.0,2.0,8.0,8.0,0.0,1.0,0.0,0.0
EPL_2015,09/04/2016,32,25,3.0,1.0,0.0,20.0,5.0,6.0,3.0,11.0,2.0,0.0,0.0,0.0,0.0
EPL_2015,09/04/2016,35,11,1.0,0.0,0.0,12.0,8.0,6.0,2.0,1.0,9.0,5.0,4.0,0.0,0.0
EPL_2015,09/04/2016,37,13,1.0,1.0,1.0,13.0,12.0,5.0,7.0,7.0,6.0,2.0,1.0,0.0,0.0
EPL_2015,09/04/2016,39,0,3.0,3.0,1.0,19.0,11.0,7.0,6.0,7.0,4.0,2.0,0.0,0.0,0.0
EPL_2015,10/04/2016,20,33,4.0,1.0,0.0,14.0,10.0,6.0,3.0,6.0,3.0,0.0,2.0,0.0,0.0
EPL_2015,10/04/2016,34,19,0.0,2.0,2.0,15.0,17.0,1.0,7.0,1.0,7.0,1.0,1.0,0.0,0.0
EPL_2015,10/04/2016,36,23,3.0,0.0,0.0,16.0,5.0,8.0,1.0,2.0,7.0,3.0,3.0,0.0,0.0
EPL_2015,13/04/2016,12,13,0.0,0.0,1.0,18.0,9.0,6.0,5.0,10.0,7.0,0.0,1.0,0.0,1.0
EPL_2015,16/04/2016,11,22,0.0,3.0,2.0,11.0,11.0,4.0,8.0,11.0,3.0,2.0,3.0,1.0,0.0
EPL_2015,16/04/2016,13,32,1.0,1.0,1.0,7.0,18.0,2.0,4.0,3.0,10.0,1.0,1.0,0.0,0.0
EPL_2015,16/04/2016,23,1,1.0,0.0,0.0,13.0,7.0,4.0,1.0,14.0,3.0,0.0,1.0,0.0,0.0
EPL_2015,16/04/2016,25,35,3.0,0.0,0.0,12.0,11.0,7.0,1.0,3.0,7.0,2.0,1.0,0.0,0.0
EPL_2015,16/04/2016,26,34,0.0,3.0,2.0,19.0,8.0,6.0,3.0,14.0,0.0,2.0,2.0,0.0,0.0
EPL_2015,16/04/2016,38,37,0.0,1.0,2.0,16.0,11.0,4.0,4.0,9.0,3.0,0.0,3.0,0.0,0.0
EPL_2015,17/04/2016,0,12,1.0,1.0,1.0,21.0,7.0,6.0,2.0,10.0,5.0,0.0,2.0,0.0,0.0
EPL_2015,17/04/2016,6,20,1.0,2.0,2.0,18.0,19.0,5.0,6.0,5.0,4.0,0.0,0.0,0.0,0.0
EPL_2015,17/04/2016,19,39,2.0,2.0,1.0,6.0,19.0,2.0,4.0,0.0,5.0,1.0,3.0,1.0,0.0
EPL_2015,18/04/2016,33,36,0.0,4.0,2.0,12.0,23.0,2.0,6.0,5.0,3.0,2.0,0.0,0.0,0.0
EPL_2015,19/04/2016,25,22,1.0,1.0,1.0,5.0,9.0,3.0,5.0,5.0,3.0,3.0,2.0,0.0,0.0
EPL_2015,20/04/2016,20,13,4.0,0.0,0.0,37.0,3.0,13.0,0.0,9.0,1.0,1.0,1.0,0.0,1.0
EPL_2015,20/04/2016,23,12,2.0,0.0,0.0,16.0,5.0,10.0,0.0,10.0,2.0,1.0,2.0,0.0,0.0
EPL_2015,20/04/2016,39,37,3.0,1.0,0.0,18.0,7.0,7.0,4.0,4.0,2.0,0.0,2.0,0.0,1.0
EPL_2015,21/04/2016,0,38,2.0,0.0,0.0,16.0,8.0,7.0,1.0,2.0,6.0,0.0,1.0,0.0,0.0
EPL_2015,23/04/2016,1,32,2.0,4.0,2.0,16.0,17.0,7.0,7.0,6.0,11.0,2.0,0.0,0.0,0.0
EPL_2015,23/04/2016,6,11,1.0,4.0,2.0,13.0,16.0,4.0,4.0,10.0,7.0,1.0,0.0,0.0,0.0
EPL_2015,23/04/2016,20,25,2.0,2.0,1.0,13.0,6.0,4.0,3.0,5.0,4.0,1.0,1.0,0.0,0.0
EPL_2015,23/04/2016,22,33,4.0,0.0,0.0,11.0,14.0,6.0,2.0,9.0,4.0,0.0,0.0,0.0,0.0
EPL_2015,24/04/2016,19,35,4.0,0.0,0.0,18.0,9.0,9.0,1.0,4.0,6.0,1.0,2.0,0.0,0.0
EPL_2015,24/04/2016,34,0,0.0,0.0,1.0,12.0,20.0,3.0,7.0,7.0,7.0,2.0,4.0,0.0,0.0
EPL_2015,25/04/2016,36,38,1.0,1.0,1.0,19.0,16.0,2.0,3.0,9.0,7.0,0.0,1.0,0.0,0.0
EPL_2015,30/04/2016,0,26,1.0,0.0,0.0,14.0,12.0,3.0,3.0,7.0,3.0,1.0,0.0,0.0,0.0
EPL_2015,30/04/2016,13,6,2.0,1.0,0.0,12.0,16.0,5.0,2.0,3.0,5.0,1.0,0.0,0.0,0.0
EPL_2015,30/04/2016,25,12,1.0,0.0,0.0,10.0,9.0,4.0,3.0,4.0,8.0,2.0,0.0,0.0,0.0
EPL_2015,30/04/2016,33,34,1.0,1.0,1.0,11.0,14.0,3.0,5.0,2.0,8.0,2.0,2.0,0.0,0.0
EPL_2015,30/04/2016,37,1,3.0,2.0,0.0,18.0,7.0,6.0,2.0,8.0,4.0,2.0,3.0,0.0,1.0
EPL_2015,30/04/2016,38,39,0.0,3.0,2.0,15.0,8.0,5.0,4.0,8.0,6.0,0.0,0.0,0.0,0.0
EPL_2015,01/05/2016,23,19,1.0,1.0,1.0,21.0,14.0,6.0,3.0,6.0,5.0,3.0,0.0,0.0,1.0
EPL_2015,01/05/2016,32,22,4.0,2.0,0.0,14.0,6.0,7.0,5.0,8.0,2.0,2.0,1.0,0.0,0.0
EPL_2015,01/05/2016,35,20,3.0,1.0,0.0,18.0,11.0,9.0,3.0,4.0,7.0,2.0,2.0,0.0,1.0
EPL_2015,02/05/2016,11,36,2.0,2.0,1.0,13.0,16.0,5.0,5.0,7.0,8.0,3.0,9.0,0.0,0.0
EPL_2015,07/05/2016,1,25,0.0,0.0,1.0,2.0,9.0,0.0,3.0,0.0,5.0,1.0,1.0,0.0,0.0
EPL_2015,07/05/2016,6,38,1.0,1.0,1.0,12.0,12.0,4.0,4.0,5.0,3.0,2.0,1.0,0.0,0.0
EPL_2015,07/05/2016,12,33,2.0,1.0,0.0,17.0,12.0,4.0,3.0,4.0,3.0,2.0,3.0,0.0,0.0
EPL_2015,07/05/2016,19,13,3.0,1.0,0.0,32.0,9.0,8.0,5.0,12.0,4.0,0.0,3.0,0.0,0.0
EPL_2015,07/05/2016,26,23,0.0,1.0,2.0,8.0,15.0,2.0,2.0,1.0,6.0,1.0,0.0,0.0,0.0
EPL_2015,07/05/2016,34,11,3.0,2.0,0.0,15.0,9.0,4.0,8.0,3.0,3.0,4.0,1.0,0.0,1.0
EPL_2015,07/05/2016,39,35,1.0,4.0,2.0,25.0,13.0,7.0,6.0,13.0,3.0,3.0,0.0,0.0,0.0
EPL_2015,08/05/2016,20,37,2.0,0.0,0.0,19.0,14.0,5.0,3.0,8.0,8.0,1.0,2.0,0.0,0.0
EPL_2015,08/05/2016,22,0,2.0,2.0,1.0,14.0,5.0,3.0,2.0,7.0,2.0,2.0,1.0,0.0,0.0
EPL_2015,08/05/2016,36,32,1.0,2.0,2.0,20.0,10.0,6.0,2.0,10.0,2.0,0.0,3.0,0.0,0.0
EPL_2015,10/05/2016,39,23,3.0,2.0,0.0,20.0,3.0,6.0,2.0,6.0,2.0,1.0,3.0,0.0,0.0
EPL_2015,11/05/2016,20,11,1.0,1.0,1.0,28.0,13.0,9.0,7.0,7.0,3.0,3.0,1.0,0.0,0.0
EPL_2015,11/05/2016,26,37,4.0,2.0,0.0,18.0,12.0,6.0,7.0,5.0,1.0,2.0,3.0,0.0,0.0
EPL_2015,11/05/2016,34,13,3.0,0.0,0.0,14.0,17.0,8.0,6.0,5.0,5.0,1.0,0.0,0.0,0.0
EPL_2015,15/05/2016,0,1,4.0,0.0,0.0,16.0,5.0,7.0,2.0,5.0,4.0,0.0,1.0,0.0,0.0
EPL_2015,15/05/2016,11,19,1.0,1.0,1.0,17.0,18.0,4.0,5.0,7.0,6.0,0.0,0.0,0.0,0.0
EPL_2015,15/05/2016,13,26,3.0,0.0,0.0,15.0,10.0,8.0,2.0,4.0,11.0,0.0,0.0,0.0,0.0
EPL_2015,15/05/2016,25,36,5.0,1.0,0.0,19.0,17.0,10.0,5.0,3.0,8.0,1.0,2.0,1.0,0.0
EPL_2015,15/05/2016,32,12,4.0,1.0,0.0,18.0,16.0,5.0,4.0,2.0,5.0,1.0,2.0,0.0,0.0
EPL_2015,15/05/2016,33,39,2.0,1.0,0.0,7.0,20.0,4.0,7.0,4.0,10.0,3.0,1.0,0.0,0.0
EPL_2015,15/05/2016,35,22,1.0,1.0,1.0,4.0,18.0,1.0,5.0,4.0,4.0,1.0,3.0,0.0,0.0
EPL_2015,15/05/2016,37,34,2.0,2.0,1.0,21.0,6.0,6.0,4.0,7.0,4.0,1.0,0.0,0.0,0.0
EPL_2015,15/05/2016,38,20,1.0,1.0,1.0,13.0,7.0,1.0,3.0,7.0,5.0,3.0,1.0,0.0,0.0
EPL_2015,17/05/2016,23,6,3.0,1.0,0.0,12.0,7.0,5.0,0.0,7.0,1.0,1.0,0.0,0.0,0.0
EPL_2016,13/08/16,9,35,0.0,1.0,2.0,10.0,17.0,3.0,9.0,7.0,4.0,3.0,2.0,0.0,0.0
EPL_2016,13/08/16,12,38,0.0,1.0,2.0,14.0,13.0,4.0,3.0,3.0,6.0,2.0,2.0,0.0,0.0
EPL_2016,13/08/16,13,36,1.0,1.0,1.0,12.0,13.0,6.0,4.0,5.0,6.0,0.0,0.0,0.0,0.0
EPL_2016,13/08/16,16,19,2.0,1.0,0.0,14.0,18.0,5.0,5.0,5.0,3.0,2.0,2.0,0.0,0.0
EPL_2016,13/08/16,22,34,2.0,1.0,0.0,16.0,7.0,4.0,3.0,9.0,6.0,1.0,2.0,0.0,0.0
EPL_2016,13/08/16,24,33,1.0,1.0,1.0,12.0,12.0,2.0,1.0,9.0,6.0,3.0,5.0,0.0,0.0
EPL_2016,13/08/16,32,37,1.0,1.0,1.0,24.0,5.0,6.0,1.0,6.0,2.0,1.0,2.0,0.0,1.0
EPL_2016,14/08/16,0,20,3.0,4.0,2.0,9.0,16.0,5.0,7.0,5.0,4.0,3.0,3.0,0.0,0.0
EPL_2016,14/08/16,6,23,1.0,3.0,2.0,9.0,11.0,3.0,7.0,4.0,2.0,0.0,1.0,0.0,0.0
EPL_2016,15/08/16,11,39,2.0,1.0,0.0,16.0,7.0,6.0,3.0,7.0,1.0,5.0,2.0,0.0,0.0
EPL_2016,19/08/16,23,32,2.0,0.0,0.0,12.0,13.0,5.0,1.0,4.0,0.0,0.0,0.0,0.0,0.0
EPL_2016,20/08/16,9,20,2.0,0.0,0.0,3.0,26.0,2.0,5.0,1.0,12.0,0.0,1.0,0.0,0.0
EPL_2016,20/08/16,19,0,0.0,0.0,1.0,8.0,13.0,1.0,4.0,2.0,7.0,1.0,2.0,0.0,0.0
EPL_2016,20/08/16,33,22,1.0,4.0,2.0,8.0,12.0,3.0,6.0,7.0,7.0,3.0,4.0,0.0,0.0
EPL_2016,20/08/16,35,16,0.0,2.0,2.0,13.0,12.0,3.0,4.0,8.0,3.0,0.0,0.0,0.0,0.0
EPL_2016,20/08/16,36,12,1.0,0.0,0.0,20.0,10.0,5.0,2.0,10.0,4.0,3.0,3.0,0.0,0.0
EPL_2016,20/08/16,37,11,1.0,2.0,2.0,6.0,13.0,2.0,4.0,0.0,5.0,4.0,3.0,0.0,0.0
EPL_2016,20/08/16,38,13,1.0,2.0,2.0,11.0,13.0,4.0,7.0,7.0,4.0,3.0,1.0,0.0,0.0
EPL_2016,21/08/16,34,24,1.0,2.0,2.0,18.0,8.0,5.0,3.0,8.0,1.0,1.0,1.0,0.0,0.0
EPL_2016,21/08/16,39,6,1.0,0.0,0.0,15.0,8.0,2.0,5.0,1.0,6.0,3.0,1.0,0.0,1.0
EPL_2016,27/08/16,11,9,3.0,0.0,0.0,22.0,6.0,10.0,0.0,9.0,5.0,2.0,2.0,0.0,0.0
EPL_2016,27/08/16,12,6,1.0,1.0,1.0,24.0,10.0,5.0,3.0,10.0,4.0,2.0,1.0,0.0,0.0
EPL_2016,27/08/16,13,33,1.0,0.0,0.0,21.0,8.0,9.0,1.0,9.0,2.0,2.0,1.0,0.0,0.0
EPL_2016,27/08/16,16,23,0.0,1.0,2.0,8.0,29.0,2.0,9.0,1.0,6.0,2.0,3.0,0.0,0.0
EPL_2016,27/08/16,19,35,2.0,1.0,0.0,13.0,9.0,6.0,3.0,4.0,6.0,2.0,2.0,0.0,0.0
EPL_2016,27/08/16,32,34,1.0,1.0,1.0,16.0,5.0,7.0,2.0,5.0,5.0,2.0,2.0,0.0,0.0
EPL_2016,27/08/16,36,20,1.0,1.0,1.0,11.0,13.0,4.0,3.0,5.0,5.0,3.0,5.0,0.0,0.0
EPL_2016,27/08/16,37,0,1.0,3.0,2.0,14.0,10.0,6.0,7.0,3.0,2.0,6.0,1.0,0.0,0.0
EPL_2016,28/08/16,22,39,3.0,1.0,0.0,22.0,9.0,5.0,2.0,5.0,4.0,1.0,3.0,0.0,0.0
EPL_2016,28/08/16,38,24,0.0,0.0,1.0,13.0,7.0,2.0,2.0,5.0,4.0,1.0,3.0,0.0,0.0
EPL_2016,10/09/16,0,32,2.0,1.0,0.0,17.0,11.0,2.0,5.0,6.0,1.0,2.0,5.0,0.0,0.0
EPL_2016,10/09/16,6,38,1.0,0.0,0.0,12.0,12.0,5.0,2.0,10.0,5.0,1.0,3.0,0.0,0.0
EPL_2016,10/09/16,9,16,1.0,1.0,1.0,13.0,11.0,2.0,3.0,5.0,9.0,2.0,0.0,0.0,0.0
EPL_2016,10/09/16,20,19,4.0,1.0,0.0,17.0,12.0,11.0,3.0,1.0,7.0,1.0,2.0,0.0,0.0
EPL_2016,10/09/16,23,22,1.0,2.0,2.0,14.0,18.0,3.0,6.0,4.0,4.0,4.0,2.0,0.0,0.0
EPL_2016,10/09/16,24,12,1.0,2.0,2.0,12.0,12.0,4.0,4.0,6.0,6.0,1.0,2.0,0.0,0.0
EPL_2016,10/09/16,33,36,0.0,4.0,2.0,15.0,20.0,2.0,8.0,10.0,8.0,3.0,2.0,0.0,0.0
EPL_2016,10/09/16,39,37,2.0,4.0,2.0,19.0,13.0,4.0,8.0,4.0,4.0,2.0,2.0,0.0,0.0
EPL_2016,11/09/16,35,11,2.0,2.0,1.0,6.0,28.0,2.0,7.0,1.0,11.0,3.0,4.0,0.0,0.0
EPL_2016,12/09/16,34,13,0.0,3.0,2.0,11.0,20.0,2.0,9.0,5.0,4.0,1.0,1.0,0.0,0.0
EPL_2016,16/09/16,11,20,1.0,2.0,2.0,12.0,13.0,4.0,5.0,6.0,4.0,1.0,1.0,0.0,0.0
EPL_2016,17/09/16,13,24,3.0,1.0,0.0,11.0,7.0,6.0,0.0,6.0,3.0,2.0,1.0,0.0,0.0
EPL_2016,17/09/16,16,0,1.0,4.0,2.0,6.0,24.0,2.0,9.0,2.0,4.0,0.0,2.0,1.0,0.0
EPL_2016,17/09/16,19,9,3.0,0.0,0.0,14.0,7.0,6.0,2.0,7.0,1.0,0.0,1.0,0.0,0.0
EPL_2016,17/09/16,22,6,4.0,0.0,0.0,20.0,6.0,12.0,2.0,5.0,5.0,1.0,1.0,1.0,0.0
EPL_2016,17/09/16,38,39,4.0,2.0,0.0,8.0,23.0,6.0,5.0,2.0,6.0,2.0,1.0,0.0,0.0
EPL_2016,18/09/16,12,33,4.0,1.0,0.0,14.0,11.0,8.0,4.0,10.0,5.0,2.0,1.0,0.0,0.0
EPL_2016,18/09/16,32,35,1.0,0.0,0.0,19.0,9.0,6.0,3.0,7.0,1.0,1.0,1.0,0.0,0.0
EPL_2016,18/09/16,36,34,1.0,0.0,0.0,31.0,6.0,9.0,2.0,14.0,1.0,1.0,5.0,0.0,1.0
EPL_2016,18/09/16,37,23,3.0,1.0,0.0,10.0,15.0,5.0,2.0,5.0,7.0,3.0,4.0,0.0,0.0
EPL_2016,24/09/16,0,11,3.0,0.0,0.0,14.0,9.0,5.0,2.0,9.0,1.0,0.0,2.0,0.0,0.0
EPL_2016,24/09/16,6,13,1.0,0.0,0.0,12.0,13.0,1.0,2.0,5.0,3.0,2.0,2.0,0.0,0.0
EPL_2016,24/09/16,20,16,5.0,1.0,0.0,32.0,2.0,12.0,1.0,13.0,2.0,1.0,2.0,0.0,1.0
EPL_2016,24/09/16,23,19,4.0,1.0,0.0,16.0,10.0,7.0,3.0,8.0,6.0,0.0,2.0,0.0,0.0
EPL_2016,24/09/16,24,36,1.0,2.0,2.0,6.0,19.0,2.0,5.0,2.0,10.0,2.0,1.0,0.0,0.0
EPL_2016,24/09/16,33,38,1.0,1.0,1.0,12.0,9.0,2.0,3.0,6.0,6.0,3.0,4.0,0.0,0.0
EPL_2016,24/09/16,34,12,2.0,3.0,2.0,11.0,20.0,4.0,4.0,3.0,5.0,0.0,2.0,0.0,0.0
EPL_2016,24/09/16,35,22,1.0,3.0,2.0,13.0,18.0,5.0,4.0,2.0,7.0,2.0,4.0,0.0,0.0
EPL_2016,25/09/16,39,32,0.0,3.0,2.0,13.0,18.0,1.0,9.0,6.0,2.0,5.0,2.0,0.0,0.0
EPL_2016,26/09/16,9,37,2.0,0.0,0.0,13.0,12.0,4.0,3.0,7.0,6.0,1.0,3.0,0.0,0.0
EPL_2016,30/09/16,13,12,1.0,1.0,1.0,13.0,10.0,3.0,2.0,10.0,9.0,5.0,4.0,0.0,0.0
EPL_2016,01/10/16,16,11,0.0,2.0,2.0,8.0,22.0,3.0,9.0,5.0,7.0,2.0,2.0,0.0,0.0
EPL_2016,01/10/16,34,38,1.0,1.0,1.0,7.0,17.0,2.0,7.0,6.0,5.0,1.0,3.0,0.0,0.0
EPL_2016,01/10/16,35,20,1.0,2.0,2.0,8.0,18.0,3.0,6.0,3.0,10.0,2.0,2.0,0.0,0.0
EPL_2016,01/10/16,37,6,2.0,2.0,1.0,17.0,11.0,7.0,2.0,4.0,5.0,3.0,4.0,0.0,0.0
EPL_2016,01/10/16,39,24,1.0,1.0,1.0,19.0,9.0,2.0,3.0,4.0,5.0,2.0,3.0,0.0,0.0
EPL_2016,02/10/16,9,0,0.0,1.0,2.0,10.0,18.0,1.0,3.0,2.0,6.0,0.0,0.0,0.0,0.0
EPL_2016,02/10/16,19,32,0.0,0.0,1.0,9.0,11.0,1.0,5.0,3.0,6.0,1.0,0.0,0.0,0.0
EPL_2016,02/10/16,23,33,1.0,1.0,1.0,24.0,7.0,9.0,6.0,13.0,2.0,3.0,0.0,0.0,0.0
EPL_2016,02/10/16,36,22,2.0,0.0,0.0,13.0,12.0,7.0,6.0,4.0,3.0,2.0,2.0,0.0,0.0
EPL_2016,15/10/16,0,35,3.0,2.0,0.0,16.0,13.0,6.0,6.0,5.0,6.0,0.0,1.0,1.0,0.0
EPL_2016,15/10/16,6,16,6.0,1.0,0.0,22.0,11.0,10.0,4.0,5.0,4.0,0.0,3.0,0.0,0.0
EPL_2016,15/10/16,11,19,3.0,0.0,0.0,16.0,5.0,6.0,0.0,8.0,5.0,1.0,1.0,0.0,0.0
EPL_2016,15/10/16,12,39,0.0,1.0,2.0,12.0,12.0,3.0,4.0,7.0,6.0,1.0,3.0,0.0,1.0
EPL_2016,15/10/16,22,13,1.0,1.0,1.0,19.0,3.0,8.0,2.0,13.0,1.0,0.0,2.0,0.0,0.0
EPL_2016,15/10/16,33,34,2.0,0.0,0.0,18.0,11.0,6.0,1.0,6.0,4.0,1.0,1.0,0.0,0.0
EPL_2016,15/10/16,38,36,1.0,1.0,1.0,8.0,20.0,4.0,8.0,5.0,8.0,2.0,2.0,0.0,0.0
EPL_2016,16/10/16,24,37,0.0,1.0,2.0,10.0,4.0,3.0,2.0,4.0,6.0,4.0,1.0,0.0,0.0
EPL_2016,16/10/16,32,9,3.0,1.0,0.0,34.0,6.0,14.0,1.0,8.0,4.0,1.0,2.0,0.0,0.0
EPL_2016,17/10/16,20,23,0.0,0.0,1.0,9.0,7.0,3.0,1.0,3.0,1.0,0.0,4.0,0.0,0.0
EPL_2016,22/10/16,0,24,0.0,0.0,1.0,9.0,11.0,5.0,4.0,8.0,3.0,1.0,0.0,0.0,0.0
EPL_2016,22/10/16,6,36,0.0,0.0,1.0,8.0,16.0,1.0,4.0,7.0,4.0,2.0,4.0,0.0,0.0
EPL_2016,22/10/16,9,13,2.0,1.0,0.0,9.0,20.0,3.0,8.0,2.0,8.0,2.0,3.0,0.0,0.0
EPL_2016,22/10/16,16,33,0.0,2.0,2.0,9.0,12.0,2.0,6.0,5.0,7.0,2.0,3.0,0.0,0.0
EPL_2016,22/10/16,19,12,3.0,1.0,0.0,17.0,23.0,4.0,7.0,8.0,8.0,0.0,0.0,0.0,0.0
EPL_2016,22/10/16,20,38,2.0,1.0,0.0,21.0,6.0,7.0,1.0,3.0,2.0,1.0,3.0,0.0,0.0
EPL_2016,22/10/16,35,37,0.0,0.0,1.0,11.0,10.0,5.0,2.0,7.0,2.0,2.0,1.0,0.0,0.0
EPL_2016,22/10/16,39,34,1.0,0.0,0.0,20.0,10.0,3.0,2.0,6.0,2.0,2.0,5.0,0.0,0.0
EPL_2016,23/10/16,11,23,4.0,0.0,0.0,14.0,16.0,6.0,5.0,5.0,7.0,3.0,2.0,0.0,0.0
EPL_2016,23/10/16,22,32,1.0,1.0,1.0,14.0,6.0,3.0,2.0,10.0,3.0,3.0,3.0,0.0,0.0
EPL_2016,29/10/16,12,20,2.0,4.0,2.0,7.0,17.0,6.0,10.0,3.0,3.0,1.0,2.0,0.0,0.0
EPL_2016,29/10/16,23,9,0.0,0.0,1.0,37.0,7.0,11.0,1.0,19.0,1.0,1.0,3.0,1.0,0.0
EPL_2016,29/10/16,24,6,2.0,0.0,0.0,10.0,15.0,3.0,3.0,4.0,7.0,1.0,1.0,0.0,0.0
EPL_2016,29/10/16,34,0,1.0,4.0,2.0,3.0,21.0,1.0,7.0,0.0,8.0,4.0,3.0,0.0,0.0
EPL_2016,29/10/16,36,19,1.0,1.0,1.0,22.0,6.0,5.0,1.0,8.0,1.0,3.0,4.0,0.0,0.0
EPL_2016,29/10/16,37,16,1.0,0.0,0.0,22.0,8.0,0.0,2.0,7.0,2.0,1.0,2.0,0.0,0.0
EPL_2016,29/10/16,38,22,0.0,4.0,2.0,9.0,21.0,1.0,8.0,1.0,7.0,4.0,3.0,0.0,0.0
EPL_2016,30/10/16,13,39,2.0,0.0,0.0,17.0,13.0,6.0,3.0,8.0,8.0,2.0,3.0,0.0,0.0
EPL_2016,30/10/16,32,11,0.0,2.0,2.0,9.0,13.0,1.0,7.0,7.0,3.0,0.0,0.0,0.0,0.0
EPL_2016,31/10/16,33,35,3.0,1.0,0.0,17.0,14.0,4.0,6.0,6.0,4.0,2.0,0.0,0.0,0.0
EPL_2016,05/11/16,6,34,1.0,2.0,2.0,22.0,9.0,7.0,4.0,12.0,2.0,3.0,2.0,0.0,1.0
EPL_2016,05/11/16,9,12,3.0,2.0,0.0,14.0,16.0,7.0,5.0,4.0,7.0,1.0,2.0,0.0,0.0
EPL_2016,05/11/16,11,13,5.0,0.0,0.0,21.0,1.0,9.0,0.0,4.0,2.0,0.0,3.0,0.0,0.0
EPL_2016,05/11/16,22,24,1.0,1.0,1.0,25.0,5.0,7.0,3.0,8.0,2.0,1.0,3.0,0.0,0.0
EPL_2016,05/11/16,39,33,1.0,1.0,1.0,9.0,12.0,2.0,4.0,6.0,4.0,4.0,1.0,0.0,0.0
EPL_2016,06/11/16,0,36,1.0,1.0,1.0,15.0,10.0,2.0,3.0,7.0,2.0,1.0,2.0,0.0,0.0
EPL_2016,06/11/16,16,32,2.0,1.0,0.0,6.0,19.0,2.0,7.0,1.0,10.0,0.0,5.0,0.0,0.0
EPL_2016,06/11/16,19,38,1.0,2.0,2.0,5.0,11.0,2.0,5.0,5.0,6.0,0.0,2.0,0.0,0.0
EPL_2016,06/11/16,20,37,6.0,1.0,0.0,28.0,11.0,17.0,8.0,6.0,3.0,1.0,2.0,0.0,0.0
EPL_2016,06/11/16,35,23,1.0,3.0,2.0,6.0,9.0,1.0,3.0,2.0,0.0,0.0,2.0,0.0,0.0
EPL_2016,19/11/16,12,22,1.0,2.0,2.0,9.0,10.0,2.0,4.0,2.0,7.0,1.0,2.0,0.0,0.0
EPL_2016,19/11/16,13,35,1.0,1.0,1.0,14.0,5.0,6.0,3.0,10.0,3.0,4.0,2.0,0.0,0.0
EPL_2016,19/11/16,23,0,1.0,1.0,1.0,12.0,5.0,5.0,1.0,10.0,4.0,3.0,3.0,0.0,0.0
EPL_2016,19/11/16,32,20,0.0,0.0,1.0,3.0,15.0,0.0,2.0,1.0,8.0,1.0,1.0,0.0,0.0
EPL_2016,19/11/16,33,6,0.0,1.0,2.0,14.0,9.0,6.0,2.0,3.0,4.0,3.0,2.0,0.0,0.0
EPL_2016,19/11/16,34,16,3.0,0.0,0.0,11.0,17.0,4.0,7.0,2.0,8.0,1.0,0.0,1.0,0.0
EPL_2016,19/11/16,36,39,3.0,2.0,0.0,14.0,11.0,6.0,3.0,4.0,5.0,3.0,2.0,0.0,1.0
EPL_2016,19/11/16,37,19,2.0,1.0,0.0,10.0,10.0,3.0,2.0,4.0,6.0,2.0,3.0,0.0,0.0
EPL_2016,20/11/16,24,11,0.0,1.0,2.0,12.0,13.0,1.0,3.0,2.0,3.0,2.0,3.0,0.0,0.0
EPL_2016,21/11/16,38,9,4.0,0.0,0.0,16.0,5.0,6.0,2.0,4.0,3.0,0.0,0.0,0.0,0.0
EPL_2016,26/11/16,9,22,1.0,2.0,2.0,10.0,21.0,5.0,5.0,5.0,8.0,2.0,3.0,0.0,0.0
EPL_2016,26/11/16,11,36,2.0,1.0,0.0,9.0,12.0,5.0,6.0,3.0,8.0,2.0,1.0,0.0,0.0
EPL_2016,26/11/16,16,38,1.0,1.0,1.0,10.0,11.0,4.0,2.0,2.0,6.0,3.0,2.0,0.0,0.0
EPL_2016,26/11/16,19,24,2.0,2.0,1.0,11.0,6.0,3.0,2.0,2.0,3.0,4.0,4.0,0.0,0.0
EPL_2016,26/11/16,20,34,2.0,0.0,0.0,27.0,6.0,7.0,1.0,9.0,4.0,1.0,3.0,0.0,0.0
EPL_2016,26/11/16,35,12,5.0,4.0,0.0,18.0,12.0,9.0,4.0,10.0,6.0,4.0,5.0,0.0,0.0
EPL_2016,27/11/16,0,6,3.0,1.0,0.0,16.0,9.0,3.0,3.0,3.0,10.0,3.0,5.0,0.0,0.0
EPL_2016,27/11/16,23,39,1.0,1.0,1.0,17.0,6.0,8.0,2.0,8.0,4.0,3.0,1.0,0.0,0.0
EPL_2016,27/11/16,32,13,1.0,0.0,0.0,17.0,13.0,7.0,1.0,5.0,2.0,0.0,2.0,0.0,0.0
EPL_2016,27/11/16,37,33,0.0,1.0,2.0,11.0,14.0,2.0,1.0,3.0,3.0,3.0,0.0,1.0,0.0
EPL_2016,03/12/16,12,32,3.0,0.0,0.0,9.0,17.0,4.0,3.0,4.0,9.0,3.0,1.0,0.0,0.0
EPL_2016,03/12/16,22,11,1.0,3.0,2.0,14.0,10.0,5.0,4.0,9.0,2.0,2.0,3.0,2.0,0.0
EPL_2016,03/12/16,33,9,2.0,0.0,0.0,10.0,14.0,4.0,4.0,4.0,9.0,3.0,2.0,0.0,0.0
EPL_2016,03/12/16,34,19,2.0,1.0,0.0,22.0,17.0,6.0,5.0,3.0,4.0,3.0,1.0,0.0,0.0
EPL_2016,03/12/16,36,35,5.0,0.0,0.0,28.0,1.0,15.0,0.0,5.0,0.0,0.0,4.0,0.0,0.0
EPL_2016,03/12/16,38,37,3.0,1.0,0.0,11.0,17.0,3.0,5.0,3.0,4.0,2.0,1.0,0.0,1.0
EPL_2016,03/12/16,39,0,1.0,5.0,2.0,10.0,19.0,3.0,10.0,3.0,2.0,3.0,3.0,0.0,0.0
EPL_2016,04/12/16,6,20,4.0,3.0,0.0,12.0,10.0,8.0,3.0,4.0,9.0,2.0,2.0,0.0,0.0
EPL_2016,04/12/16,13,23,1.0,1.0,1.0,13.0,10.0,6.0,2.0,6.0,3.0,2.0,3.0,0.0,0.0
EPL_2016,05/12/16,24,16,1.0,0.0,0.0,16.0,6.0,4.0,2.0,13.0,7.0,1.0,1.0,0.0,0.0
EPL_2016,10/12/16,0,33,3.0,1.0,0.0,21.0,12.0,6.0,5.0,7.0,7.0,0.0,0.0,0.0,0.0
EPL_2016,10/12/16,9,6,3.0,2.0,0.0,16.0,17.0,7.0,4.0,4.0,11.0,2.0,2.0,0.0,0.0
EPL_2016,10/12/16,16,12,3.0,3.0,1.0,15.0,14.0,6.0,6.0,4.0,7.0,2.0,4.0,0.0,0.0
EPL_2016,10/12/16,19,22,4.0,2.0,0.0,10.0,19.0,6.0,4.0,3.0,11.0,2.0,1.0,0.0,0.0
EPL_2016,10/12/16,35,34,3.0,0.0,0.0,14.0,11.0,5.0,2.0,7.0,4.0,1.0,2.0,0.0,0.0
EPL_2016,10/12/16,37,13,3.0,2.0,0.0,11.0,11.0,6.0,4.0,2.0,4.0,2.0,2.0,0.0,0.0
EPL_2016,11/12/16,11,38,1.0,0.0,0.0,12.0,6.0,2.0,1.0,3.0,1.0,2.0,4.0,0.0,0.0
EPL_2016,11/12/16,20,39,2.0,2.0,1.0,18.0,7.0,3.0,3.0,11.0,4.0,2.0,0.0,0.0,0.0
EPL_2016,11/12/16,23,36,1.0,0.0,0.0,15.0,12.0,5.0,4.0,3.0,8.0,3.0,3.0,0.0,0.0
EPL_2016,11/12/16,32,24,1.0,0.0,0.0,14.0,6.0,3.0,2.0,4.0,2.0,4.0,3.0,0.0,0.0
EPL_2016,13/12/16,6,19,1.0,0.0,0.0,9.0,12.0,3.0,4.0,4.0,11.0,0.0,3.0,0.0,0.0
EPL_2016,13/12/16,13,0,2.0,1.0,0.0,14.0,9.0,4.0,3.0,8.0,3.0,1.0,1.0,1.0,0.0
EPL_2016,14/12/16,12,23,1.0,2.0,2.0,6.0,16.0,3.0,6.0,1.0,8.0,2.0,2.0,0.0,0.0
EPL_2016,14/12/16,22,37,2.0,0.0,0.0,13.0,5.0,7.0,2.0,5.0,2.0,1.0,2.0,0.0,0.0
EPL_2016,14/12/16,24,20,0.0,3.0,2.0,8.0,15.0,3.0,4.0,5.0,2.0,1.0,0.0,0.0,0.0
EPL_2016,14/12/16,33,32,0.0,0.0,1.0,5.0,15.0,3.0,4.0,3.0,11.0,1.0,2.0,1.0,0.0
EPL_2016,14/12/16,34,11,0.0,1.0,2.0,8.0,19.0,3.0,6.0,5.0,5.0,3.0,2.0,0.0,0.0
EPL_2016,14/12/16,36,16,3.0,0.0,0.0,27.0,10.0,9.0,5.0,5.0,5.0,0.0,2.0,0.0,0.0
EPL_2016,14/12/16,38,35,3.0,1.0,0.0,13.0,8.0,4.0,4.0,0.0,11.0,0.0,0.0,0.0,0.0
EPL_2016,14/12/16,39,9,1.0,0.0,0.0,20.0,8.0,7.0,2.0,6.0,1.0,0.0,2.0,0.0,0.0
EPL_2016,17/12/16,12,11,0.0,1.0,2.0,6.0,13.0,2.0,6.0,5.0,3.0,2.0,3.0,0.0,0.0
EPL_2016,17/12/16,24,35,3.0,0.0,0.0,10.0,14.0,4.0,2.0,3.0,8.0,1.0,0.0,0.0,0.0
EPL_2016,17/12/16,33,19,2.0,2.0,1.0,16.0,14.0,7.0,8.0,9.0,9.0,2.0,6.0,0.0,1.0
EPL_2016,17/12/16,34,37,1.0,0.0,0.0,12.0,9.0,4.0,4.0,4.0,11.0,1.0,2.0,0.0,0.0
EPL_2016,17/12/16,38,23,0.0,2.0,2.0,10.0,10.0,1.0,5.0,2.0,3.0,3.0,3.0,0.0,0.0
EPL_2016,17/12/16,39,16,1.0,0.0,0.0,18.0,16.0,6.0,5.0,10.0,6.0,2.0,4.0,0.0,0.0
EPL_2016,18/12/16,6,32,1.0,3.0,2.0,10.0,14.0,5.0,8.0,7.0,4.0,0.0,2.0,0.0,0.0
EPL_2016,18/12/16,22,0,2.0,1.0,0.0,14.0,6.0,5.0,1.0,8.0,1.0,4.0,2.0,0.0,0.0
EPL_2016,18/12/16,36,9,2.0,1.0,0.0,30.0,5.0,9.0,2.0,11.0,2.0,1.0,2.0,0.0,0.0
EPL_2016,19/12/16,13,20,0.0,1.0,2.0,6.0,11.0,1.0,4.0,1.0,6.0,3.0,1.0,0.0,0.0
EPL_2016,26/12/16,0,38,1.0,0.0,0.0,26.0,3.0,11.0,1.0,6.0,5.0,2.0,1.0,0.0,0.0
EPL_2016,26/12/16,9,24,1.0,0.0,0.0,6.0,8.0,4.0,2.0,7.0,3.0,6.0,5.0,0.0,0.0
EPL_2016,26/12/16,11,6,3.0,0.0,0.0,14.0,7.0,4.0,3.0,5.0,5.0,1.0,1.0,0.0,0.0
EPL_2016,26/12/16,16,22,0.0,3.0,2.0,10.0,16.0,3.0,6.0,4.0,7.0,1.0,0.0,0.0,0.0
EPL_2016,26/12/16,19,13,0.0,2.0,2.0,7.0,8.0,2.0,3.0,3.0,4.0,3.0,0.0,0.0,0.0
EPL_2016,26/12/16,23,34,3.0,1.0,0.0,26.0,7.0,9.0,4.0,5.0,5.0,1.0,1.0,0.0,0.0
EPL_2016,26/12/16,35,39,1.0,4.0,2.0,14.0,14.0,7.0,7.0,8.0,4.0,0.0,0.0,0.0,0.0
EPL_2016,26/12/16,37,12,1.0,1.0,1.0,9.0,10.0,3.0,4.0,7.0,3.0,2.0,4.0,0.0,0.0
EPL_2016,27/12/16,20,33,4.0,1.0,0.0,20.0,6.0,6.0,2.0,8.0,2.0,0.0,1.0,0.0,0.0
EPL_2016,28/12/16,32,36,1.0,4.0,2.0,9.0,17.0,2.0,5.0,2.0,10.0,1.0,4.0,1.0,0.0
EPL_2016,30/12/16,16,13,2.0,2.0,1.0,13.0,20.0,4.0,7.0,5.0,5.0,2.0,2.0,0.0,0.0
EPL_2016,31/12/16,9,34,4.0,1.0,0.0,16.0,11.0,6.0,3.0,6.0,2.0,1.0,1.0,0.0,0.0
EPL_2016,31/12/16,11,33,4.0,2.0,0.0,18.0,5.0,7.0,2.0,8.0,3.0,3.0,2.0,0.0,0.0
EPL_2016,31/12/16,19,39,1.0,0.0,0.0,12.0,25.0,4.0,5.0,7.0,7.0,5.0,3.0,0.0,0.0
EPL_2016,31/12/16,20,22,1.0,0.0,0.0,5.0,9.0,1.0,2.0,4.0,6.0,2.0,1.0,0.0,0.0
EPL_2016,31/12/16,23,24,2.0,1.0,0.0,32.0,9.0,12.0,2.0,12.0,2.0,1.0,1.0,0.0,0.0
EPL_2016,31/12/16,32,38,1.0,2.0,2.0,10.0,7.0,1.0,3.0,8.0,3.0,1.0,3.0,1.0,0.0
EPL_2016,31/12/16,35,6,0.0,3.0,2.0,14.0,11.0,5.0,6.0,4.0,3.0,2.0,0.0,0.0,0.0
EPL_2016,01/01/17,0,12,2.0,0.0,0.0,22.0,7.0,7.0,4.0,8.0,4.0,1.0,1.0,0.0,0.0
EPL_2016,01/01/17,37,36,1.0,4.0,2.0,6.0,19.0,2.0,6.0,0.0,3.0,3.0,0.0,0.0,0.0
EPL_2016,02/01/17,13,32,3.0,0.0,0.0,17.0,12.0,6.0,3.0,10.0,8.0,0.0,1.0,0.0,0.0
EPL_2016,02/01/17,22,9,2.0,1.0,0.0,14.0,11.0,3.0,3.0,8.0,8.0,4.0,3.0,1.0,0.0
EPL_2016,02/01/17,24,19,0.0,0.0,1.0,9.0,10.0,1.0,4.0,2.0,2.0,3.0,0.0,0.0,0.0
EPL_2016,02/01/17,34,20,2.0,2.0,1.0,10.0,21.0,5.0,15.0,2.0,5.0,2.0,3.0,0.0,0.0
EPL_2016,02/01/17,38,16,3.0,1.0,0.0,8.0,17.0,5.0,6.0,7.0,9.0,0.0,0.0,0.0,0.0
EPL_2016,02/01/17,39,23,0.0,2.0,2.0,8.0,13.0,2.0,6.0,2.0,1.0,1.0,2.0,1.0,0.0
EPL_2016,03/01/17,6,0,3.0,3.0,1.0,12.0,14.0,6.0,4.0,4.0,7.0,3.0,3.0,1.0,0.0
EPL_2016,03/01/17,12,35,1.0,2.0,2.0,7.0,11.0,3.0,4.0,4.0,5.0,2.0,1.0,0.0,0.0
EPL_2016,03/01/17,33,37,2.0,0.0,0.0,17.0,9.0,5.0,2.0,7.0,6.0,1.0,2.0,0.0,0.0
EPL_2016,04/01/17,36,11,2.0,0.0,0.0,9.0,11.0,2.0,2.0,1.0,6.0,3.0,2.0,0.0,0.0
EPL_2016,14/01/17,9,32,1.0,0.0,0.0,9.0,20.0,3.0,5.0,2.0,7.0,1.0,2.0,0.0,0.0
EPL_2016,14/01/17,16,6,3.0,1.0,0.0,14.0,8.0,3.0,6.0,4.0,5.0,0.0,1.0,0.0,0.0
EPL_2016,14/01/17,19,11,0.0,3.0,2.0,7.0,8.0,2.0,3.0,3.0,5.0,1.0,0.0,0.0,0.0
EPL_2016,14/01/17,34,33,1.0,3.0,2.0,14.0,14.0,3.0,6.0,5.0,2.0,3.0,1.0,0.0,0.0
EPL_2016,14/01/17,35,0,0.0,4.0,2.0,12.0,14.0,3.0,6.0,3.0,2.0,2.0,0.0,0.0,0.0
EPL_2016,14/01/17,36,38,4.0,0.0,0.0,21.0,3.0,11.0,0.0,8.0,0.0,0.0,2.0,0.0,0.0
EPL_2016,14/01/17,37,24,0.0,0.0,1.0,12.0,5.0,5.0,1.0,3.0,1.0,3.0,1.0,0.0,0.0
EPL_2016,14/01/17,39,12,3.0,0.0,0.0,14.0,10.0,3.0,1.0,2.0,2.0,4.0,2.0,0.0,0.0
EPL_2016,15/01/17,13,22,4.0,0.0,0.0,6.0,13.0,4.0,5.0,3.0,6.0,2.0,2.0,0.0,0.0
EPL_2016,15/01/17,23,20,1.0,1.0,1.0,9.0,13.0,3.0,4.0,5.0,7.0,1.0,3.0,0.0,0.0
EPL_2016,21/01/17,6,37,2.0,2.0,1.0,15.0,10.0,5.0,3.0,9.0,4.0,1.0,1.0,0.0,0.0
EPL_2016,21/01/17,12,13,0.0,1.0,2.0,8.0,16.0,2.0,8.0,8.0,7.0,0.0,1.0,0.0,0.0
EPL_2016,21/01/17,20,35,2.0,3.0,2.0,16.0,6.0,5.0,3.0,6.0,3.0,1.0,1.0,0.0,0.0
EPL_2016,21/01/17,22,36,2.0,2.0,1.0,17.0,6.0,7.0,2.0,5.0,4.0,2.0,4.0,0.0,0.0
EPL_2016,21/01/17,24,39,1.0,3.0,2.0,11.0,13.0,2.0,5.0,7.0,5.0,2.0,1.0,0.0,0.0
EPL_2016,21/01/17,33,23,1.0,1.0,1.0,6.0,25.0,1.0,8.0,1.0,7.0,4.0,0.0,0.0,0.0
EPL_2016,21/01/17,38,34,2.0,0.0,0.0,14.0,9.0,5.0,3.0,1.0,4.0,1.0,1.0,0.0,0.0
EPL_2016,22/01/17,0,9,2.0,1.0,0.0,24.0,13.0,8.0,7.0,10.0,4.0,1.0,3.0,1.0,0.0
EPL_2016,22/01/17,11,16,2.0,0.0,0.0,9.0,9.0,5.0,4.0,9.0,7.0,1.0,3.0,0.0,0.0
EPL_2016,22/01/17,32,19,3.0,0.0,0.0,20.0,11.0,7.0,2.0,7.0,2.0,0.0,1.0,0.0,0.0
EPL_2016,31/01/17,0,37,1.0,2.0,2.0,20.0,10.0,5.0,6.0,9.0,5.0,3.0,3.0,0.0,0.0
EPL_2016,31/01/17,6,12,0.0,2.0,2.0,10.0,11.0,2.0,4.0,2.0,3.0,0.0,4.0,0.0,0.0
EPL_2016,31/01/17,9,19,1.0,0.0,0.0,24.0,13.0,3.0,5.0,10.0,2.0,1.0,0.0,0.0,0.0
EPL_2016,31/01/17,20,11,1.0,1.0,1.0,7.0,8.0,3.0,2.0,3.0,3.0,2.0,1.0,0.0,0.0
EPL_2016,31/01/17,24,38,1.0,1.0,1.0,11.0,16.0,3.0,5.0,4.0,2.0,2.0,1.0,0.0,0.0
EPL_2016,31/01/17,34,36,0.0,0.0,1.0,3.0,14.0,1.0,3.0,2.0,12.0,2.0,1.0,0.0,0.0
EPL_2016,31/01/17,35,32,2.0,1.0,0.0,11.0,10.0,5.0,2.0,5.0,4.0,2.0,0.0,0.0,0.0
EPL_2016,01/02/17,23,16,0.0,0.0,1.0,15.0,6.0,6.0,2.0,7.0,1.0,1.0,4.0,0.0,0.0
EPL_2016,01/02/17,33,13,1.0,1.0,1.0,14.0,14.0,7.0,5.0,5.0,5.0,1.0,0.0,0.0,0.0
EPL_2016,01/02/17,39,22,0.0,4.0,2.0,6.0,11.0,1.0,4.0,2.0,4.0,3.0,3.0,0.0,0.0
EPL_2016,04/02/17,11,0,3.0,1.0,0.0,13.0,9.0,6.0,5.0,10.0,13.0,1.0,1.0,0.0,0.0
EPL_2016,04/02/17,12,34,0.0,4.0,2.0,21.0,10.0,9.0,7.0,6.0,1.0,3.0,3.0,0.0,0.0
EPL_2016,04/02/17,13,6,6.0,3.0,0.0,15.0,18.0,10.0,8.0,4.0,8.0,3.0,1.0,0.0,0.0
EPL_2016,04/02/17,16,20,2.0,0.0,0.0,7.0,22.0,4.0,5.0,1.0,15.0,2.0,1.0,0.0,0.0
EPL_2016,04/02/17,32,39,1.0,3.0,2.0,21.0,6.0,7.0,4.0,3.0,2.0,0.0,2.0,0.0,0.0
EPL_2016,04/02/17,36,24,1.0,0.0,0.0,17.0,8.0,5.0,0.0,11.0,2.0,0.0,1.0,0.0,0.0
EPL_2016,04/02/17,37,9,2.0,1.0,0.0,16.0,11.0,7.0,7.0,3.0,6.0,5.0,0.0,0.0,1.0
EPL_2016,04/02/17,38,33,1.0,0.0,0.0,16.0,12.0,4.0,2.0,5.0,6.0,2.0,2.0,0.0,0.0
EPL_2016,05/02/17,19,23,0.0,3.0,2.0,11.0,15.0,1.0,9.0,10.0,3.0,2.0,4.0,0.0,0.0
EPL_2016,05/02/17,22,35,2.0,1.0,0.0,17.0,4.0,5.0,2.0,10.0,3.0,2.0,3.0,0.0,0.0
EPL_2016,11/02/17,0,16,2.0,0.0,0.0,17.0,9.0,7.0,4.0,3.0,8.0,3.0,1.0,0.0,1.0
EPL_2016,11/02/17,20,36,2.0,0.0,0.0,17.0,7.0,9.0,2.0,10.0,3.0,3.0,4.0,0.0,0.0
EPL_2016,11/02/17,23,37,2.0,0.0,0.0,22.0,9.0,11.0,3.0,5.0,1.0,1.0,0.0,0.0,0.0
EPL_2016,11/02/17,24,13,0.0,0.0,1.0,9.0,7.0,3.0,3.0,5.0,2.0,2.0,0.0,0.0,0.0
EPL_2016,11/02/17,33,12,1.0,0.0,0.0,7.0,6.0,4.0,1.0,5.0,5.0,1.0,3.0,0.0,0.0
EPL_2016,11/02/17,34,32,0.0,4.0,2.0,6.0,15.0,1.0,8.0,6.0,2.0,1.0,0.0,0.0,0.0
EPL_2016,11/02/17,39,38,2.0,2.0,1.0,16.0,8.0,4.0,3.0,7.0,5.0,3.0,2.0,0.0,0.0
EPL_2016,12/02/17,9,11,1.0,1.0,1.0,6.0,13.0,4.0,2.0,1.0,1.0,3.0,2.0,0.0,0.0
EPL_2016,12/02/17,35,19,2.0,0.0,0.0,10.0,9.0,4.0,1.0,7.0,3.0,2.0,2.0,0.0,0.0
EPL_2016,13/02/17,6,22,0.0,2.0,2.0,5.0,17.0,1.0,5.0,3.0,7.0,2.0,3.0,0.0,0.0
EPL_2016,25/02/17,11,35,3.0,1.0,0.0,16.0,3.0,5.0,2.0,8.0,1.0,1.0,3.0,0.0,0.0
EPL_2016,25/02/17,12,24,1.0,0.0,0.0,15.0,11.0,3.0,4.0,4.0,2.0,3.0,1.0,0.0,0.0
EPL_2016,25/02/17,13,34,2.0,0.0,0.0,20.0,10.0,8.0,1.0,10.0,6.0,0.0,2.0,0.0,0.0
EPL_2016,25/02/17,16,9,1.0,1.0,1.0,15.0,10.0,1.0,3.0,6.0,3.0,1.0,1.0,0.0,1.0
EPL_2016,25/02/17,37,39,1.0,1.0,1.0,9.0,13.0,1.0,2.0,4.0,6.0,4.0,1.0,0.0,1.0
EPL_2016,25/02/17,38,6,2.0,1.0,0.0,13.0,12.0,4.0,4.0,8.0,6.0,2.0,0.0,0.0,0.0
EPL_2016,26/02/17,36,33,4.0,0.0,0.0,21.0,5.0,9.0,3.0,8.0,5.0,2.0,3.0,0.0,0.0
EPL_2016,27/02/17,19,20,3.0,1.0,0.0,13.0,17.0,7.0,7.0,5.0,12.0,0.0,0.0,0.0,0.0
EPL_2016,04/03/17,19,16,3.0,1.0,0.0,17.0,10.0,5.0,4.0,10.0,4.0,1.0,1.0,0.0,0.0
EPL_2016,04/03/17,20,0,3.0,1.0,0.0,18.0,7.0,7.0,3.0,9.0,3.0,1.0,2.0,0.0,0.0
EPL_2016,04/03/17,23,6,1.0,1.0,1.0,20.0,3.0,7.0,1.0,15.0,2.0,3.0,2.0,0.0,1.0
EPL_2016,04/03/17,33,24,2.0,0.0,0.0,13.0,8.0,8.0,2.0,6.0,1.0,1.0,2.0,0.0,0.0
EPL_2016,04/03/17,35,9,3.0,2.0,0.0,23.0,6.0,10.0,4.0,9.0,2.0,2.0,2.0,0.0,0.0
EPL_2016,04/03/17,37,32,3.0,4.0,2.0,16.0,20.0,4.0,11.0,6.0,5.0,3.0,2.0,0.0,0.0
EPL_2016,04/03/17,38,12,0.0,2.0,2.0,11.0,10.0,1.0,4.0,5.0,5.0,0.0,1.0,0.0,0.0
EPL_2016,05/03/17,34,22,0.0,2.0,2.0,11.0,14.0,3.0,7.0,6.0,4.0,1.0,0.0,0.0,0.0
EPL_2016,05/03/17,36,13,3.0,2.0,0.0,20.0,8.0,7.0,4.0,7.0,2.0,1.0,2.0,0.0,0.0
EPL_2016,06/03/17,39,11,1.0,2.0,2.0,11.0,9.0,2.0,4.0,6.0,4.0,0.0,1.0,0.0,0.0
EPL_2016,08/03/17,22,33,0.0,0.0,1.0,12.0,5.0,1.0,2.0,8.0,1.0,1.0,3.0,0.0,0.0
EPL_2016,11/03/17,6,39,3.0,2.0,0.0,21.0,15.0,9.0,7.0,5.0,6.0,4.0,2.0,0.0,0.0
EPL_2016,11/03/17,13,38,3.0,0.0,0.0,16.0,5.0,5.0,2.0,4.0,6.0,1.0,2.0,0.0,0.0
EPL_2016,11/03/17,16,35,2.0,1.0,0.0,15.0,11.0,7.0,3.0,2.0,7.0,3.0,1.0,0.0,0.0
EPL_2016,12/03/17,20,9,2.0,1.0,0.0,10.0,11.0,3.0,1.0,11.0,1.0,2.0,2.0,0.0,0.0
EPL_2016,18/03/17,6,35,2.0,0.0,0.0,12.0,10.0,6.0,1.0,2.0,4.0,0.0,2.0,0.0,0.0
EPL_2016,18/03/17,12,37,1.0,0.0,0.0,7.0,6.0,0.0,2.0,3.0,2.0,0.0,2.0,0.0,0.0
EPL_2016,18/03/17,13,16,4.0,0.0,0.0,14.0,6.0,8.0,0.0,5.0,8.0,2.0,0.0,0.0,1.0
EPL_2016,18/03/17,33,11,1.0,2.0,2.0,5.0,20.0,1.0,7.0,5.0,11.0,4.0,2.0,1.0,0.0
EPL_2016,18/03/17,34,9,0.0,0.0,1.0,14.0,17.0,5.0,3.0,3.0,5.0,2.0,1.0,0.0,0.0
EPL_2016,18/03/17,38,0,3.0,1.0,0.0,12.0,11.0,8.0,2.0,4.0,5.0,1.0,0.0,0.0,0.0
EPL_2016,18/03/17,39,19,2.0,3.0,2.0,20.0,11.0,7.0,5.0,6.0,5.0,0.0,1.0,0.0,0.0
EPL_2016,19/03/17,22,20,1.0,1.0,1.0,13.0,13.0,3.0,4.0,9.0,8.0,3.0,3.0,0.0,0.0
EPL_2016,19/03/17,24,23,1.0,3.0,2.0,10.0,14.0,3.0,6.0,8.0,3.0,1.0,1.0,0.0,0.0
EPL_2016,19/03/17,36,32,2.0,1.0,0.0,12.0,8.0,6.0,3.0,5.0,1.0,3.0,3.0,0.0,0.0
EPL_2016,01/04/17,9,36,0.0,2.0,2.0,13.0,19.0,2.0,7.0,3.0,7.0,2.0,0.0,0.0,0.0
EPL_2016,01/04/17,11,12,1.0,2.0,2.0,24.0,8.0,11.0,3.0,9.0,3.0,3.0,2.0,0.0,0.0
EPL_2016,01/04/17,16,39,2.0,1.0,0.0,7.0,12.0,3.0,4.0,5.0,5.0,2.0,2.0,0.0,0.0
EPL_2016,01/04/17,19,33,2.0,0.0,0.0,23.0,10.0,10.0,2.0,10.0,4.0,1.0,4.0,0.0,0.0
EPL_2016,01/04/17,20,13,3.0,1.0,0.0,10.0,9.0,6.0,4.0,2.0,3.0,1.0,3.0,0.0,0.0
EPL_2016,01/04/17,23,38,0.0,0.0,1.0,18.0,3.0,3.0,1.0,6.0,1.0,3.0,3.0,0.0,0.0
EPL_2016,01/04/17,32,6,0.0,0.0,1.0,14.0,12.0,4.0,3.0,6.0,3.0,1.0,0.0,0.0,0.0
EPL_2016,01/04/17,37,34,1.0,0.0,0.0,23.0,11.0,10.0,3.0,13.0,9.0,1.0,3.0,0.0,0.0
EPL_2016,02/04/17,0,22,2.0,2.0,1.0,8.0,14.0,3.0,5.0,3.0,8.0,3.0,2.0,0.0,0.0
EPL_2016,02/04/17,35,24,0.0,0.0,1.0,15.0,8.0,3.0,1.0,11.0,3.0,2.0,3.0,0.0,0.0
EPL_2016,04/04/17,9,33,1.0,0.0,0.0,7.0,15.0,3.0,2.0,3.0,5.0,3.0,2.0,0.0,0.0
EPL_2016,04/04/17,19,34,2.0,0.0,0.0,19.0,15.0,8.0,3.0,5.0,6.0,0.0,1.0,0.0,0.0
EPL_2016,04/04/17,23,13,1.0,1.0,1.0,18.0,11.0,3.0,4.0,6.0,5.0,1.0,4.0,0.0,1.0
EPL_2016,04/04/17,37,38,2.0,0.0,0.0,9.0,18.0,2.0,2.0,5.0,6.0,1.0,4.0,1.0,0.0
EPL_2016,05/04/17,0,39,3.0,0.0,0.0,21.0,7.0,8.0,2.0,5.0,0.0,2.0,2.0,0.0,0.0
EPL_2016,05/04/17,11,22,2.0,1.0,0.0,10.0,17.0,4.0,7.0,2.0,9.0,1.0,3.0,0.0,0.0
EPL_2016,05/04/17,16,24,4.0,2.0,0.0,17.0,12.0,5.0,4.0,8.0,4.0,2.0,1.0,0.0,0.0
EPL_2016,05/04/17,20,6,2.0,2.0,1.0,20.0,7.0,8.0,2.0,7.0,2.0,1.0,1.0,0.0,0.0
EPL_2016,05/04/17,32,12,3.0,1.0,0.0,25.0,17.0,9.0,3.0,11.0,11.0,2.0,1.0,0.0,0.0
EPL_2016,05/04/17,35,36,1.0,3.0,2.0,4.0,18.0,1.0,8.0,5.0,7.0,1.0,1.0,0.0,0.0
EPL_2016,08/04/17,6,11,1.0,3.0,2.0,12.0,15.0,1.0,5.0,4.0,4.0,2.0,3.0,0.0,0.0
EPL_2016,08/04/17,22,16,3.0,1.0,0.0,23.0,6.0,7.0,1.0,7.0,3.0,0.0,2.0,0.0,0.0
EPL_2016,08/04/17,24,9,0.0,0.0,1.0,12.0,7.0,5.0,2.0,4.0,3.0,0.0,3.0,0.0,0.0
EPL_2016,08/04/17,33,20,1.0,2.0,2.0,9.0,14.0,4.0,4.0,5.0,8.0,0.0,2.0,0.0,0.0
EPL_2016,08/04/17,36,37,4.0,0.0,0.0,19.0,8.0,6.0,2.0,7.0,5.0,0.0,1.0,0.0,0.0
EPL_2016,08/04/17,38,32,0.0,1.0,2.0,17.0,10.0,6.0,3.0,7.0,3.0,2.0,2.0,0.0,0.0
EPL_2016,08/04/17,39,35,1.0,0.0,0.0,14.0,4.0,6.0,1.0,4.0,3.0,5.0,1.0,0.0,0.0
EPL_2016,09/04/17,13,19,4.0,2.0,0.0,12.0,6.0,7.0,4.0,4.0,6.0,2.0,2.0,0.0,0.0
EPL_2016,09/04/17,34,23,0.0,3.0,2.0,9.0,18.0,4.0,9.0,4.0,5.0,1.0,5.0,1.0,0.0
EPL_2016,10/04/17,12,0,3.0,0.0,0.0,17.0,11.0,6.0,3.0,5.0,8.0,0.0,1.0,0.0,0.0
EPL_2016,15/04/17,12,19,2.0,2.0,1.0,15.0,6.0,4.0,2.0,8.0,5.0,0.0,2.0,0.0,0.0
EPL_2016,15/04/17,13,9,3.0,1.0,0.0,29.0,13.0,7.0,6.0,6.0,7.0,2.0,0.0,0.0,0.0
EPL_2016,15/04/17,32,22,0.0,3.0,2.0,8.0,18.0,1.0,5.0,3.0,8.0,3.0,0.0,0.0,0.0
EPL_2016,15/04/17,33,16,3.0,1.0,0.0,14.0,14.0,4.0,3.0,3.0,7.0,0.0,2.0,0.0,0.0
EPL_2016,15/04/17,34,39,2.0,2.0,1.0,14.0,7.0,4.0,3.0,8.0,1.0,1.0,0.0,0.0,1.0
EPL_2016,15/04/17,36,6,4.0,0.0,0.0,24.0,5.0,14.0,1.0,13.0,1.0,0.0,1.0,0.0,0.0
EPL_2016,15/04/17,37,35,1.0,0.0,0.0,15.0,13.0,7.0,4.0,6.0,2.0,0.0,0.0,0.0,0.0
EPL_2016,16/04/17,23,11,2.0,0.0,0.0,9.0,5.0,3.0,0.0,1.0,3.0,3.0,3.0,0.0,0.0
EPL_2016,16/04/17,38,20,0.0,1.0,2.0,7.0,15.0,2.0,2.0,4.0,4.0,3.0,1.0,0.0,0.0
EPL_2016,17/04/17,24,0,1.0,2.0,2.0,13.0,12.0,5.0,4.0,2.0,4.0,2.0,2.0,0.0,0.0
EPL_2016,22/04/17,6,24,4.0,0.0,0.0,20.0,5.0,10.0,2.0,4.0,3.0,0.0,2.0,0.0,1.0
EPL_2016,22/04/17,16,37,2.0,0.0,0.0,8.0,13.0,3.0,2.0,4.0,7.0,3.0,1.0,1.0,0.0
EPL_2016,22/04/17,35,33,2.0,0.0,0.0,10.0,9.0,6.0,3.0,11.0,4.0,2.0,2.0,0.0,0.0
EPL_2016,22/04/17,39,13,0.0,0.0,1.0,15.0,4.0,3.0,0.0,8.0,4.0,2.0,3.0,0.0,0.0
EPL_2016,23/04/17,9,23,0.0,2.0,2.0,8.0,12.0,0.0,6.0,3.0,3.0,2.0,1.0,0.0,0.0
EPL_2016,23/04/17,20,12,1.0,2.0,2.0,14.0,7.0,1.0,3.0,4.0,3.0,1.0,2.0,0.0,0.0
EPL_2016,25/04/17,11,32,4.0,2.0,0.0,17.0,12.0,7.0,4.0,6.0,7.0,2.0,2.0,0.0,0.0
EPL_2016,26/04/17,0,19,1.0,0.0,0.0,12.0,7.0,5.0,3.0,12.0,1.0,2.0,4.0,0.0,0.0
EPL_2016,26/04/17,12,36,0.0,1.0,2.0,6.0,18.0,1.0,4.0,2.0,11.0,3.0,3.0,0.0,0.0
EPL_2016,26/04/17,24,34,1.0,0.0,0.0,6.0,10.0,2.0,4.0,3.0,5.0,3.0,3.0,0.0,0.0
EPL_2016,27/04/17,22,23,0.0,0.0,1.0,19.0,3.0,6.0,1.0,7.0,4.0,1.0,0.0,0.0,1.0
EPL_2016,29/04/17,12,9,0.0,2.0,2.0,15.0,9.0,5.0,3.0,14.0,4.0,2.0,0.0,0.0,0.0
EPL_2016,29/04/17,32,16,0.0,0.0,1.0,11.0,9.0,2.0,1.0,6.0,6.0,0.0,3.0,0.0,0.0
EPL_2016,29/04/17,33,39,0.0,0.0,1.0,19.0,12.0,4.0,4.0,5.0,3.0,1.0,0.0,0.0,0.0
EPL_2016,29/04/17,34,6,0.0,1.0,2.0,17.0,15.0,5.0,7.0,6.0,5.0,3.0,2.0,0.0,0.0
EPL_2016,29/04/17,38,19,0.0,1.0,2.0,16.0,6.0,4.0,1.0,5.0,6.0,2.0,2.0,0.0,0.0
EPL_2016,30/04/17,13,11,0.0,3.0,2.0,12.0,11.0,4.0,5.0,2.0,4.0,3.0,4.0,0.0,0.0
EPL_2016,30/04/17,23,35,1.0,1.0,1.0,12.0,12.0,6.0,4.0,5.0,2.0,2.0,2.0,0.0,0.0
EPL_2016,30/04/17,24,22,2.0,2.0,1.0,14.0,22.0,6.0,4.0,4.0,11.0,4.0,4.0,0.0,0.0
EPL_2016,30/04/17,36,0,2.0,0.0,0.0,20.0,12.0,11.0,4.0,14.0,5.0,1.0,3.0,0.0,0.0
EPL_2016,01/05/17,37,20,0.0,1.0,2.0,9.0,12.0,2.0,8.0,3.0,5.0,3.0,1.0,0.0,0.0
EPL_2016,05/05/17,39,36,1.0,0.0,0.0,13.0,11.0,5.0,5.0,3.0,7.0,4.0,2.0,0.0,0.0
EPL_2016,06/05/17,6,33,2.0,2.0,1.0,12.0,14.0,2.0,3.0,0.0,7.0,2.0,0.0,0.0,0.0
EPL_2016,06/05/17,9,38,2.0,2.0,1.0,14.0,11.0,4.0,3.0,5.0,8.0,1.0,3.0,0.0,0.0
EPL_2016,06/05/17,16,34,0.0,2.0,2.0,16.0,12.0,6.0,5.0,7.0,4.0,3.0,1.0,0.0,0.0
EPL_2016,06/05/17,19,37,3.0,0.0,0.0,11.0,14.0,5.0,7.0,10.0,1.0,0.0,0.0,0.0,0.0
EPL_2016,06/05/17,22,12,5.0,0.0,0.0,26.0,5.0,12.0,2.0,9.0,3.0,1.0,3.0,0.0,0.0
EPL_2016,06/05/17,35,13,1.0,0.0,0.0,9.0,8.0,4.0,2.0,9.0,5.0,0.0,0.0,0.0,0.0
EPL_2016,07/05/17,0,23,2.0,0.0,0.0,9.0,10.0,4.0,4.0,5.0,9.0,1.0,0.0,0.0,0.0
EPL_2016,07/05/17,20,32,0.0,0.0,1.0,17.0,4.0,8.0,0.0,3.0,6.0,1.0,3.0,0.0,0.0
EPL_2016,08/05/17,11,24,3.0,0.0,0.0,21.0,2.0,7.0,1.0,8.0,1.0,0.0,2.0,0.0,0.0
EPL_2016,10/05/17,32,0,0.0,2.0,2.0,14.0,11.0,3.0,4.0,8.0,5.0,1.0,2.0,0.0,0.0
EPL_2016,12/05/17,13,37,1.0,0.0,0.0,15.0,14.0,6.0,2.0,9.0,8.0,0.0,3.0,0.0,0.0
EPL_2016,12/05/17,38,11,0.0,1.0,2.0,7.0,24.0,2.0,5.0,5.0,8.0,3.0,0.0,0.0,0.0
EPL_2016,13/05/17,6,9,2.0,1.0,0.0,18.0,14.0,6.0,3.0,7.0,1.0,0.0,1.0,0.0,0.0
EPL_2016,13/05/17,22,19,2.0,1.0,0.0,17.0,9.0,5.0,4.0,9.0,3.0,3.0,3.0,0.0,0.0
EPL_2016,13/05/17,24,32,1.0,2.0,2.0,14.0,14.0,3.0,4.0,6.0,3.0,3.0,0.0,0.0,0.0
EPL_2016,13/05/17,33,0,1.0,4.0,2.0,10.0,10.0,4.0,6.0,7.0,6.0,1.0,2.0,0.0,0.0
EPL_2016,13/05/17,34,35,0.0,2.0,2.0,13.0,3.0,4.0,3.0,8.0,4.0,4.0,0.0,0.0,0.0
EPL_2016,14/05/17,12,16,4.0,0.0,0.0,12.0,9.0,4.0,0.0,3.0,7.0,3.0,5.0,0.0,0.0
EPL_2016,14/05/17,36,23,2.0,1.0,0.0,14.0,8.0,7.0,2.0,8.0,3.0,1.0,2.0,0.0,0.0
EPL_2016,14/05/17,39,20,0.0,4.0,2.0,10.0,26.0,3.0,11.0,4.0,6.0,2.0,0.0,0.0,0.0
EPL_2016,15/05/17,11,37,4.0,3.0,0.0,24.0,9.0,9.0,3.0,8.0,3.0,2.0,4.0,0.0,1.0
EPL_2016,16/05/17,0,34,2.0,0.0,0.0,36.0,6.0,13.0,2.0,17.0,3.0,4.0,2.0,0.0,0.0
EPL_2016,16/05/17,22,38,3.0,1.0,0.0,21.0,5.0,10.0,2.0,7.0,1.0,1.0,2.0,0.0,0.0
EPL_2016,17/05/17,32,23,0.0,0.0,1.0,17.0,11.0,6.0,1.0,7.0,3.0,2.0,1.0,0.0,0.0
EPL_2016,18/05/17,19,36,1.0,6.0,2.0,12.0,26.0,5.0,12.0,4.0,4.0,3.0,1.0,0.0,0.0
EPL_2016,21/05/17,0,13,3.0,1.0,0.0,17.0,22.0,9.0,7.0,4.0,6.0,2.0,4.0,1.0,0.0
EPL_2016,21/05/17,9,39,1.0,2.0,2.0,9.0,14.0,1.0,4.0,2.0,5.0,2.0,2.0,0.0,0.0
EPL_2016,21/05/17,11,34,5.0,1.0,0.0,28.0,7.0,8.0,3.0,11.0,1.0,1.0,1.0,0.0,0.0
EPL_2016,21/05/17,16,36,1.0,7.0,2.0,10.0,19.0,4.0,14.0,2.0,3.0,0.0,0.0,0.0,0.0
EPL_2016,21/05/17,19,6,1.0,1.0,1.0,21.0,10.0,5.0,4.0,9.0,1.0,4.0,1.0,0.0,0.0
EPL_2016,21/05/17,20,24,3.0,0.0,0.0,25.0,9.0,10.0,3.0,3.0,3.0,0.0,1.0,0.0,0.0
EPL_2016,21/05/17,23,12,2.0,0.0,0.0,9.0,6.0,2.0,1.0,3.0,6.0,2.0,0.0,0.0,0.0
EPL_2016,21/05/17,32,33,0.0,1.0,2.0,14.0,14.0,6.0,3.0,4.0,10.0,2.0,4.0,0.0,0.0
EPL_2016,21/05/17,35,38,2.0,1.0,0.0,12.0,16.0,2.0,5.0,7.0,4.0,1.0,1.0,0.0,0.0
EPL_2016,21/05/17,37,22,0.0,5.0,2.0,6.0,15.0,3.0,9.0,4.0,5.0,1.0,0.0,0.0,0.0
EPL_2017,11/08/2017,0,19,4.0,3.0,0.0,27.0,6.0,10.0,3.0,9.0,4.0,0.0,1.0,0.0,0.0
EPL_2017,12/08/2017,8,22,0.0,2.0,2.0,6.0,14.0,2.0,4.0,3.0,10.0,0.0,2.0,0.0,0.0
EPL_2017,12/08/2017,11,9,2.0,3.0,2.0,19.0,10.0,6.0,5.0,8.0,5.0,3.0,3.0,2.0,0.0
EPL_2017,12/08/2017,12,15,0.0,3.0,2.0,14.0,8.0,4.0,6.0,12.0,9.0,1.0,3.0,0.0,0.0
EPL_2017,12/08/2017,13,33,1.0,0.0,0.0,9.0,9.0,4.0,1.0,6.0,7.0,1.0,1.0,0.0,0.0
EPL_2017,12/08/2017,32,35,0.0,0.0,1.0,29.0,4.0,2.0,0.0,13.0,0.0,2.0,1.0,0.0,0.0
EPL_2017,12/08/2017,37,20,3.0,3.0,1.0,9.0,14.0,4.0,5.0,3.0,3.0,0.0,3.0,0.0,0.0
EPL_2017,12/08/2017,38,6,1.0,0.0,0.0,16.0,9.0,6.0,2.0,8.0,2.0,3.0,1.0,0.0,0.0
EPL_2017,13/08/2017,23,39,4.0,0.0,0.0,22.0,9.0,6.0,1.0,11.0,1.0,2.0,2.0,0.0,0.0
EPL_2017,13/08/2017,25,36,0.0,2.0,2.0,6.0,18.0,3.0,6.0,5.0,7.0,1.0,2.0,1.0,0.0
EPL_2017,19/08/2017,6,37,0.0,2.0,2.0,6.0,19.0,2.0,7.0,8.0,5.0,1.0,3.0,0.0,0.0
EPL_2017,19/08/2017,9,38,0.0,1.0,2.0,20.0,8.0,0.0,1.0,5.0,5.0,1.0,0.0,0.0,1.0
EPL_2017,19/08/2017,19,8,2.0,0.0,0.0,14.0,5.0,4.0,2.0,6.0,2.0,1.0,0.0,0.0,0.0
EPL_2017,19/08/2017,20,12,1.0,0.0,0.0,23.0,4.0,13.0,1.0,4.0,2.0,1.0,3.0,0.0,0.0
EPL_2017,19/08/2017,32,39,3.0,2.0,0.0,14.0,16.0,5.0,8.0,7.0,2.0,1.0,1.0,0.0,1.0
EPL_2017,19/08/2017,33,0,1.0,0.0,0.0,11.0,18.0,4.0,6.0,2.0,9.0,0.0,0.0,0.0,0.0
EPL_2017,19/08/2017,35,23,0.0,4.0,2.0,6.0,17.0,1.0,8.0,3.0,5.0,1.0,1.0,0.0,0.0
EPL_2017,20/08/2017,15,25,1.0,0.0,0.0,7.0,13.0,3.0,5.0,7.0,3.0,3.0,4.0,0.0,0.0
EPL_2017,20/08/2017,36,11,1.0,2.0,2.0,18.0,9.0,6.0,2.0,14.0,3.0,3.0,3.0,0.0,0.0
EPL_2017,21/08/2017,22,13,1.0,1.0,1.0,19.0,7.0,6.0,2.0,7.0,1.0,1.0,2.0,1.0,1.0
EPL_2017,26/08/2017,6,22,1.0,2.0,2.0,9.0,19.0,3.0,8.0,2.0,5.0,5.0,4.0,0.0,1.0
EPL_2017,26/08/2017,12,35,0.0,2.0,2.0,16.0,7.0,3.0,3.0,1.0,1.0,4.0,1.0,0.0,0.0
EPL_2017,26/08/2017,15,32,0.0,0.0,1.0,16.0,6.0,6.0,3.0,5.0,4.0,0.0,1.0,0.0,0.0
EPL_2017,26/08/2017,23,19,2.0,0.0,0.0,22.0,11.0,7.0,4.0,9.0,3.0,1.0,2.0,0.0,0.0
EPL_2017,26/08/2017,25,39,3.0,0.0,0.0,16.0,8.0,8.0,3.0,7.0,5.0,1.0,3.0,0.0,0.0
EPL_2017,26/08/2017,37,8,0.0,0.0,1.0,8.0,16.0,0.0,2.0,3.0,11.0,0.0,1.0,1.0,0.0
EPL_2017,27/08/2017,11,13,2.0,0.0,0.0,18.0,7.0,7.0,0.0,6.0,3.0,2.0,2.0,0.0,0.0
EPL_2017,27/08/2017,20,0,4.0,0.0,0.0,18.0,8.0,10.0,0.0,4.0,3.0,2.0,4.0,0.0,0.0
EPL_2017,27/08/2017,36,9,1.0,1.0,1.0,28.0,13.0,5.0,3.0,10.0,7.0,0.0,0.0,0.0,0.0
EPL_2017,27/08/2017,38,33,1.0,1.0,1.0,10.0,16.0,2.0,2.0,10.0,4.0,2.0,2.0,0.0,0.0
EPL_2017,09/09/2017,0,6,3.0,0.0,0.0,17.0,7.0,9.0,2.0,10.0,3.0,0.0,1.0,0.0,0.0
EPL_2017,09/09/2017,8,38,3.0,1.0,0.0,12.0,12.0,6.0,3.0,2.0,6.0,2.0,0.0,0.0,0.0
EPL_2017,09/09/2017,13,36,0.0,3.0,2.0,12.0,15.0,1.0,6.0,7.0,3.0,3.0,1.0,0.0,0.0
EPL_2017,09/09/2017,19,11,1.0,2.0,2.0,8.0,16.0,2.0,6.0,2.0,9.0,1.0,0.0,0.0,0.0
EPL_2017,09/09/2017,22,20,5.0,0.0,0.0,13.0,10.0,7.0,3.0,8.0,3.0,2.0,2.0,0.0,1.0
EPL_2017,09/09/2017,32,37,0.0,2.0,2.0,9.0,12.0,1.0,3.0,7.0,4.0,0.0,0.0,0.0,0.0
EPL_2017,09/09/2017,33,23,2.0,2.0,1.0,10.0,18.0,5.0,8.0,5.0,11.0,0.0,0.0,0.0,0.0
EPL_2017,10/09/2017,9,12,1.0,0.0,0.0,4.0,23.0,2.0,5.0,3.0,13.0,1.0,1.0,0.0,0.0
EPL_2017,10/09/2017,35,25,0.0,1.0,2.0,10.0,16.0,4.0,8.0,7.0,5.0,2.0,3.0,0.0,0.0
EPL_2017,11/09/2017,39,15,2.0,0.0,0.0,19.0,10.0,3.0,2.0,10.0,3.0,1.0,2.0,0.0,0.0
EPL_2017,15/09/2017,6,8,2.0,1.0,0.0,15.0,9.0,3.0,2.0,6.0,4.0,0.0,0.0,0.0,0.0
EPL_2017,16/09/2017,12,32,0.0,1.0,2.0,14.0,13.0,3.0,4.0,5.0,5.0,5.0,1.0,0.0,0.0
EPL_2017,16/09/2017,15,19,1.0,1.0,1.0,15.0,10.0,3.0,1.0,8.0,4.0,1.0,1.0,0.0,0.0
EPL_2017,16/09/2017,20,9,1.0,1.0,1.0,35.0,5.0,9.0,4.0,12.0,2.0,1.0,2.0,0.0,0.0
EPL_2017,16/09/2017,25,33,2.0,1.0,0.0,14.0,13.0,3.0,4.0,7.0,5.0,3.0,1.0,0.0,0.0
EPL_2017,16/09/2017,36,35,0.0,0.0,1.0,26.0,4.0,8.0,0.0,11.0,1.0,1.0,3.0,0.0,0.0
EPL_2017,16/09/2017,37,22,0.0,6.0,2.0,7.0,28.0,1.0,10.0,3.0,11.0,2.0,0.0,0.0,0.0
EPL_2017,16/09/2017,38,39,0.0,0.0,1.0,6.0,9.0,1.0,1.0,2.0,3.0,2.0,2.0,0.0,0.0
EPL_2017,17/09/2017,11,0,0.0,0.0,1.0,13.0,11.0,4.0,2.0,5.0,1.0,1.0,3.0,1.0,0.0
EPL_2017,17/09/2017,23,13,4.0,0.0,0.0,16.0,7.0,7.0,3.0,4.0,1.0,1.0,1.0,0.0,0.0
EPL_2017,23/09/2017,9,15,0.0,0.0,1.0,5.0,9.0,3.0,2.0,3.0,4.0,3.0,2.0,0.0,0.0
EPL_2017,23/09/2017,13,6,2.0,1.0,0.0,12.0,8.0,4.0,4.0,4.0,6.0,3.0,1.0,0.0,0.0
EPL_2017,23/09/2017,19,20,2.0,3.0,2.0,12.0,23.0,7.0,6.0,3.0,6.0,3.0,3.0,0.0,0.0
EPL_2017,23/09/2017,22,12,5.0,0.0,0.0,25.0,5.0,9.0,0.0,8.0,2.0,3.0,1.0,0.0,0.0
EPL_2017,23/09/2017,32,23,0.0,1.0,2.0,14.0,9.0,4.0,4.0,8.0,4.0,1.0,4.0,0.0,0.0
EPL_2017,23/09/2017,33,11,0.0,4.0,2.0,13.0,7.0,2.0,4.0,5.0,0.0,2.0,2.0,0.0,0.0
EPL_2017,23/09/2017,35,37,1.0,2.0,2.0,10.0,8.0,3.0,4.0,5.0,4.0,1.0,3.0,0.0,0.0
EPL_2017,23/09/2017,39,36,2.0,3.0,2.0,10.0,15.0,4.0,5.0,4.0,3.0,4.0,2.0,0.0,1.0
EPL_2017,24/09/2017,8,25,1.0,0.0,0.0,7.0,17.0,3.0,5.0,2.0,8.0,2.0,1.0,0.0,0.0
EPL_2017,25/09/2017,0,38,2.0,0.0,0.0,16.0,7.0,6.0,3.0,7.0,4.0,1.0,4.0,0.0,0.0
EPL_2017,30/09/2017,6,19,0.0,0.0,1.0,19.0,8.0,4.0,1.0,7.0,5.0,1.0,0.0,0.0,0.0
EPL_2017,30/09/2017,11,22,0.0,1.0,2.0,4.0,17.0,2.0,6.0,4.0,8.0,0.0,2.0,0.0,0.0
EPL_2017,30/09/2017,15,36,0.0,4.0,2.0,6.0,14.0,1.0,7.0,4.0,7.0,1.0,1.0,0.0,0.0
EPL_2017,30/09/2017,23,12,4.0,0.0,0.0,18.0,6.0,7.0,1.0,6.0,5.0,0.0,0.0,0.0,0.0
EPL_2017,30/09/2017,33,32,2.0,1.0,0.0,17.0,21.0,6.0,3.0,5.0,6.0,1.0,2.0,0.0,0.0
EPL_2017,30/09/2017,38,37,2.0,2.0,1.0,9.0,15.0,4.0,3.0,7.0,6.0,3.0,0.0,0.0,0.0
EPL_2017,30/09/2017,39,35,1.0,0.0,0.0,9.0,6.0,4.0,1.0,2.0,1.0,3.0,2.0,0.0,0.0
EPL_2017,01/10/2017,0,8,2.0,0.0,0.0,25.0,9.0,12.0,1.0,6.0,5.0,0.0,2.0,0.0,0.0
EPL_2017,01/10/2017,13,9,0.0,1.0,2.0,23.0,5.0,4.0,2.0,9.0,3.0,2.0,2.0,0.0,0.0
EPL_2017,01/10/2017,25,20,1.0,1.0,1.0,8.0,17.0,5.0,2.0,1.0,5.0,1.0,1.0,0.0,0.0
EPL_2017,14/10/2017,9,39,1.0,1.0,1.0,20.0,8.0,5.0,6.0,7.0,4.0,2.0,2.0,0.0,1.0
EPL_2017,14/10/2017,12,11,2.0,1.0,0.0,14.0,15.0,5.0,5.0,5.0,8.0,2.0,1.0,0.0,0.0
EPL_2017,14/10/2017,20,23,0.0,0.0,1.0,19.0,6.0,5.0,1.0,7.0,3.0,0.0,2.0,0.0,0.0
EPL_2017,14/10/2017,22,33,7.0,2.0,0.0,20.0,5.0,11.0,1.0,5.0,0.0,0.0,1.0,0.0,0.0
EPL_2017,14/10/2017,35,15,2.0,0.0,0.0,7.0,7.0,3.0,2.0,5.0,3.0,1.0,5.0,0.0,0.0
EPL_2017,14/10/2017,36,6,1.0,0.0,0.0,18.0,5.0,6.0,1.0,9.0,5.0,1.0,3.0,0.0,0.0
EPL_2017,14/10/2017,37,0,2.0,1.0,0.0,11.0,9.0,2.0,6.0,2.0,5.0,1.0,0.0,0.0,0.0
EPL_2017,15/10/2017,8,13,1.0,1.0,1.0,12.0,13.0,3.0,6.0,7.0,1.0,4.0,1.0,0.0,0.0
EPL_2017,15/10/2017,32,25,2.0,2.0,1.0,12.0,19.0,2.0,5.0,3.0,8.0,1.0,2.0,0.0,0.0
EPL_2017,16/10/2017,19,38,1.0,1.0,1.0,11.0,5.0,3.0,1.0,4.0,1.0,2.0,2.0,0.0,0.0
EPL_2017,20/10/2017,39,8,0.0,3.0,2.0,16.0,7.0,2.0,5.0,10.0,3.0,1.0,0.0,0.0,0.0
EPL_2017,21/10/2017,11,37,4.0,2.0,0.0,14.0,16.0,8.0,5.0,6.0,6.0,2.0,3.0,0.0,0.0
EPL_2017,21/10/2017,15,23,2.0,1.0,0.0,5.0,9.0,3.0,3.0,4.0,7.0,4.0,2.0,0.0,0.0
EPL_2017,21/10/2017,22,9,3.0,0.0,0.0,15.0,6.0,10.0,0.0,4.0,5.0,2.0,3.0,0.0,0.0
EPL_2017,21/10/2017,25,12,1.0,0.0,0.0,7.0,10.0,3.0,0.0,3.0,5.0,4.0,2.0,0.0,0.0
EPL_2017,21/10/2017,32,38,1.0,0.0,0.0,20.0,7.0,6.0,2.0,8.0,3.0,0.0,1.0,0.0,0.0
EPL_2017,21/10/2017,33,6,1.0,2.0,2.0,10.0,7.0,2.0,3.0,8.0,3.0,0.0,1.0,0.0,0.0
EPL_2017,21/10/2017,35,19,1.0,2.0,2.0,19.0,11.0,4.0,6.0,7.0,6.0,0.0,1.0,0.0,0.0
EPL_2017,22/10/2017,13,0,2.0,5.0,2.0,8.0,30.0,3.0,14.0,0.0,7.0,1.0,1.0,1.0,0.0
EPL_2017,22/10/2017,36,20,4.0,1.0,0.0,14.0,12.0,6.0,7.0,3.0,5.0,0.0,1.0,0.0,0.0
EPL_2017,28/10/2017,0,35,2.0,1.0,0.0,17.0,4.0,5.0,2.0,5.0,2.0,0.0,0.0,0.0,0.0
EPL_2017,28/10/2017,6,11,0.0,1.0,2.0,7.0,18.0,1.0,5.0,5.0,5.0,2.0,0.0,0.0,0.0
EPL_2017,28/10/2017,12,39,2.0,2.0,1.0,19.0,6.0,9.0,2.0,11.0,2.0,1.0,2.0,0.0,0.0
EPL_2017,28/10/2017,20,15,3.0,0.0,0.0,16.0,1.0,8.0,0.0,9.0,2.0,0.0,1.0,0.0,0.0
EPL_2017,28/10/2017,23,36,1.0,0.0,0.0,11.0,13.0,3.0,4.0,6.0,3.0,1.0,0.0,0.0,0.0
EPL_2017,28/10/2017,37,33,0.0,1.0,2.0,13.0,6.0,0.0,2.0,8.0,1.0,4.0,4.0,0.0,0.0
EPL_2017,28/10/2017,38,22,2.0,3.0,2.0,6.0,15.0,4.0,5.0,1.0,2.0,2.0,3.0,0.0,0.0
EPL_2017,29/10/2017,8,32,1.0,1.0,1.0,7.0,6.0,2.0,1.0,2.0,7.0,3.0,1.0,0.0,0.0
EPL_2017,29/10/2017,19,13,2.0,0.0,0.0,9.0,16.0,3.0,2.0,3.0,10.0,0.0,2.0,0.0,0.0
EPL_2017,30/10/2017,9,25,1.0,0.0,0.0,12.0,12.0,5.0,5.0,5.0,3.0,3.0,0.0,0.0,0.0
EPL_2017,04/11/2017,15,38,1.0,0.0,0.0,7.0,9.0,3.0,3.0,3.0,5.0,1.0,4.0,1.0,0.0
EPL_2017,04/11/2017,25,6,0.0,1.0,2.0,16.0,16.0,4.0,6.0,11.0,9.0,2.0,2.0,0.0,0.0
EPL_2017,04/11/2017,32,9,0.0,1.0,2.0,13.0,5.0,3.0,1.0,9.0,1.0,0.0,0.0,0.0,0.0
EPL_2017,04/11/2017,33,19,2.0,2.0,1.0,11.0,14.0,7.0,4.0,4.0,10.0,0.0,0.0,0.0,0.0
EPL_2017,04/11/2017,35,8,0.0,1.0,2.0,12.0,5.0,2.0,2.0,8.0,7.0,2.0,1.0,0.0,0.0
EPL_2017,04/11/2017,39,20,1.0,4.0,2.0,6.0,15.0,1.0,7.0,2.0,3.0,3.0,0.0,0.0,0.0
EPL_2017,05/11/2017,11,23,1.0,0.0,0.0,18.0,10.0,8.0,2.0,4.0,7.0,1.0,3.0,0.0,0.0
EPL_2017,05/11/2017,13,37,3.0,2.0,0.0,10.0,11.0,5.0,3.0,2.0,5.0,0.0,2.0,0.0,0.0
EPL_2017,05/11/2017,22,0,3.0,1.0,0.0,9.0,6.0,5.0,3.0,5.0,5.0,1.0,6.0,0.0,0.0
EPL_2017,05/11/2017,36,12,1.0,0.0,0.0,12.0,11.0,2.0,3.0,10.0,9.0,0.0,2.0,0.0,0.0
EPL_2017,18/11/2017,0,36,2.0,0.0,0.0,14.0,14.0,5.0,4.0,7.0,4.0,4.0,1.0,0.0,0.0
EPL_2017,18/11/2017,6,15,4.0,0.0,0.0,11.0,20.0,5.0,3.0,8.0,11.0,3.0,2.0,1.0,0.0
EPL_2017,18/11/2017,9,35,2.0,0.0,0.0,16.0,13.0,7.0,1.0,8.0,6.0,1.0,1.0,0.0,0.0
EPL_2017,18/11/2017,12,13,2.0,2.0,1.0,16.0,8.0,7.0,5.0,9.0,4.0,2.0,3.0,0.0,0.0
EPL_2017,18/11/2017,19,22,0.0,2.0,2.0,2.0,12.0,0.0,4.0,1.0,7.0,1.0,1.0,0.0,0.0
EPL_2017,18/11/2017,20,32,3.0,0.0,0.0,21.0,5.0,8.0,0.0,10.0,2.0,1.0,1.0,0.0,0.0
EPL_2017,18/11/2017,23,25,4.0,1.0,0.0,16.0,12.0,7.0,5.0,11.0,4.0,1.0,1.0,0.0,0.0
EPL_2017,18/11/2017,38,11,0.0,4.0,2.0,7.0,11.0,2.0,7.0,3.0,4.0,2.0,3.0,0.0,0.0
EPL_2017,19/11/2017,37,39,2.0,0.0,0.0,17.0,10.0,7.0,6.0,3.0,1.0,1.0,4.0,0.0,0.0
EPL_2017,20/11/2017,8,33,2.0,2.0,1.0,9.0,13.0,3.0,6.0,6.0,7.0,1.0,0.0,0.0,0.0
EPL_2017,24/11/2017,39,19,1.0,1.0,1.0,8.0,7.0,4.0,2.0,5.0,5.0,1.0,1.0,0.0,0.0
EPL_2017,25/11/2017,12,33,2.0,1.0,0.0,10.0,9.0,5.0,3.0,5.0,2.0,1.0,1.0,0.0,0.0
EPL_2017,25/11/2017,20,11,1.0,1.0,1.0,16.0,11.0,4.0,3.0,7.0,8.0,0.0,0.0,0.0,0.0
EPL_2017,25/11/2017,23,8,1.0,0.0,0.0,15.0,8.0,4.0,2.0,5.0,0.0,0.0,2.0,0.0,0.0
EPL_2017,25/11/2017,25,37,0.0,3.0,2.0,12.0,12.0,2.0,4.0,6.0,3.0,1.0,2.0,0.0,0.0
EPL_2017,25/11/2017,35,6,0.0,0.0,1.0,10.0,9.0,1.0,5.0,4.0,5.0,4.0,2.0,0.0,0.0
EPL_2017,25/11/2017,36,38,1.0,1.0,1.0,24.0,5.0,5.0,2.0,8.0,0.0,1.0,4.0,0.0,0.0
EPL_2017,26/11/2017,9,0,0.0,1.0,2.0,8.0,17.0,2.0,2.0,5.0,5.0,2.0,0.0,0.0,0.0
EPL_2017,26/11/2017,15,22,1.0,2.0,2.0,4.0,14.0,0.0,5.0,3.0,7.0,2.0,3.0,1.0,0.0
EPL_2017,26/11/2017,32,13,4.0,1.0,0.0,17.0,5.0,5.0,2.0,7.0,2.0,0.0,0.0,0.0,0.0
EPL_2017,28/11/2017,8,12,0.0,0.0,1.0,10.0,10.0,4.0,4.0,10.0,5.0,2.0,0.0,0.0,0.0
EPL_2017,28/11/2017,19,36,2.0,1.0,0.0,7.0,18.0,4.0,6.0,4.0,9.0,1.0,2.0,0.0,0.0
EPL_2017,28/11/2017,37,23,2.0,4.0,2.0,12.0,15.0,3.0,7.0,5.0,5.0,2.0,1.0,0.0,0.0
EPL_2017,28/11/2017,38,25,2.0,2.0,1.0,8.0,14.0,4.0,4.0,1.0,6.0,0.0,0.0,0.0,0.0
EPL_2017,29/11/2017,0,15,5.0,0.0,0.0,21.0,7.0,7.0,2.0,7.0,2.0,0.0,1.0,0.0,0.0
EPL_2017,29/11/2017,6,9,1.0,2.0,2.0,10.0,10.0,2.0,4.0,4.0,6.0,0.0,1.0,0.0,0.0
EPL_2017,29/11/2017,11,35,1.0,0.0,0.0,21.0,2.0,10.0,0.0,15.0,1.0,1.0,0.0,0.0,0.0
EPL_2017,29/11/2017,13,39,4.0,0.0,0.0,8.0,7.0,5.0,3.0,2.0,6.0,2.0,1.0,0.0,0.0
EPL_2017,29/11/2017,22,32,2.0,1.0,0.0,26.0,7.0,12.0,2.0,6.0,5.0,1.0,1.0,0.0,0.0
EPL_2017,29/11/2017,33,20,0.0,3.0,2.0,10.0,14.0,1.0,7.0,5.0,9.0,1.0,5.0,0.0,0.0
EPL_2017,02/12/2017,0,23,1.0,3.0,2.0,33.0,8.0,15.0,4.0,12.0,1.0,3.0,2.0,0.0,1.0
EPL_2017,02/12/2017,8,20,1.0,5.0,2.0,6.0,12.0,2.0,6.0,2.0,2.0,1.0,0.0,0.0,0.0
EPL_2017,02/12/2017,11,25,3.0,1.0,0.0,23.0,8.0,9.0,2.0,11.0,4.0,0.0,1.0,0.0,0.0
EPL_2017,02/12/2017,13,15,2.0,0.0,0.0,6.0,5.0,4.0,3.0,2.0,5.0,2.0,1.0,0.0,0.0
EPL_2017,02/12/2017,19,9,1.0,0.0,0.0,16.0,14.0,3.0,4.0,10.0,7.0,0.0,2.0,0.0,0.0
EPL_2017,02/12/2017,33,35,2.0,1.0,0.0,10.0,10.0,3.0,3.0,2.0,6.0,2.0,0.0,0.0,0.0
EPL_2017,02/12/2017,37,36,1.0,1.0,1.0,6.0,8.0,2.0,2.0,7.0,2.0,4.0,1.0,0.0,1.0
EPL_2017,02/12/2017,38,12,0.0,0.0,1.0,20.0,10.0,6.0,2.0,3.0,7.0,3.0,1.0,0.0,0.0
EPL_2017,03/12/2017,6,32,1.0,1.0,1.0,16.0,15.0,5.0,4.0,5.0,4.0,2.0,1.0,0.0,0.0
EPL_2017,03/12/2017,22,39,2.0,1.0,0.0,24.0,7.0,8.0,4.0,10.0,4.0,2.0,2.0,0.0,0.0
EPL_2017,09/12/2017,9,37,1.0,0.0,0.0,8.0,11.0,5.0,2.0,3.0,5.0,1.0,0.0,0.0,1.0
EPL_2017,09/12/2017,12,6,2.0,2.0,1.0,24.0,11.0,8.0,5.0,6.0,3.0,5.0,2.0,0.0,0.0
EPL_2017,09/12/2017,15,8,2.0,0.0,0.0,19.0,7.0,6.0,2.0,8.0,1.0,0.0,0.0,0.0,0.0
EPL_2017,09/12/2017,25,19,2.0,3.0,2.0,10.0,13.0,4.0,5.0,6.0,5.0,2.0,1.0,0.0,0.0
EPL_2017,09/12/2017,35,38,1.0,0.0,0.0,18.0,7.0,3.0,1.0,6.0,3.0,2.0,5.0,0.0,0.0
EPL_2017,09/12/2017,36,33,5.0,1.0,0.0,20.0,4.0,11.0,3.0,12.0,6.0,1.0,0.0,0.0,0.0
EPL_2017,09/12/2017,39,11,1.0,0.0,0.0,5.0,19.0,2.0,2.0,4.0,3.0,6.0,1.0,0.0,0.0
EPL_2017,10/12/2017,20,13,1.0,1.0,1.0,23.0,3.0,3.0,2.0,12.0,1.0,1.0,3.0,0.0,0.0
EPL_2017,10/12/2017,23,22,1.0,2.0,2.0,8.0,14.0,5.0,7.0,2.0,8.0,4.0,2.0,0.0,0.0
EPL_2017,10/12/2017,32,0,1.0,1.0,1.0,6.0,11.0,3.0,6.0,4.0,5.0,2.0,2.0,0.0,0.0
EPL_2017,12/12/2017,9,33,1.0,0.0,0.0,10.0,14.0,2.0,7.0,6.0,4.0,0.0,0.0,0.0,0.0
EPL_2017,12/12/2017,12,37,2.0,1.0,0.0,14.0,7.0,4.0,2.0,4.0,6.0,2.0,1.0,0.0,1.0
EPL_2017,12/12/2017,15,11,1.0,3.0,2.0,7.0,12.0,2.0,5.0,1.0,3.0,0.0,0.0,0.0,0.0
EPL_2017,13/12/2017,20,38,0.0,0.0,1.0,14.0,6.0,5.0,1.0,5.0,7.0,1.0,0.0,0.0,0.0
EPL_2017,13/12/2017,23,6,1.0,0.0,0.0,9.0,14.0,2.0,7.0,4.0,9.0,1.0,2.0,0.0,0.0
EPL_2017,13/12/2017,25,13,0.0,1.0,2.0,16.0,7.0,4.0,4.0,4.0,1.0,1.0,2.0,1.0,0.0
EPL_2017,13/12/2017,32,19,1.0,4.0,2.0,12.0,16.0,4.0,11.0,9.0,9.0,1.0,0.0,0.0,0.0
EPL_2017,13/12/2017,35,22,0.0,4.0,2.0,7.0,23.0,3.0,10.0,2.0,5.0,0.0,0.0,0.0,0.0
EPL_2017,13/12/2017,36,8,2.0,0.0,0.0,25.0,7.0,8.0,4.0,10.0,2.0,1.0,1.0,0.0,0.0
EPL_2017,13/12/2017,39,0,0.0,0.0,1.0,6.0,22.0,0.0,3.0,1.0,7.0,1.0,0.0,0.0,0.0
EPL_2017,16/12/2017,0,25,1.0,0.0,0.0,23.0,10.0,5.0,2.0,7.0,5.0,2.0,1.0,0.0,0.0
EPL_2017,16/12/2017,8,9,0.0,0.0,1.0,12.0,11.0,2.0,6.0,8.0,2.0,4.0,2.0,0.0,0.0
EPL_2017,16/12/2017,11,32,1.0,0.0,0.0,24.0,6.0,8.0,2.0,8.0,4.0,1.0,3.0,0.0,0.0
EPL_2017,16/12/2017,19,12,0.0,3.0,2.0,11.0,13.0,2.0,6.0,6.0,4.0,2.0,2.0,1.0,0.0
EPL_2017,16/12/2017,22,36,4.0,1.0,0.0,20.0,7.0,11.0,2.0,5.0,1.0,2.0,4.0,0.0,0.0
EPL_2017,16/12/2017,33,39,0.0,3.0,2.0,17.0,14.0,0.0,7.0,7.0,9.0,2.0,1.0,0.0,0.0
EPL_2017,16/12/2017,37,15,1.0,4.0,2.0,13.0,15.0,3.0,9.0,8.0,7.0,2.0,1.0,1.0,1.0
EPL_2017,17/12/2017,6,20,0.0,4.0,2.0,6.0,21.0,2.0,7.0,2.0,3.0,1.0,1.0,0.0,0.0
EPL_2017,17/12/2017,38,23,1.0,2.0,2.0,12.0,8.0,5.0,3.0,6.0,3.0,1.0,3.0,0.0,0.0
EPL_2017,18/12/2017,13,35,3.0,1.0,0.0,12.0,8.0,7.0,3.0,6.0,3.0,2.0,3.0,0.0,0.0
EPL_2017,22/12/2017,0,20,3.0,3.0,1.0,11.0,14.0,4.0,9.0,7.0,8.0,1.0,0.0,0.0,0.0
EPL_2017,23/12/2017,8,37,1.0,0.0,0.0,14.0,13.0,3.0,1.0,6.0,4.0,0.0,0.0,0.0,0.0
EPL_2017,23/12/2017,9,36,0.0,3.0,2.0,5.0,18.0,2.0,8.0,4.0,4.0,1.0,2.0,0.0,0.0
EPL_2017,23/12/2017,13,11,0.0,0.0,1.0,5.0,25.0,0.0,8.0,2.0,7.0,3.0,0.0,0.0,0.0
EPL_2017,23/12/2017,19,23,2.0,2.0,1.0,11.0,19.0,3.0,6.0,4.0,6.0,2.0,2.0,1.0,0.0
EPL_2017,23/12/2017,22,6,4.0,0.0,0.0,14.0,5.0,5.0,1.0,4.0,6.0,0.0,1.0,0.0,0.0
EPL_2017,23/12/2017,32,15,1.0,1.0,1.0,12.0,10.0,6.0,3.0,9.0,1.0,2.0,1.0,0.0,0.0
EPL_2017,23/12/2017,33,38,3.0,1.0,0.0,9.0,17.0,5.0,7.0,1.0,11.0,1.0,0.0,0.0,0.0
EPL_2017,23/12/2017,35,12,1.0,1.0,1.0,7.0,13.0,2.0,5.0,6.0,3.0,2.0,3.0,0.0,0.0
EPL_2017,23/12/2017,39,25,2.0,3.0,2.0,19.0,11.0,6.0,4.0,6.0,3.0,1.0,1.0,0.0,0.0
EPL_2017,26/12/2017,6,39,3.0,3.0,1.0,26.0,10.0,10.0,5.0,7.0,4.0,3.0,4.0,0.0,0.0
EPL_2017,26/12/2017,11,8,2.0,0.0,0.0,25.0,8.0,8.0,1.0,13.0,1.0,0.0,1.0,0.0,0.0
EPL_2017,26/12/2017,15,33,1.0,1.0,1.0,18.0,15.0,8.0,7.0,8.0,5.0,2.0,4.0,0.0,0.0
EPL_2017,26/12/2017,20,35,5.0,0.0,0.0,22.0,7.0,9.0,4.0,4.0,2.0,0.0,1.0,0.0,0.0
EPL_2017,26/12/2017,23,9,2.0,2.0,1.0,23.0,3.0,6.0,2.0,12.0,2.0,3.0,7.0,0.0,0.0
EPL_2017,26/12/2017,36,32,5.0,2.0,0.0,16.0,16.0,7.0,6.0,3.0,8.0,0.0,2.0,0.0,0.0
EPL_2017,26/12/2017,37,19,2.0,1.0,0.0,11.0,11.0,1.0,5.0,8.0,8.0,3.0,3.0,0.0,0.0
EPL_2017,26/12/2017,38,13,0.0,0.0,1.0,17.0,7.0,3.0,3.0,10.0,2.0,2.0,0.0,0.0,0.0
EPL_2017,27/12/2017,25,22,0.0,1.0,2.0,6.0,22.0,2.0,6.0,3.0,8.0,1.0,0.0,0.0,0.0
EPL_2017,28/12/2017,12,0,2.0,3.0,2.0,16.0,16.0,2.0,9.0,5.0,4.0,0.0,1.0,0.0,0.0
EPL_2017,30/12/2017,6,13,2.0,1.0,0.0,19.0,6.0,7.0,1.0,4.0,4.0,0.0,0.0,0.0,0.0
EPL_2017,30/12/2017,11,33,5.0,0.0,0.0,21.0,1.0,12.0,1.0,7.0,0.0,1.0,1.0,0.0,0.0
EPL_2017,30/12/2017,15,9,0.0,0.0,1.0,3.0,11.0,1.0,4.0,5.0,4.0,2.0,1.0,0.0,0.0
EPL_2017,30/12/2017,20,19,2.0,1.0,0.0,17.0,7.0,6.0,1.0,7.0,1.0,3.0,2.0,0.0,0.0
EPL_2017,30/12/2017,23,32,0.0,0.0,1.0,15.0,8.0,3.0,3.0,10.0,7.0,2.0,4.0,0.0,0.0
EPL_2017,30/12/2017,25,8,0.0,0.0,1.0,11.0,10.0,2.0,3.0,3.0,6.0,2.0,2.0,0.0,0.0
EPL_2017,30/12/2017,37,35,1.0,2.0,2.0,9.0,9.0,4.0,4.0,1.0,8.0,4.0,2.0,0.0,0.0
EPL_2017,31/12/2017,12,22,0.0,0.0,1.0,10.0,15.0,1.0,4.0,7.0,8.0,5.0,4.0,0.0,0.0
EPL_2017,31/12/2017,38,0,1.0,1.0,1.0,14.0,14.0,3.0,4.0,5.0,6.0,3.0,3.0,0.0,0.0
EPL_2017,01/01/2018,8,6,2.0,2.0,1.0,15.0,26.0,6.0,8.0,5.0,12.0,2.0,1.0,0.0,0.0
EPL_2017,01/01/2018,9,20,1.0,2.0,2.0,13.0,19.0,4.0,5.0,3.0,9.0,0.0,0.0,0.0,0.0
EPL_2017,01/01/2018,13,23,0.0,2.0,2.0,12.0,21.0,0.0,6.0,6.0,6.0,2.0,0.0,0.0,0.0
EPL_2017,01/01/2018,19,15,3.0,0.0,0.0,11.0,6.0,5.0,1.0,4.0,1.0,1.0,1.0,0.0,0.0
EPL_2017,01/01/2018,33,25,0.0,1.0,2.0,11.0,14.0,4.0,6.0,10.0,5.0,3.0,1.0,0.0,0.0
EPL_2017,02/01/2018,22,37,3.0,1.0,0.0,17.0,7.0,7.0,4.0,9.0,1.0,1.0,1.0,0.0,0.0
EPL_2017,02/01/2018,32,12,1.0,2.0,2.0,10.0,11.0,3.0,4.0,4.0,7.0,0.0,1.0,0.0,0.0
EPL_2017,02/01/2018,35,36,0.0,2.0,2.0,8.0,12.0,1.0,5.0,6.0,5.0,2.0,2.0,0.0,0.0
EPL_2017,02/01/2018,39,38,2.0,1.0,0.0,13.0,10.0,5.0,3.0,3.0,4.0,3.0,2.0,0.0,0.0
EPL_2017,03/01/2018,0,11,2.0,2.0,1.0,14.0,19.0,6.0,6.0,10.0,8.0,3.0,2.0,0.0,0.0
EPL_2017,04/01/2018,36,39,1.0,1.0,1.0,31.0,3.0,8.0,1.0,7.0,1.0,0.0,2.0,0.0,0.0
EPL_2017,13/01/2018,11,19,0.0,0.0,1.0,17.0,14.0,7.0,1.0,6.0,3.0,2.0,2.0,0.0,1.0
EPL_2017,13/01/2018,12,9,1.0,0.0,0.0,17.0,8.0,2.0,2.0,3.0,2.0,0.0,3.0,0.0,0.0
EPL_2017,13/01/2018,15,39,1.0,4.0,2.0,8.0,8.0,2.0,6.0,7.0,3.0,1.0,1.0,0.0,0.0
EPL_2017,13/01/2018,25,35,1.0,1.0,1.0,12.0,8.0,4.0,5.0,4.0,5.0,0.0,3.0,0.0,0.0
EPL_2017,13/01/2018,36,13,4.0,0.0,0.0,20.0,7.0,10.0,0.0,3.0,3.0,0.0,2.0,0.0,0.0
EPL_2017,13/01/2018,37,32,2.0,2.0,1.0,16.0,10.0,4.0,4.0,5.0,4.0,0.0,5.0,0.0,0.0
EPL_2017,13/01/2018,38,8,2.0,0.0,0.0,15.0,13.0,4.0,1.0,9.0,6.0,0.0,0.0,0.0,0.0
EPL_2017,14/01/2018,6,0,2.0,1.0,0.0,13.0,12.0,5.0,3.0,4.0,5.0,2.0,2.0,0.0,0.0
EPL_2017,14/01/2018,20,22,4.0,3.0,0.0,16.0,11.0,7.0,4.0,5.0,6.0,2.0,3.0,0.0,0.0
EPL_2017,15/01/2018,23,33,3.0,0.0,0.0,20.0,11.0,9.0,5.0,6.0,1.0,2.0,1.0,0.0,0.0
EPL_2017,20/01/2018,0,12,4.0,1.0,0.0,16.0,9.0,10.0,5.0,5.0,10.0,0.0,0.0,0.0,0.0
EPL_2017,20/01/2018,8,11,0.0,4.0,2.0,10.0,14.0,3.0,10.0,5.0,3.0,3.0,0.0,0.0,0.0
EPL_2017,20/01/2018,9,23,0.0,1.0,2.0,13.0,12.0,2.0,2.0,5.0,4.0,3.0,3.0,0.0,0.0
EPL_2017,20/01/2018,13,38,1.0,1.0,1.0,9.0,15.0,4.0,5.0,0.0,3.0,2.0,1.0,0.0,0.0
EPL_2017,20/01/2018,19,37,2.0,0.0,0.0,9.0,11.0,5.0,3.0,4.0,5.0,0.0,0.0,0.0,0.0
EPL_2017,20/01/2018,22,25,3.0,1.0,0.0,21.0,6.0,9.0,4.0,18.0,0.0,0.0,1.0,0.0,0.0
EPL_2017,20/01/2018,33,15,2.0,0.0,0.0,11.0,6.0,6.0,3.0,3.0,2.0,1.0,1.0,0.0,0.0
EPL_2017,20/01/2018,39,6,1.0,1.0,1.0,12.0,8.0,4.0,3.0,6.0,3.0,3.0,1.0,0.0,0.0
EPL_2017,21/01/2018,32,36,1.0,1.0,1.0,10.0,17.0,4.0,2.0,2.0,9.0,2.0,3.0,0.0,0.0
EPL_2017,22/01/2018,35,20,1.0,0.0,0.0,3.0,21.0,2.0,4.0,3.0,9.0,0.0,2.0,0.0,0.0
EPL_2017,30/01/2018,15,20,0.0,3.0,2.0,5.0,14.0,1.0,7.0,1.0,4.0,0.0,0.0,0.0,0.0
EPL_2017,30/01/2018,35,0,3.0,1.0,0.0,12.0,9.0,4.0,4.0,4.0,3.0,0.0,3.0,0.0,0.0
EPL_2017,30/01/2018,39,12,1.0,1.0,1.0,8.0,9.0,3.0,3.0,5.0,3.0,1.0,3.0,0.0,0.0
EPL_2017,31/01/2018,11,6,0.0,3.0,2.0,21.0,11.0,5.0,5.0,8.0,5.0,1.0,0.0,0.0,0.0
EPL_2017,31/01/2018,13,19,2.0,1.0,0.0,9.0,8.0,4.0,1.0,5.0,5.0,0.0,2.0,0.0,0.0
EPL_2017,31/01/2018,22,38,3.0,0.0,0.0,19.0,3.0,10.0,1.0,9.0,1.0,1.0,3.0,0.0,0.0
EPL_2017,31/01/2018,25,9,1.0,1.0,1.0,14.0,11.0,4.0,2.0,7.0,4.0,1.0,2.0,0.0,0.0
EPL_2017,31/01/2018,32,8,1.0,1.0,1.0,18.0,9.0,3.0,2.0,7.0,2.0,3.0,1.0,0.0,0.0
EPL_2017,31/01/2018,33,37,0.0,0.0,1.0,11.0,12.0,4.0,2.0,2.0,6.0,4.0,3.0,0.0,0.0
EPL_2017,31/01/2018,36,23,2.0,0.0,0.0,22.0,6.0,6.0,3.0,6.0,3.0,2.0,2.0,0.0,0.0
EPL_2017,03/02/2018,0,13,5.0,1.0,0.0,15.0,11.0,7.0,2.0,4.0,6.0,2.0,0.0,0.0,0.0
EPL_2017,03/02/2018,6,33,2.0,1.0,0.0,15.0,13.0,8.0,4.0,8.0,1.0,2.0,3.0,0.0,0.0
EPL_2017,03/02/2018,8,39,3.0,1.0,0.0,21.0,4.0,5.0,1.0,4.0,1.0,3.0,1.0,0.0,0.0
EPL_2017,03/02/2018,9,22,1.0,1.0,1.0,8.0,20.0,3.0,7.0,3.0,13.0,4.0,1.0,0.0,0.0
EPL_2017,03/02/2018,19,35,1.0,1.0,1.0,13.0,3.0,5.0,1.0,3.0,3.0,1.0,0.0,0.0,0.0
EPL_2017,03/02/2018,23,15,2.0,0.0,0.0,16.0,4.0,7.0,0.0,5.0,2.0,2.0,4.0,0.0,0.0
EPL_2017,03/02/2018,38,32,2.0,3.0,2.0,9.0,13.0,3.0,5.0,5.0,7.0,2.0,1.0,0.0,0.0
EPL_2017,04/02/2018,12,25,1.0,1.0,1.0,21.0,11.0,6.0,8.0,5.0,6.0,1.0,1.0,0.0,0.0
EPL_2017,04/02/2018,20,36,2.0,2.0,1.0,9.0,13.0,3.0,6.0,3.0,7.0,3.0,1.0,0.0,0.0
EPL_2017,05/02/2018,37,11,4.0,1.0,0.0,21.0,7.0,8.0,3.0,6.0,2.0,2.0,2.0,0.0,1.0
EPL_2017,10/02/2018,13,12,3.0,1.0,0.0,11.0,16.0,5.0,4.0,8.0,7.0,1.0,1.0,0.0,0.0
EPL_2017,10/02/2018,22,19,5.0,1.0,0.0,19.0,2.0,11.0,2.0,8.0,2.0,2.0,3.0,0.0,0.0
EPL_2017,10/02/2018,33,8,1.0,1.0,1.0,15.0,14.0,3.0,6.0,7.0,4.0,0.0,0.0,0.0,0.0
EPL_2017,10/02/2018,35,9,1.0,0.0,0.0,12.0,13.0,4.0,1.0,5.0,2.0,2.0,1.0,0.0,0.0
EPL_2017,10/02/2018,36,0,1.0,0.0,0.0,18.0,6.0,6.0,1.0,10.0,2.0,2.0,1.0,0.0,0.0
EPL_2017,10/02/2018,39,37,2.0,0.0,0.0,8.0,11.0,4.0,4.0,8.0,7.0,1.0,1.0,0.0,0.0
EPL_2017,11/02/2018,15,6,4.0,1.0,0.0,15.0,7.0,4.0,2.0,2.0,6.0,0.0,3.0,0.0,0.0
EPL_2017,11/02/2018,25,23,1.0,0.0,0.0,10.0,13.0,3.0,6.0,0.0,10.0,0.0,2.0,0.0,0.0
EPL_2017,11/02/2018,32,20,0.0,2.0,2.0,6.0,16.0,4.0,4.0,3.0,1.0,1.0,2.0,0.0,0.0
EPL_2017,12/02/2018,11,38,3.0,0.0,0.0,20.0,8.0,8.0,1.0,8.0,7.0,0.0,2.0,0.0,0.0
EPL_2017,24/02/2018,6,25,2.0,2.0,1.0,18.0,15.0,5.0,4.0,8.0,1.0,1.0,4.0,0.0,0.0
EPL_2017,24/02/2018,8,35,4.0,1.0,0.0,16.0,11.0,5.0,1.0,3.0,5.0,1.0,0.0,0.0,0.0
EPL_2017,24/02/2018,9,32,1.0,1.0,1.0,9.0,13.0,3.0,6.0,7.0,5.0,1.0,0.0,0.0,0.0
EPL_2017,24/02/2018,19,33,1.0,1.0,1.0,19.0,6.0,9.0,2.0,13.0,1.0,1.0,3.0,0.0,0.0
EPL_2017,24/02/2018,20,39,4.0,1.0,0.0,21.0,7.0,12.0,4.0,8.0,2.0,0.0,2.0,0.0,0.0
EPL_2017,24/02/2018,37,13,1.0,0.0,0.0,13.0,7.0,5.0,2.0,6.0,5.0,3.0,1.0,0.0,0.0
EPL_2017,24/02/2018,38,15,1.0,2.0,2.0,10.0,16.0,3.0,7.0,6.0,3.0,1.0,1.0,0.0,0.0
EPL_2017,25/02/2018,12,36,0.0,1.0,2.0,5.0,14.0,3.0,4.0,2.0,13.0,0.0,1.0,0.0,0.0
EPL_2017,25/02/2018,23,11,2.0,1.0,0.0,10.0,14.0,5.0,7.0,3.0,4.0,2.0,2.0,0.0,0.0
EPL_2017,01/03/2018,0,22,0.0,3.0,2.0,10.0,9.0,5.0,5.0,6.0,1.0,1.0,1.0,0.0,0.0
EPL_2017,03/03/2018,9,13,2.0,1.0,0.0,21.0,10.0,8.0,4.0,10.0,4.0,1.0,1.0,0.0,1.0
EPL_2017,03/03/2018,19,6,1.0,1.0,1.0,23.0,8.0,4.0,3.0,13.0,1.0,2.0,1.0,0.0,0.0
EPL_2017,03/03/2018,20,25,2.0,0.0,0.0,14.0,7.0,3.0,2.0,8.0,3.0,0.0,0.0,0.0,0.0
EPL_2017,03/03/2018,32,33,0.0,0.0,1.0,18.0,12.0,6.0,3.0,15.0,4.0,0.0,1.0,0.0,0.0
EPL_2017,03/03/2018,35,39,4.0,1.0,0.0,9.0,7.0,8.0,2.0,4.0,5.0,0.0,3.0,0.0,0.0
EPL_2017,03/03/2018,36,15,2.0,0.0,0.0,15.0,3.0,7.0,3.0,8.0,1.0,1.0,1.0,0.0,0.0
EPL_2017,03/03/2018,37,38,1.0,0.0,0.0,15.0,9.0,4.0,2.0,4.0,6.0,2.0,0.0,0.0,0.0
EPL_2017,04/03/2018,8,0,2.0,1.0,0.0,13.0,15.0,6.0,7.0,6.0,11.0,3.0,3.0,0.0,0.0
EPL_2017,04/03/2018,22,11,1.0,0.0,0.0,13.0,3.0,3.0,0.0,5.0,2.0,2.0,1.0,0.0,0.0
EPL_2017,05/03/2018,12,23,2.0,3.0,2.0,10.0,17.0,4.0,8.0,3.0,7.0,1.0,3.0,0.0,0.0
EPL_2017,10/03/2018,11,12,2.0,1.0,0.0,27.0,9.0,11.0,2.0,12.0,3.0,1.0,2.0,0.0,0.0
EPL_2017,10/03/2018,13,8,2.0,0.0,0.0,13.0,10.0,3.0,4.0,10.0,3.0,0.0,1.0,0.0,1.0
EPL_2017,10/03/2018,15,35,0.0,0.0,1.0,30.0,0.0,4.0,0.0,12.0,0.0,2.0,3.0,0.0,1.0
EPL_2017,10/03/2018,23,20,2.0,1.0,0.0,5.0,14.0,2.0,2.0,1.0,13.0,2.0,1.0,0.0,0.0
EPL_2017,10/03/2018,25,32,3.0,0.0,0.0,7.0,6.0,5.0,2.0,2.0,6.0,0.0,2.0,0.0,0.0
EPL_2017,10/03/2018,38,19,1.0,4.0,2.0,6.0,14.0,2.0,6.0,7.0,6.0,1.0,3.0,0.0,0.0
EPL_2017,10/03/2018,39,9,0.0,3.0,2.0,13.0,7.0,4.0,4.0,5.0,1.0,2.0,2.0,0.0,0.0
EPL_2017,11/03/2018,0,37,3.0,0.0,0.0,11.0,11.0,7.0,4.0,4.0,9.0,2.0,1.0,0.0,0.0
EPL_2017,11/03/2018,6,36,1.0,4.0,2.0,14.0,12.0,3.0,8.0,4.0,5.0,1.0,1.0,0.0,0.0
EPL_2017,12/03/2018,33,22,0.0,2.0,2.0,3.0,17.0,0.0,6.0,3.0,10.0,1.0,0.0,0.0,0.0
EPL_2017,17/03/2018,6,38,2.0,1.0,0.0,17.0,11.0,5.0,6.0,3.0,2.0,1.0,2.0,0.0,0.0
EPL_2017,17/03/2018,15,12,0.0,2.0,2.0,6.0,17.0,2.0,6.0,4.0,7.0,3.0,2.0,0.0,0.0
EPL_2017,17/03/2018,20,37,5.0,0.0,0.0,13.0,4.0,10.0,1.0,6.0,1.0,1.0,0.0,0.0,0.0
EPL_2017,17/03/2018,33,13,1.0,2.0,2.0,9.0,17.0,4.0,9.0,1.0,9.0,1.0,1.0,1.0,0.0
EPL_2017,31/03/2018,8,19,0.0,2.0,2.0,15.0,6.0,3.0,4.0,6.0,1.0,2.0,4.0,0.0,1.0
EPL_2017,31/03/2018,12,20,1.0,2.0,2.0,6.0,16.0,3.0,6.0,4.0,6.0,2.0,2.0,0.0,0.0
EPL_2017,31/03/2018,13,22,1.0,3.0,2.0,6.0,18.0,2.0,4.0,2.0,11.0,0.0,0.0,0.0,0.0
EPL_2017,31/03/2018,23,35,2.0,0.0,0.0,11.0,3.0,5.0,2.0,3.0,3.0,0.0,0.0,0.0,0.0
EPL_2017,31/03/2018,25,15,1.0,0.0,0.0,18.0,4.0,3.0,0.0,3.0,3.0,1.0,4.0,0.0,0.0
EPL_2017,31/03/2018,37,6,2.0,2.0,1.0,16.0,13.0,5.0,6.0,7.0,4.0,4.0,0.0,0.0,0.0
EPL_2017,31/03/2018,38,9,1.0,2.0,2.0,8.0,11.0,3.0,4.0,1.0,6.0,1.0,3.0,0.0,0.0
EPL_2017,31/03/2018,39,32,3.0,0.0,0.0,13.0,9.0,5.0,0.0,5.0,9.0,0.0,3.0,0.0,0.0
EPL_2017,01/04/2018,0,33,3.0,0.0,0.0,24.0,8.0,11.0,2.0,6.0,5.0,1.0,2.0,0.0,0.0
EPL_2017,01/04/2018,11,36,1.0,3.0,2.0,14.0,12.0,4.0,7.0,5.0,5.0,0.0,1.0,0.0,0.0
EPL_2017,07/04/2018,6,12,2.0,2.0,1.0,20.0,13.0,5.0,6.0,11.0,3.0,2.0,2.0,0.0,0.0
EPL_2017,07/04/2018,8,15,1.0,1.0,1.0,13.0,14.0,4.0,5.0,5.0,3.0,1.0,0.0,1.0,0.0
EPL_2017,07/04/2018,13,20,0.0,0.0,1.0,6.0,10.0,1.0,3.0,3.0,2.0,0.0,0.0,0.0,0.0
EPL_2017,07/04/2018,19,25,1.0,2.0,2.0,8.0,8.0,1.0,4.0,7.0,5.0,1.0,3.0,0.0,0.0
EPL_2017,07/04/2018,22,23,2.0,3.0,2.0,20.0,5.0,6.0,4.0,8.0,4.0,6.0,3.0,0.0,0.0
EPL_2017,07/04/2018,33,36,1.0,2.0,2.0,10.0,15.0,4.0,4.0,6.0,3.0,4.0,3.0,0.0,0.0
EPL_2017,07/04/2018,37,9,1.0,2.0,2.0,14.0,7.0,5.0,4.0,11.0,1.0,2.0,2.0,0.0,0.0
EPL_2017,07/04/2018,38,35,1.0,1.0,1.0,15.0,7.0,3.0,1.0,5.0,1.0,3.0,2.0,0.0,0.0
EPL_2017,08/04/2018,0,32,3.0,2.0,0.0,13.0,15.0,7.0,8.0,8.0,6.0,2.0,1.0,1.0,1.0
EPL_2017,08/04/2018,11,39,1.0,1.0,1.0,23.0,5.0,6.0,2.0,10.0,6.0,0.0,1.0,0.0,0.0
EPL_2017,14/04/2018,9,19,2.0,1.0,0.0,8.0,15.0,3.0,6.0,4.0,8.0,2.0,1.0,0.0,0.0
EPL_2017,14/04/2018,12,8,3.0,2.0,0.0,15.0,12.0,8.0,3.0,5.0,6.0,3.0,2.0,0.0,0.0
EPL_2017,14/04/2018,15,37,1.0,0.0,0.0,9.0,4.0,1.0,2.0,9.0,6.0,2.0,2.0,0.0,0.0
EPL_2017,14/04/2018,20,6,3.0,0.0,0.0,20.0,6.0,7.0,1.0,7.0,5.0,1.0,1.0,0.0,0.0
EPL_2017,14/04/2018,32,11,2.0,3.0,2.0,10.0,17.0,7.0,5.0,4.0,7.0,5.0,3.0,0.0,0.0
EPL_2017,14/04/2018,35,13,1.0,1.0,1.0,17.0,12.0,7.0,3.0,6.0,3.0,1.0,1.0,0.0,0.0
EPL_2017,14/04/2018,36,22,1.0,3.0,2.0,8.0,17.0,3.0,6.0,5.0,7.0,3.0,4.0,0.0,0.0
EPL_2017,15/04/2018,23,38,0.0,1.0,2.0,14.0,10.0,4.0,4.0,4.0,4.0,1.0,1.0,0.0,0.0
EPL_2017,15/04/2018,25,0,2.0,1.0,0.0,8.0,15.0,4.0,3.0,2.0,5.0,1.0,0.0,0.0,0.0
EPL_2017,16/04/2018,39,33,1.0,1.0,1.0,18.0,11.0,6.0,7.0,10.0,1.0,2.0,3.0,0.0,0.0
EPL_2017,17/04/2018,8,36,1.0,1.0,1.0,8.0,16.0,5.0,6.0,3.0,4.0,1.0,0.0,0.0,0.0
EPL_2017,18/04/2018,6,23,0.0,2.0,2.0,13.0,13.0,2.0,4.0,8.0,5.0,3.0,1.0,0.0,0.0
EPL_2017,19/04/2018,9,11,1.0,2.0,2.0,5.0,16.0,2.0,5.0,3.0,2.0,1.0,0.0,0.0,0.0
EPL_2017,19/04/2018,19,32,0.0,0.0,1.0,11.0,6.0,3.0,2.0,11.0,3.0,0.0,0.0,0.0,0.0
EPL_2017,21/04/2018,37,12,0.0,0.0,1.0,14.0,6.0,4.0,1.0,4.0,3.0,3.0,5.0,0.0,0.0
EPL_2017,21/04/2018,38,20,2.0,2.0,1.0,13.0,9.0,6.0,3.0,7.0,4.0,0.0,1.0,0.0,0.0
EPL_2017,22/04/2018,0,39,4.0,1.0,0.0,20.0,11.0,8.0,4.0,8.0,6.0,3.0,2.0,0.0,0.0
EPL_2017,22/04/2018,22,35,5.0,0.0,0.0,19.0,4.0,12.0,1.0,5.0,1.0,0.0,1.0,0.0,0.0
EPL_2017,22/04/2018,33,9,1.0,1.0,1.0,8.0,16.0,3.0,7.0,3.0,8.0,2.0,1.0,0.0,0.0
EPL_2017,23/04/2018,13,25,1.0,0.0,0.0,9.0,9.0,1.0,2.0,4.0,6.0,2.0,1.0,0.0,0.0
EPL_2017,28/04/2018,9,8,0.0,0.0,1.0,10.0,9.0,4.0,1.0,3.0,4.0,0.0,2.0,0.0,0.0
EPL_2017,28/04/2018,12,19,5.0,0.0,0.0,15.0,6.0,9.0,1.0,8.0,2.0,1.0,1.0,0.0,1.0
EPL_2017,28/04/2018,15,13,0.0,2.0,2.0,9.0,7.0,2.0,5.0,4.0,3.0,1.0,0.0,0.0,0.0
EPL_2017,28/04/2018,20,33,0.0,0.0,1.0,20.0,5.0,2.0,1.0,9.0,2.0,1.0,2.0,0.0,0.0
EPL_2017,28/04/2018,25,38,0.0,1.0,2.0,17.0,9.0,2.0,2.0,5.0,1.0,1.0,3.0,0.0,0.0
EPL_2017,28/04/2018,32,6,2.0,1.0,0.0,14.0,14.0,6.0,7.0,5.0,8.0,5.0,1.0,0.0,0.0
EPL_2017,28/04/2018,35,11,0.0,1.0,2.0,10.0,11.0,3.0,3.0,1.0,2.0,1.0,1.0,0.0,0.0
EPL_2017,29/04/2018,23,0,2.0,1.0,0.0,17.0,8.0,3.0,3.0,9.0,0.0,0.0,1.0,0.0,0.0
EPL_2017,29/04/2018,39,22,1.0,4.0,2.0,4.0,19.0,1.0,7.0,0.0,7.0,0.0,1.0,0.0,0.0
EPL_2017,30/04/2018,36,37,2.0,0.0,0.0,13.0,13.0,3.0,5.0,4.0,0.0,1.0,0.0,0.0,0.0
EPL_2017,04/05/2018,8,23,1.0,0.0,0.0,11.0,16.0,4.0,3.0,5.0,6.0,2.0,0.0,0.0,0.0
EPL_2017,05/05/2018,6,35,1.0,0.0,0.0,13.0,12.0,5.0,3.0,11.0,6.0,1.0,4.0,0.0,0.0
EPL_2017,05/05/2018,13,32,1.0,1.0,1.0,9.0,11.0,3.0,5.0,3.0,4.0,2.0,4.0,0.0,1.0
EPL_2017,05/05/2018,19,39,0.0,2.0,2.0,13.0,13.0,2.0,3.0,8.0,3.0,1.0,2.0,0.0,0.0
EPL_2017,05/05/2018,33,12,1.0,2.0,2.0,7.0,13.0,2.0,2.0,1.0,7.0,5.0,2.0,0.0,0.0
EPL_2017,05/05/2018,37,25,2.0,1.0,0.0,11.0,9.0,8.0,1.0,2.0,5.0,2.0,1.0,0.0,0.0
EPL_2017,05/05/2018,38,36,1.0,0.0,0.0,9.0,18.0,1.0,5.0,5.0,9.0,4.0,1.0,0.0,0.0
EPL_2017,06/05/2018,0,9,5.0,0.0,0.0,16.0,6.0,8.0,2.0,4.0,5.0,0.0,1.0,0.0,0.0
EPL_2017,06/05/2018,11,20,1.0,0.0,0.0,12.0,10.0,4.0,5.0,3.0,1.0,3.0,2.0,0.0,0.0
EPL_2017,06/05/2018,22,15,0.0,0.0,1.0,15.0,5.0,2.0,3.0,10.0,1.0,0.0,3.0,0.0,0.0
EPL_2017,08/05/2018,35,32,0.0,1.0,2.0,11.0,13.0,3.0,8.0,7.0,6.0,2.0,1.0,0.0,0.0
EPL_2017,09/05/2018,11,15,1.0,1.0,1.0,22.0,3.0,5.0,2.0,9.0,0.0,0.0,1.0,0.0,0.0
EPL_2017,09/05/2018,19,0,3.0,1.0,0.0,19.0,14.0,10.0,7.0,6.0,6.0,2.0,2.0,0.0,1.0
EPL_2017,09/05/2018,22,8,3.0,1.0,0.0,19.0,6.0,7.0,3.0,4.0,3.0,0.0,1.0,0.0,0.0
EPL_2017,09/05/2018,36,25,1.0,0.0,0.0,11.0,14.0,7.0,3.0,6.0,4.0,2.0,3.0,0.0,0.0
EPL_2017,10/05/2018,39,23,0.0,0.0,1.0,9.0,16.0,2.0,6.0,1.0,6.0,1.0,1.0,0.0,0.0
EPL_2017,13/05/2018,9,6,1.0,2.0,2.0,12.0,16.0,4.0,5.0,7.0,8.0,0.0,0.0,0.0,0.0
EPL_2017,13/05/2018,12,38,2.0,0.0,0.0,11.0,7.0,5.0,1.0,4.0,2.0,2.0,3.0,0.0,0.0
EPL_2017,13/05/2018,15,0,0.0,1.0,2.0,18.0,9.0,3.0,4.0,7.0,4.0,1.0,0.0,0.0,0.0
EPL_2017,13/05/2018,20,8,4.0,0.0,0.0,22.0,2.0,11.0,1.0,7.0,3.0,0.0,0.0,0.0,0.0
EPL_2017,13/05/2018,23,37,1.0,0.0,0.0,7.0,7.0,1.0,3.0,6.0,5.0,4.0,0.0,0.0,0.0
EPL_2017,13/05/2018,25,11,3.0,0.0,0.0,16.0,6.0,6.0,2.0,4.0,2.0,0.0,1.0,0.0,0.0
EPL_2017,13/05/2018,32,22,0.0,1.0,2.0,8.0,13.0,3.0,2.0,1.0,12.0,3.0,1.0,0.0,0.0
EPL_2017,13/05/2018,35,33,1.0,2.0,2.0,26.0,8.0,11.0,5.0,6.0,0.0,1.0,2.0,0.0,0.0
EPL_2017,13/05/2018,36,19,5.0,4.0,0.0,14.0,16.0,6.0,9.0,4.0,4.0,1.0,2.0,0.0,0.0
EPL_2017,13/05/2018,39,13,3.0,1.0,0.0,15.0,14.0,4.0,7.0,6.0,6.0,0.0,1.0,0.0,0.0
EPL_2018,10/08/2018,23,19,2.0,1.0,0.0,8.0,13.0,6.0,4.0,2.0,5.0,2.0,1.0,0.0,0.0
EPL_2018,11/08/2018,6,10,2.0,0.0,0.0,12.0,10.0,4.0,1.0,7.0,4.0,1.0,1.0,0.0,0.0
EPL_2018,11/08/2018,14,12,0.0,2.0,2.0,15.0,10.0,6.0,9.0,5.0,5.0,1.0,2.0,0.0,0.0
EPL_2018,11/08/2018,15,11,0.0,3.0,2.0,6.0,13.0,1.0,4.0,2.0,5.0,2.0,1.0,0.0,0.0
EPL_2018,11/08/2018,25,36,1.0,2.0,2.0,15.0,15.0,2.0,5.0,3.0,5.0,2.0,2.0,0.0,0.0
EPL_2018,11/08/2018,37,8,2.0,0.0,0.0,19.0,6.0,5.0,0.0,8.0,2.0,2.0,2.0,0.0,0.0
EPL_2018,11/08/2018,41,13,2.0,2.0,1.0,11.0,6.0,4.0,5.0,3.0,6.0,0.0,1.0,0.0,1.0
EPL_2018,12/08/2018,0,22,0.0,2.0,2.0,9.0,17.0,3.0,8.0,2.0,9.0,2.0,2.0,0.0,0.0
EPL_2018,12/08/2018,20,39,4.0,0.0,0.0,18.0,5.0,8.0,2.0,5.0,4.0,1.0,2.0,0.0,0.0
EPL_2018,12/08/2018,32,9,0.0,0.0,1.0,18.0,16.0,3.0,6.0,8.0,5.0,0.0,1.0,0.0,0.0
EPL_2018,18/08/2018,10,25,0.0,0.0,1.0,12.0,12.0,1.0,6.0,5.0,5.0,2.0,2.0,0.0,1.0
EPL_2018,18/08/2018,11,0,3.0,2.0,0.0,24.0,15.0,11.0,6.0,5.0,1.0,0.0,2.0,0.0,0.0
EPL_2018,18/08/2018,13,32,2.0,1.0,0.0,13.0,15.0,7.0,4.0,2.0,5.0,0.0,5.0,0.0,0.0
EPL_2018,18/08/2018,19,41,2.0,0.0,0.0,6.0,11.0,2.0,3.0,1.0,9.0,2.0,1.0,1.0,0.0
EPL_2018,18/08/2018,36,14,3.0,1.0,0.0,25.0,10.0,11.0,3.0,5.0,2.0,0.0,0.0,0.0,0.0
EPL_2018,18/08/2018,39,6,1.0,2.0,2.0,11.0,12.0,5.0,5.0,6.0,4.0,6.0,2.0,0.0,0.0
EPL_2018,19/08/2018,8,23,3.0,2.0,0.0,6.0,9.0,3.0,3.0,3.0,5.0,1.0,1.0,0.0,0.0
EPL_2018,19/08/2018,9,37,1.0,3.0,2.0,8.0,9.0,3.0,6.0,5.0,2.0,1.0,2.0,0.0,0.0
EPL_2018,19/08/2018,22,15,6.0,1.0,0.0,32.0,5.0,14.0,1.0,10.0,3.0,0.0,2.0,0.0,0.0
EPL_2018,20/08/2018,12,20,0.0,2.0,2.0,8.0,16.0,2.0,6.0,6.0,7.0,1.0,1.0,1.0,0.0
EPL_2018,25/08/2018,0,39,3.0,1.0,0.0,17.0,13.0,10.0,5.0,10.0,2.0,1.0,3.0,0.0,0.0
EPL_2018,25/08/2018,6,13,2.0,2.0,1.0,17.0,11.0,5.0,3.0,6.0,2.0,0.0,3.0,1.0,1.0
EPL_2018,25/08/2018,15,10,0.0,0.0,1.0,5.0,14.0,1.0,4.0,7.0,7.0,0.0,1.0,1.0,0.0
EPL_2018,25/08/2018,20,8,1.0,0.0,0.0,22.0,6.0,8.0,2.0,8.0,5.0,1.0,1.0,0.0,0.0
EPL_2018,25/08/2018,32,19,1.0,2.0,2.0,11.0,8.0,5.0,5.0,10.0,3.0,1.0,1.0,1.0,0.0
EPL_2018,25/08/2018,41,22,1.0,1.0,1.0,11.0,18.0,2.0,6.0,5.0,9.0,1.0,2.0,0.0,0.0
EPL_2018,26/08/2018,14,9,4.0,2.0,0.0,25.0,12.0,12.0,2.0,6.0,4.0,2.0,1.0,0.0,0.0
EPL_2018,26/08/2018,25,11,1.0,2.0,2.0,6.0,15.0,2.0,3.0,4.0,5.0,3.0,1.0,0.0,0.0
EPL_2018,26/08/2018,37,12,2.0,1.0,0.0,13.0,9.0,5.0,3.0,6.0,3.0,4.0,2.0,0.0,0.0
EPL_2018,27/08/2018,23,36,0.0,3.0,2.0,23.0,9.0,5.0,5.0,5.0,2.0,2.0,4.0,0.0,0.0
EPL_2018,01/09/2018,8,14,2.0,2.0,1.0,15.0,10.0,5.0,5.0,7.0,1.0,3.0,3.0,0.0,0.0
EPL_2018,01/09/2018,11,6,2.0,0.0,0.0,24.0,8.0,6.0,1.0,7.0,6.0,2.0,2.0,0.0,0.0
EPL_2018,01/09/2018,12,32,0.0,2.0,2.0,20.0,19.0,6.0,6.0,7.0,4.0,1.0,1.0,0.0,0.0
EPL_2018,01/09/2018,13,15,1.0,1.0,1.0,11.0,9.0,1.0,6.0,4.0,3.0,3.0,3.0,0.0,0.0
EPL_2018,01/09/2018,19,20,1.0,2.0,2.0,12.0,10.0,5.0,4.0,4.0,4.0,3.0,2.0,0.0,0.0
EPL_2018,01/09/2018,22,25,2.0,1.0,0.0,24.0,3.0,8.0,2.0,4.0,0.0,0.0,0.0,0.0,0.0
EPL_2018,01/09/2018,39,41,0.0,1.0,2.0,13.0,15.0,3.0,6.0,4.0,4.0,2.0,1.0,0.0,0.0
EPL_2018,02/09/2018,9,23,0.0,2.0,2.0,9.0,21.0,2.0,9.0,2.0,5.0,2.0,3.0,0.0,1.0
EPL_2018,02/09/2018,10,0,2.0,3.0,2.0,14.0,17.0,3.0,11.0,3.0,9.0,3.0,4.0,0.0,0.0
EPL_2018,02/09/2018,37,36,2.0,1.0,0.0,7.0,11.0,3.0,2.0,3.0,10.0,2.0,1.0,0.0,0.0
EPL_2018,15/09/2018,6,19,4.0,2.0,0.0,10.0,14.0,5.0,8.0,4.0,6.0,3.0,2.0,0.0,1.0
EPL_2018,15/09/2018,11,10,4.0,1.0,0.0,18.0,6.0,7.0,2.0,5.0,4.0,0.0,0.0,0.0,0.0
EPL_2018,15/09/2018,15,12,0.0,1.0,2.0,15.0,7.0,2.0,2.0,5.0,3.0,1.0,2.0,0.0,0.0
EPL_2018,15/09/2018,22,14,3.0,0.0,0.0,28.0,9.0,9.0,3.0,10.0,4.0,0.0,0.0,0.0,0.0
EPL_2018,15/09/2018,25,0,1.0,2.0,2.0,4.0,12.0,2.0,2.0,10.0,4.0,0.0,0.0,0.0,0.0
EPL_2018,15/09/2018,36,20,1.0,2.0,2.0,11.0,17.0,3.0,10.0,5.0,4.0,0.0,0.0,0.0,0.0
EPL_2018,15/09/2018,37,23,1.0,2.0,2.0,14.0,9.0,5.0,6.0,6.0,8.0,2.0,1.0,0.0,1.0
EPL_2018,16/09/2018,13,39,1.0,3.0,2.0,16.0,9.0,4.0,4.0,4.0,2.0,2.0,5.0,0.0,0.0
EPL_2018,16/09/2018,41,9,1.0,0.0,0.0,30.0,7.0,7.0,2.0,8.0,2.0,2.0,4.0,0.0,0.0
EPL_2018,17/09/2018,32,8,2.0,2.0,1.0,14.0,12.0,5.0,4.0,1.0,4.0,2.0,3.0,0.0,0.0
EPL_2018,22/09/2018,8,36,1.0,2.0,2.0,8.0,16.0,4.0,7.0,5.0,7.0,2.0,1.0,0.0,0.0
EPL_2018,22/09/2018,9,6,4.0,0.0,0.0,12.0,19.0,5.0,5.0,3.0,8.0,2.0,0.0,0.0,0.0
EPL_2018,22/09/2018,10,22,0.0,5.0,2.0,2.0,21.0,2.0,10.0,1.0,9.0,1.0,1.0,0.0,0.0
EPL_2018,22/09/2018,12,25,0.0,0.0,1.0,16.0,6.0,4.0,3.0,9.0,5.0,1.0,1.0,0.0,0.0
EPL_2018,22/09/2018,14,37,1.0,1.0,1.0,15.0,11.0,3.0,6.0,8.0,8.0,2.0,1.0,0.0,0.0
EPL_2018,22/09/2018,19,15,3.0,1.0,0.0,18.0,9.0,8.0,2.0,3.0,1.0,2.0,1.0,0.0,0.0
EPL_2018,22/09/2018,20,32,3.0,0.0,0.0,12.0,7.0,4.0,1.0,5.0,4.0,0.0,2.0,0.0,0.0
EPL_2018,22/09/2018,23,41,1.0,1.0,1.0,15.0,11.0,6.0,8.0,5.0,4.0,1.0,1.0,0.0,0.0
EPL_2018,23/09/2018,0,13,2.0,0.0,0.0,9.0,9.0,5.0,6.0,5.0,9.0,2.0,1.0,0.0,0.0
EPL_2018,23/09/2018,39,11,0.0,0.0,1.0,6.0,17.0,1.0,6.0,1.0,8.0,2.0,1.0,0.0,0.0
EPL_2018,29/09/2018,0,37,2.0,0.0,0.0,9.0,13.0,2.0,4.0,6.0,6.0,2.0,2.0,0.0,0.0
EPL_2018,29/09/2018,11,20,1.0,1.0,1.0,10.0,13.0,4.0,6.0,4.0,4.0,0.0,2.0,0.0,0.0
EPL_2018,29/09/2018,13,14,3.0,0.0,0.0,19.0,6.0,6.0,0.0,12.0,1.0,0.0,3.0,0.0,0.0
EPL_2018,29/09/2018,15,36,0.0,2.0,2.0,9.0,10.0,5.0,6.0,3.0,0.0,2.0,2.0,0.0,0.0
EPL_2018,29/09/2018,22,8,2.0,0.0,0.0,28.0,4.0,8.0,1.0,10.0,3.0,0.0,3.0,0.0,0.0
EPL_2018,29/09/2018,25,19,0.0,2.0,2.0,6.0,12.0,1.0,5.0,5.0,9.0,0.0,0.0,0.0,0.0
EPL_2018,29/09/2018,39,23,3.0,1.0,0.0,8.0,9.0,3.0,4.0,4.0,9.0,0.0,1.0,0.0,0.0
EPL_2018,29/09/2018,41,32,2.0,0.0,0.0,14.0,17.0,6.0,6.0,8.0,6.0,3.0,1.0,0.0,0.0
EPL_2018,30/09/2018,10,9,1.0,2.0,2.0,19.0,3.0,5.0,2.0,10.0,2.0,1.0,3.0,0.0,0.0
EPL_2018,01/10/2018,6,12,2.0,1.0,0.0,11.0,10.0,5.0,2.0,3.0,3.0,3.0,4.0,0.0,0.0
EPL_2018,05/10/2018,8,39,1.0,0.0,0.0,9.0,17.0,4.0,4.0,2.0,9.0,3.0,2.0,0.0,0.0
EPL_2018,06/10/2018,9,15,1.0,1.0,1.0,6.0,19.0,3.0,2.0,1.0,10.0,2.0,2.0,0.0,0.0
EPL_2018,06/10/2018,12,41,0.0,1.0,2.0,11.0,7.0,4.0,2.0,6.0,3.0,3.0,4.0,0.0,0.0
EPL_2018,06/10/2018,19,13,1.0,2.0,2.0,8.0,17.0,2.0,8.0,2.0,10.0,2.0,1.0,1.0,0.0
EPL_2018,06/10/2018,23,25,3.0,2.0,0.0,18.0,13.0,10.0,8.0,10.0,6.0,2.0,2.0,0.0,0.0
EPL_2018,06/10/2018,36,10,1.0,0.0,0.0,19.0,8.0,7.0,6.0,6.0,2.0,2.0,1.0,0.0,1.0
EPL_2018,06/10/2018,37,6,0.0,4.0,2.0,14.0,10.0,2.0,7.0,10.0,7.0,3.0,1.0,1.0,0.0
EPL_2018,07/10/2018,14,0,1.0,5.0,2.0,21.0,9.0,4.0,7.0,4.0,2.0,2.0,0.0,0.0,0.0
EPL_2018,07/10/2018,20,22,0.0,0.0,1.0,7.0,6.0,2.0,2.0,2.0,6.0,1.0,3.0,0.0,0.0
EPL_2018,07/10/2018,32,11,0.0,3.0,2.0,15.0,21.0,6.0,6.0,4.0,12.0,6.0,0.0,0.0,0.0
EPL_2018,20/10/2018,6,32,0.0,0.0,1.0,10.0,8.0,2.0,4.0,6.0,4.0,1.0,2.0,0.0,0.0
EPL_2018,20/10/2018,10,14,4.0,2.0,0.0,22.0,9.0,5.0,4.0,4.0,4.0,3.0,3.0,0.0,0.0
EPL_2018,20/10/2018,11,23,2.0,2.0,1.0,21.0,7.0,6.0,4.0,5.0,3.0,2.0,5.0,0.0,0.0
EPL_2018,20/10/2018,15,20,0.0,1.0,2.0,13.0,11.0,1.0,2.0,2.0,4.0,0.0,2.0,0.0,0.0
EPL_2018,20/10/2018,22,9,5.0,0.0,0.0,24.0,5.0,10.0,0.0,10.0,1.0,2.0,2.0,0.0,0.0
EPL_2018,20/10/2018,25,8,0.0,1.0,2.0,27.0,8.0,6.0,2.0,10.0,2.0,0.0,2.0,0.0,0.0
EPL_2018,20/10/2018,39,36,0.0,1.0,2.0,13.0,10.0,4.0,2.0,10.0,6.0,3.0,0.0,0.0,0.0
EPL_2018,20/10/2018,41,37,0.0,2.0,2.0,10.0,9.0,1.0,3.0,8.0,2.0,3.0,1.0,0.0,0.0
EPL_2018,21/10/2018,13,12,2.0,0.0,0.0,20.0,7.0,4.0,3.0,10.0,5.0,2.0,1.0,0.0,0.0
EPL_2018,22/10/2018,0,19,3.0,1.0,0.0,19.0,8.0,6.0,2.0,6.0,4.0,2.0,2.0,0.0,0.0
EPL_2018,27/10/2018,8,41,1.0,0.0,0.0,2.0,25.0,1.0,7.0,1.0,10.0,3.0,0.0,0.0,0.0
EPL_2018,27/10/2018,14,6,0.0,3.0,2.0,11.0,12.0,1.0,5.0,5.0,5.0,2.0,1.0,1.0,0.0
EPL_2018,27/10/2018,19,39,1.0,1.0,1.0,21.0,11.0,7.0,3.0,8.0,0.0,1.0,1.0,0.0,1.0
EPL_2018,27/10/2018,20,10,4.0,1.0,0.0,19.0,2.0,7.0,1.0,8.0,0.0,0.0,0.0,0.0,0.0
EPL_2018,27/10/2018,32,25,0.0,0.0,1.0,22.0,6.0,4.0,0.0,7.0,2.0,0.0,1.0,0.0,0.0
EPL_2018,27/10/2018,37,15,3.0,0.0,0.0,12.0,13.0,6.0,7.0,3.0,3.0,1.0,2.0,0.0,0.0
EPL_2018,28/10/2018,9,11,0.0,4.0,2.0,7.0,24.0,1.0,8.0,4.0,4.0,4.0,2.0,0.0,0.0
EPL_2018,28/10/2018,12,0,2.0,2.0,1.0,16.0,7.0,3.0,2.0,6.0,4.0,1.0,2.0,0.0,0.0
EPL_2018,28/10/2018,23,13,2.0,1.0,0.0,14.0,14.0,10.0,6.0,8.0,4.0,2.0,1.0,0.0,0.0
EPL_2018,29/10/2018,36,22,0.0,1.0,2.0,4.0,13.0,1.0,6.0,3.0,6.0,2.0,2.0,0.0,0.0
EPL_2018,03/11/2018,0,20,1.0,1.0,1.0,12.0,13.0,4.0,4.0,5.0,8.0,1.0,1.0,0.0,0.0
EPL_2018,03/11/2018,6,23,1.0,2.0,2.0,18.0,18.0,7.0,8.0,9.0,5.0,4.0,3.0,0.0,0.0
EPL_2018,03/11/2018,10,19,0.0,1.0,2.0,11.0,13.0,2.0,5.0,6.0,12.0,2.0,2.0,0.0,0.0
EPL_2018,03/11/2018,13,8,3.0,1.0,0.0,14.0,5.0,3.0,3.0,6.0,4.0,0.0,1.0,0.0,0.0
EPL_2018,03/11/2018,25,37,1.0,0.0,0.0,10.0,16.0,2.0,1.0,8.0,9.0,1.0,5.0,0.0,0.0
EPL_2018,03/11/2018,39,9,4.0,2.0,0.0,22.0,6.0,10.0,3.0,10.0,4.0,1.0,4.0,0.0,0.0
EPL_2018,03/11/2018,41,36,2.0,3.0,2.0,16.0,10.0,7.0,8.0,5.0,1.0,1.0,2.0,0.0,0.0
EPL_2018,04/11/2018,11,12,3.0,1.0,0.0,15.0,7.0,6.0,2.0,4.0,2.0,0.0,1.0,0.0,0.0
EPL_2018,04/11/2018,22,32,6.0,1.0,0.0,18.0,12.0,8.0,6.0,4.0,4.0,1.0,1.0,0.0,0.0
EPL_2018,05/11/2018,15,14,1.0,0.0,0.0,10.0,7.0,2.0,1.0,5.0,4.0,1.0,2.0,0.0,0.0
EPL_2018,10/11/2018,10,8,2.0,1.0,0.0,20.0,7.0,6.0,3.0,4.0,1.0,2.0,1.0,0.0,1.0
EPL_2018,10/11/2018,12,36,0.0,1.0,2.0,11.0,11.0,4.0,2.0,10.0,6.0,1.0,1.0,0.0,0.0
EPL_2018,10/11/2018,15,39,1.0,1.0,1.0,15.0,12.0,7.0,5.0,5.0,6.0,1.0,1.0,0.0,0.0
EPL_2018,10/11/2018,19,9,0.0,0.0,1.0,22.0,6.0,5.0,1.0,12.0,1.0,2.0,0.0,0.0,0.0
EPL_2018,10/11/2018,25,6,2.0,1.0,0.0,18.0,14.0,6.0,4.0,7.0,10.0,2.0,1.0,0.0,0.0
EPL_2018,10/11/2018,32,37,1.0,1.0,1.0,14.0,12.0,4.0,6.0,7.0,6.0,3.0,2.0,0.0,0.0
EPL_2018,11/11/2018,0,41,1.0,1.0,1.0,10.0,12.0,3.0,5.0,11.0,2.0,2.0,2.0,0.0,0.0
EPL_2018,11/11/2018,11,13,0.0,0.0,1.0,15.0,6.0,4.0,1.0,5.0,5.0,4.0,3.0,0.0,0.0
EPL_2018,11/11/2018,20,14,2.0,0.0,0.0,20.0,8.0,7.0,3.0,6.0,3.0,1.0,1.0,0.0,0.0
EPL_2018,11/11/2018,22,23,3.0,1.0,0.0,17.0,6.0,5.0,1.0,5.0,1.0,1.0,1.0,0.0,0.0
EPL_2018,24/11/2018,8,19,1.0,1.0,1.0,14.0,8.0,3.0,3.0,6.0,1.0,3.0,1.0,0.0,1.0
EPL_2018,24/11/2018,13,10,1.0,0.0,0.0,16.0,7.0,8.0,1.0,7.0,3.0,0.0,3.0,0.0,0.0
EPL_2018,24/11/2018,14,32,3.0,2.0,0.0,10.0,19.0,5.0,8.0,2.0,5.0,2.0,3.0,0.0,0.0
EPL_2018,24/11/2018,23,12,0.0,0.0,1.0,12.0,13.0,5.0,2.0,10.0,3.0,1.0,2.0,0.0,0.0
EPL_2018,24/11/2018,36,11,3.0,1.0,0.0,18.0,13.0,9.0,2.0,4.0,4.0,0.0,3.0,0.0,0.0
EPL_2018,24/11/2018,37,20,0.0,3.0,2.0,5.0,10.0,1.0,7.0,5.0,5.0,0.0,0.0,0.0,1.0
EPL_2018,24/11/2018,39,22,0.0,4.0,2.0,9.0,9.0,1.0,6.0,8.0,1.0,0.0,0.0,0.0,0.0
EPL_2018,25/11/2018,6,0,1.0,2.0,2.0,11.0,20.0,5.0,4.0,5.0,8.0,2.0,1.0,0.0,0.0
EPL_2018,25/11/2018,41,15,0.0,2.0,2.0,12.0,14.0,3.0,6.0,3.0,5.0,1.0,2.0,0.0,0.0
EPL_2018,26/11/2018,9,25,1.0,2.0,2.0,14.0,17.0,4.0,3.0,5.0,5.0,0.0,1.0,0.0,0.0
EPL_2018,30/11/2018,10,41,2.0,1.0,0.0,17.0,15.0,3.0,4.0,7.0,6.0,1.0,2.0,0.0,0.0
EPL_2018,01/12/2018,12,9,2.0,0.0,0.0,29.0,4.0,9.0,0.0,10.0,2.0,1.0,1.0,0.0,0.0
EPL_2018,01/12/2018,15,8,1.0,2.0,2.0,7.0,14.0,2.0,6.0,2.0,6.0,0.0,2.0,1.0,0.0
EPL_2018,01/12/2018,19,37,2.0,0.0,0.0,7.0,8.0,3.0,0.0,4.0,8.0,2.0,1.0,0.0,1.0
EPL_2018,01/12/2018,22,6,3.0,1.0,0.0,16.0,4.0,6.0,1.0,8.0,4.0,0.0,0.0,0.0,0.0
EPL_2018,01/12/2018,25,39,0.0,3.0,2.0,16.0,7.0,4.0,4.0,7.0,3.0,3.0,3.0,0.0,0.0
EPL_2018,01/12/2018,32,23,2.0,2.0,1.0,16.0,11.0,6.0,5.0,3.0,5.0,4.0,4.0,0.0,0.0
EPL_2018,02/12/2018,0,36,4.0,2.0,0.0,22.0,11.0,7.0,6.0,8.0,5.0,3.0,3.0,0.0,1.0
EPL_2018,02/12/2018,11,14,2.0,0.0,0.0,16.0,9.0,9.0,4.0,4.0,6.0,2.0,1.0,0.0,0.0
EPL_2018,02/12/2018,20,13,1.0,0.0,0.0,16.0,9.0,3.0,3.0,8.0,1.0,3.0,2.0,0.0,0.0
EPL_2018,04/12/2018,6,15,2.0,1.0,0.0,6.0,23.0,2.0,6.0,4.0,8.0,4.0,2.0,0.0,0.0
EPL_2018,04/12/2018,8,12,3.0,1.0,0.0,9.0,18.0,3.0,5.0,4.0,5.0,2.0,3.0,1.0,0.0
EPL_2018,04/12/2018,37,22,1.0,2.0,2.0,11.0,15.0,7.0,7.0,3.0,11.0,0.0,1.0,0.0,0.0
EPL_2018,04/12/2018,39,10,3.0,1.0,0.0,17.0,9.0,11.0,5.0,10.0,4.0,1.0,2.0,0.0,0.0
EPL_2018,05/12/2018,9,20,1.0,3.0,2.0,10.0,18.0,6.0,12.0,5.0,9.0,1.0,0.0,0.0,0.0
EPL_2018,05/12/2018,13,25,1.0,1.0,1.0,19.0,8.0,3.0,5.0,14.0,2.0,0.0,5.0,0.0,0.0
EPL_2018,05/12/2018,14,19,1.0,1.0,1.0,25.0,13.0,7.0,5.0,10.0,8.0,0.0,0.0,0.0,0.0
EPL_2018,05/12/2018,23,0,2.0,2.0,1.0,10.0,9.0,7.0,4.0,4.0,4.0,3.0,3.0,0.0,0.0
EPL_2018,05/12/2018,36,32,3.0,1.0,0.0,13.0,18.0,8.0,5.0,8.0,6.0,0.0,0.0,0.0,0.0
EPL_2018,05/12/2018,41,11,2.0,1.0,0.0,6.0,17.0,2.0,3.0,1.0,5.0,4.0,4.0,0.0,0.0
EPL_2018,08/12/2018,0,15,1.0,0.0,0.0,14.0,6.0,2.0,0.0,7.0,1.0,5.0,4.0,0.0,0.0
EPL_2018,08/12/2018,6,20,0.0,4.0,2.0,8.0,10.0,2.0,4.0,6.0,6.0,2.0,1.0,0.0,0.0
EPL_2018,08/12/2018,9,8,1.0,0.0,0.0,14.0,14.0,4.0,1.0,2.0,7.0,2.0,0.0,0.0,0.0
EPL_2018,08/12/2018,10,32,1.0,0.0,0.0,13.0,12.0,4.0,1.0,7.0,7.0,2.0,2.0,0.0,0.0
EPL_2018,08/12/2018,11,22,2.0,0.0,0.0,8.0,14.0,5.0,4.0,1.0,13.0,2.0,0.0,0.0,0.0
EPL_2018,08/12/2018,19,36,0.0,2.0,2.0,11.0,7.0,3.0,2.0,6.0,5.0,3.0,1.0,0.0,0.0
EPL_2018,08/12/2018,23,14,4.0,1.0,0.0,20.0,10.0,11.0,4.0,10.0,3.0,1.0,1.0,0.0,1.0
EPL_2018,08/12/2018,39,12,3.0,2.0,0.0,13.0,8.0,6.0,4.0,5.0,3.0,1.0,2.0,0.0,0.0
EPL_2018,09/12/2018,25,41,1.0,2.0,2.0,12.0,13.0,4.0,6.0,4.0,6.0,2.0,5.0,1.0,0.0
EPL_2018,10/12/2018,13,37,2.0,2.0,1.0,12.0,15.0,5.0,3.0,6.0,6.0,1.0,1.0,0.0,0.0
EPL_2018,15/12/2018,12,19,1.0,0.0,0.0,8.0,12.0,1.0,2.0,4.0,4.0,2.0,1.0,0.0,0.0
EPL_2018,15/12/2018,14,39,0.0,2.0,2.0,16.0,6.0,4.0,3.0,6.0,4.0,2.0,1.0,0.0,0.0
EPL_2018,15/12/2018,15,25,0.0,1.0,2.0,15.0,8.0,5.0,5.0,10.0,1.0,1.0,1.0,0.0,0.0
EPL_2018,15/12/2018,22,13,3.0,1.0,0.0,13.0,9.0,5.0,2.0,6.0,2.0,1.0,2.0,0.0,0.0
EPL_2018,15/12/2018,36,9,1.0,0.0,0.0,15.0,4.0,3.0,0.0,8.0,3.0,0.0,2.0,0.0,0.0
EPL_2018,15/12/2018,37,10,3.0,2.0,0.0,17.0,10.0,8.0,3.0,5.0,0.0,0.0,0.0,0.0,0.0
EPL_2018,15/12/2018,41,6,2.0,0.0,0.0,9.0,13.0,3.0,3.0,5.0,3.0,1.0,2.0,0.0,0.0
EPL_2018,16/12/2018,8,11,1.0,2.0,2.0,6.0,10.0,2.0,3.0,4.0,1.0,2.0,2.0,0.0,0.0
EPL_2018,16/12/2018,20,23,3.0,1.0,0.0,36.0,6.0,11.0,2.0,13.0,2.0,0.0,2.0,0.0,0.0
EPL_2018,16/12/2018,32,0,3.0,2.0,0.0,12.0,13.0,7.0,4.0,4.0,5.0,3.0,1.0,0.0,0.0
EPL_2018,21/12/2018,41,20,0.0,2.0,2.0,11.0,15.0,5.0,6.0,1.0,10.0,0.0,0.0,0.0,0.0
EPL_2018,22/12/2018,0,9,3.0,1.0,0.0,10.0,7.0,6.0,2.0,1.0,3.0,2.0,5.0,0.0,0.0
EPL_2018,22/12/2018,6,8,2.0,0.0,0.0,14.0,10.0,3.0,5.0,6.0,5.0,2.0,0.0,0.0,1.0
EPL_2018,22/12/2018,10,23,1.0,5.0,2.0,9.0,17.0,3.0,9.0,4.0,7.0,2.0,1.0,0.0,0.0
EPL_2018,22/12/2018,11,19,0.0,1.0,2.0,17.0,8.0,5.0,3.0,9.0,5.0,0.0,2.0,0.0,0.0
EPL_2018,22/12/2018,15,32,1.0,3.0,2.0,16.0,13.0,5.0,6.0,8.0,2.0,2.0,3.0,0.0,0.0
EPL_2018,22/12/2018,22,12,2.0,3.0,2.0,19.0,5.0,5.0,3.0,13.0,0.0,0.0,4.0,0.0,0.0
EPL_2018,22/12/2018,25,14,0.0,0.0,1.0,9.0,4.0,0.0,2.0,6.0,0.0,1.0,2.0,0.0,0.0
EPL_2018,22/12/2018,39,37,0.0,2.0,2.0,18.0,11.0,7.0,5.0,10.0,4.0,3.0,2.0,0.0,0.0
EPL_2018,23/12/2018,13,36,2.0,6.0,2.0,10.0,17.0,3.0,8.0,2.0,1.0,0.0,2.0,0.0,0.0
EPL_2018,26/12/2018,8,0,1.0,1.0,1.0,12.0,7.0,3.0,4.0,4.0,9.0,2.0,1.0,0.0,0.0
EPL_2018,26/12/2018,9,13,1.0,5.0,2.0,11.0,13.0,4.0,6.0,5.0,7.0,2.0,4.0,0.0,0.0
EPL_2018,26/12/2018,12,10,0.0,0.0,1.0,31.0,9.0,5.0,4.0,12.0,1.0,0.0,3.0,0.0,0.0
EPL_2018,26/12/2018,14,41,1.0,1.0,1.0,11.0,14.0,9.0,5.0,2.0,0.0,2.0,1.0,0.0,0.0
EPL_2018,26/12/2018,19,22,2.0,1.0,0.0,10.0,11.0,5.0,4.0,3.0,7.0,2.0,2.0,0.0,1.0
EPL_2018,26/12/2018,20,25,4.0,0.0,0.0,16.0,6.0,8.0,2.0,10.0,2.0,0.0,0.0,0.0,0.0
EPL_2018,26/12/2018,23,15,3.0,1.0,0.0,16.0,10.0,10.0,2.0,5.0,3.0,1.0,1.0,0.0,0.0
EPL_2018,26/12/2018,36,6,5.0,0.0,0.0,10.0,14.0,7.0,4.0,3.0,4.0,2.0,1.0,0.0,0.0
EPL_2018,26/12/2018,37,11,1.0,2.0,2.0,10.0,10.0,2.0,4.0,3.0,4.0,1.0,0.0,0.0,0.0
EPL_2018,27/12/2018,32,39,1.0,2.0,2.0,11.0,16.0,5.0,5.0,4.0,5.0,2.0,0.0,0.0,0.0
EPL_2018,29/12/2018,8,13,1.0,0.0,0.0,11.0,13.0,3.0,4.0,6.0,6.0,0.0,2.0,0.0,0.0
EPL_2018,29/12/2018,14,15,1.0,0.0,0.0,14.0,9.0,5.0,5.0,4.0,3.0,3.0,1.0,0.0,0.0
EPL_2018,29/12/2018,19,10,0.0,1.0,2.0,16.0,12.0,7.0,3.0,10.0,4.0,0.0,2.0,0.0,0.0
EPL_2018,29/12/2018,20,0,5.0,1.0,0.0,15.0,8.0,10.0,2.0,5.0,3.0,1.0,2.0,0.0,0.0
EPL_2018,29/12/2018,36,41,1.0,3.0,2.0,10.0,11.0,3.0,4.0,6.0,7.0,3.0,2.0,0.0,0.0
EPL_2018,29/12/2018,37,25,1.0,1.0,1.0,12.0,8.0,5.0,2.0,3.0,6.0,1.0,2.0,0.0,0.0
EPL_2018,30/12/2018,9,39,2.0,0.0,0.0,17.0,11.0,5.0,4.0,5.0,5.0,1.0,4.0,0.0,0.0
EPL_2018,30/12/2018,12,11,0.0,1.0,2.0,4.0,12.0,0.0,4.0,3.0,4.0,0.0,1.0,0.0,0.0
EPL_2018,30/12/2018,23,6,4.0,1.0,0.0,11.0,7.0,8.0,3.0,4.0,5.0,2.0,0.0,1.0,0.0
EPL_2018,30/12/2018,32,22,1.0,3.0,2.0,5.0,14.0,4.0,6.0,3.0,8.0,2.0,3.0,1.0,0.0
EPL_2018,01/01/2019,0,14,4.0,1.0,0.0,16.0,9.0,9.0,4.0,8.0,3.0,0.0,1.0,0.0,0.0
EPL_2018,01/01/2019,10,36,0.0,3.0,2.0,6.0,13.0,3.0,4.0,5.0,3.0,1.0,0.0,0.0,0.0
EPL_2018,01/01/2019,13,19,0.0,1.0,2.0,17.0,8.0,2.0,4.0,6.0,5.0,3.0,1.0,0.0,0.0
EPL_2018,02/01/2019,6,37,3.0,3.0,1.0,25.0,11.0,12.0,3.0,4.0,2.0,1.0,4.0,0.0,0.0
EPL_2018,02/01/2019,11,32,0.0,0.0,1.0,17.0,6.0,6.0,2.0,7.0,2.0,1.0,2.0,0.0,0.0
EPL_2018,02/01/2019,15,9,1.0,2.0,2.0,9.0,16.0,2.0,8.0,5.0,2.0,0.0,4.0,1.0,1.0
EPL_2018,02/01/2019,25,23,0.0,2.0,2.0,14.0,16.0,3.0,7.0,1.0,2.0,1.0,2.0,0.0,0.0
EPL_2018,02/01/2019,39,8,2.0,2.0,1.0,13.0,13.0,6.0,6.0,1.0,5.0,0.0,1.0,0.0,0.0
EPL_2018,02/01/2019,41,12,0.0,2.0,2.0,9.0,17.0,1.0,4.0,3.0,10.0,4.0,1.0,0.0,0.0
EPL_2018,03/01/2019,22,20,2.0,1.0,0.0,9.0,7.0,4.0,5.0,2.0,1.0,4.0,2.0,0.0,0.0
EPL_2018,12/01/2019,8,20,0.0,1.0,2.0,7.0,10.0,0.0,3.0,2.0,7.0,0.0,0.0,0.0,0.0
EPL_2018,12/01/2019,9,14,2.0,1.0,0.0,11.0,12.0,0.0,4.0,2.0,6.0,1.0,2.0,0.0,0.0
EPL_2018,12/01/2019,10,15,0.0,0.0,1.0,3.0,14.0,0.0,2.0,3.0,10.0,3.0,1.0,0.0,0.0
EPL_2018,12/01/2019,11,25,2.0,1.0,0.0,10.0,9.0,6.0,2.0,8.0,5.0,1.0,1.0,0.0,0.0
EPL_2018,12/01/2019,12,37,1.0,2.0,2.0,15.0,16.0,6.0,2.0,7.0,7.0,1.0,4.0,0.0,0.0
EPL_2018,12/01/2019,19,32,1.0,2.0,2.0,23.0,8.0,6.0,3.0,10.0,3.0,2.0,1.0,0.0,1.0
EPL_2018,12/01/2019,39,0,1.0,0.0,0.0,11.0,11.0,3.0,2.0,7.0,3.0,0.0,2.0,0.0,0.0
EPL_2018,13/01/2019,13,6,2.0,0.0,0.0,15.0,16.0,3.0,7.0,5.0,9.0,5.0,0.0,0.0,0.0
EPL_2018,13/01/2019,36,23,0.0,1.0,2.0,21.0,13.0,11.0,8.0,7.0,4.0,1.0,2.0,0.0,0.0
EPL_2018,14/01/2019,22,41,3.0,0.0,0.0,24.0,3.0,9.0,0.0,12.0,1.0,1.0,0.0,0.0,1.0
EPL_2018,19/01/2019,0,11,2.0,0.0,0.0,13.0,13.0,5.0,1.0,5.0,6.0,0.0,2.0,0.0,0.0
EPL_2018,19/01/2019,6,39,2.0,0.0,0.0,10.0,9.0,4.0,1.0,2.0,3.0,0.0,1.0,0.0,0.0
EPL_2018,19/01/2019,20,12,4.0,3.0,0.0,19.0,9.0,9.0,3.0,8.0,3.0,0.0,1.0,1.0,0.0
EPL_2018,19/01/2019,23,8,2.0,1.0,0.0,20.0,7.0,5.0,3.0,6.0,5.0,1.0,0.0,0.0,0.0
EPL_2018,19/01/2019,25,10,3.0,0.0,0.0,16.0,9.0,6.0,1.0,7.0,10.0,0.0,1.0,0.0,0.0
EPL_2018,19/01/2019,32,13,2.0,1.0,0.0,11.0,7.0,4.0,2.0,7.0,6.0,2.0,1.0,0.0,0.0
EPL_2018,19/01/2019,37,9,0.0,0.0,1.0,9.0,11.0,4.0,3.0,1.0,7.0,1.0,2.0,0.0,0.0
EPL_2018,19/01/2019,41,19,4.0,3.0,0.0,12.0,16.0,7.0,6.0,5.0,9.0,3.0,3.0,0.0,0.0
EPL_2018,20/01/2019,14,36,1.0,2.0,2.0,12.0,14.0,4.0,5.0,7.0,10.0,2.0,3.0,0.0,0.0
EPL_2018,20/01/2019,15,22,0.0,3.0,2.0,5.0,12.0,2.0,4.0,1.0,4.0,2.0,2.0,0.0,0.0
EPL_2018,29/01/2019,0,10,2.0,1.0,0.0,15.0,19.0,4.0,2.0,4.0,7.0,3.0,3.0,0.0,0.0
EPL_2018,29/01/2019,14,8,4.0,2.0,0.0,24.0,15.0,7.0,6.0,10.0,1.0,2.0,3.0,0.0,0.0
EPL_2018,29/01/2019,15,13,0.0,1.0,2.0,10.0,10.0,2.0,5.0,3.0,4.0,1.0,4.0,0.0,1.0
EPL_2018,29/01/2019,23,9,2.0,2.0,1.0,28.0,6.0,9.0,4.0,11.0,3.0,1.0,3.0,0.0,0.0
EPL_2018,29/01/2019,25,22,2.0,1.0,0.0,6.0,12.0,2.0,4.0,1.0,8.0,2.0,3.0,0.0,0.0
EPL_2018,29/01/2019,41,39,3.0,0.0,0.0,20.0,4.0,9.0,0.0,5.0,1.0,4.0,1.0,0.0,0.0
EPL_2018,30/01/2019,6,11,4.0,0.0,0.0,12.0,11.0,7.0,7.0,3.0,7.0,1.0,0.0,0.0,0.0
EPL_2018,30/01/2019,20,19,1.0,1.0,1.0,10.0,5.0,3.0,2.0,7.0,1.0,1.0,3.0,0.0,0.0
EPL_2018,30/01/2019,32,12,1.0,1.0,1.0,13.0,15.0,4.0,3.0,3.0,8.0,2.0,2.0,0.0,1.0
EPL_2018,30/01/2019,36,37,2.0,1.0,0.0,17.0,9.0,3.0,1.0,9.0,5.0,0.0,4.0,0.0,0.0
EPL_2018,02/02/2019,8,37,0.0,0.0,1.0,21.0,5.0,4.0,0.0,7.0,0.0,1.0,0.0,0.0,0.0
EPL_2018,02/02/2019,9,32,1.0,1.0,1.0,15.0,10.0,6.0,4.0,4.0,2.0,3.0,1.0,0.0,0.0
EPL_2018,02/02/2019,10,6,2.0,0.0,0.0,12.0,9.0,5.0,2.0,6.0,7.0,1.0,2.0,0.0,0.0
EPL_2018,02/02/2019,11,15,5.0,0.0,0.0,23.0,5.0,7.0,2.0,11.0,2.0,0.0,0.0,0.0,0.0
EPL_2018,02/02/2019,12,14,2.0,0.0,0.0,17.0,8.0,6.0,0.0,11.0,1.0,2.0,3.0,0.0,0.0
EPL_2018,02/02/2019,13,41,1.0,3.0,2.0,13.0,8.0,4.0,4.0,3.0,1.0,3.0,1.0,0.0,0.0
EPL_2018,02/02/2019,36,25,1.0,0.0,0.0,21.0,8.0,4.0,2.0,6.0,3.0,0.0,1.0,0.0,0.0
EPL_2018,03/02/2019,19,23,0.0,1.0,2.0,17.0,10.0,6.0,6.0,7.0,2.0,4.0,4.0,0.0,0.0
EPL_2018,03/02/2019,22,0,3.0,1.0,0.0,19.0,4.0,12.0,2.0,4.0,2.0,1.0,1.0,0.0,0.0
EPL_2018,04/02/2019,39,20,1.0,1.0,1.0,13.0,11.0,2.0,6.0,2.0,5.0,1.0,1.0,0.0,0.0
EPL_2018,06/02/2019,13,22,0.0,2.0,2.0,4.0,15.0,1.0,4.0,5.0,6.0,1.0,1.0,0.0,0.0
EPL_2018,09/02/2019,8,9,1.0,3.0,2.0,16.0,9.0,6.0,5.0,9.0,3.0,1.0,1.0,0.0,0.0
EPL_2018,09/02/2019,12,39,1.0,1.0,1.0,25.0,6.0,5.0,4.0,10.0,4.0,3.0,0.0,0.0,0.0
EPL_2018,09/02/2019,14,23,0.0,3.0,2.0,15.0,15.0,3.0,7.0,5.0,4.0,3.0,2.0,0.0,0.0
EPL_2018,09/02/2019,15,0,1.0,2.0,2.0,15.0,9.0,6.0,4.0,5.0,0.0,3.0,2.0,0.0,0.0
EPL_2018,09/02/2019,20,6,3.0,0.0,0.0,20.0,12.0,9.0,2.0,8.0,5.0,2.0,2.0,0.0,0.0
EPL_2018,09/02/2019,32,10,1.0,2.0,2.0,14.0,6.0,7.0,3.0,8.0,2.0,3.0,3.0,0.0,0.0
EPL_2018,09/02/2019,37,13,1.0,0.0,0.0,7.0,9.0,2.0,4.0,8.0,2.0,2.0,0.0,0.0,1.0
EPL_2018,10/02/2019,22,11,6.0,0.0,0.0,15.0,12.0,9.0,4.0,2.0,2.0,1.0,2.0,0.0,0.0
EPL_2018,10/02/2019,36,19,3.0,1.0,0.0,12.0,20.0,5.0,9.0,2.0,9.0,3.0,1.0,0.0,0.0
EPL_2018,11/02/2019,41,25,1.0,1.0,1.0,22.0,9.0,6.0,3.0,13.0,1.0,1.0,3.0,0.0,0.0
EPL_2018,22/02/2019,10,37,1.0,5.0,2.0,15.0,12.0,6.0,7.0,3.0,3.0,1.0,2.0,0.0,0.0
EPL_2018,22/02/2019,39,14,3.0,1.0,0.0,21.0,8.0,7.0,5.0,12.0,0.0,1.0,1.0,0.0,0.0
EPL_2018,23/02/2019,6,41,1.0,1.0,1.0,10.0,10.0,3.0,2.0,9.0,8.0,4.0,5.0,0.0,0.0
EPL_2018,23/02/2019,9,36,2.0,1.0,0.0,10.0,17.0,4.0,6.0,7.0,6.0,1.0,3.0,0.0,0.0
EPL_2018,23/02/2019,19,12,1.0,4.0,2.0,27.0,7.0,5.0,5.0,8.0,3.0,2.0,1.0,0.0,0.0
EPL_2018,23/02/2019,25,15,2.0,0.0,0.0,29.0,3.0,12.0,1.0,12.0,0.0,2.0,0.0,0.0,1.0
EPL_2018,24/02/2019,0,32,2.0,0.0,0.0,12.0,10.0,4.0,4.0,6.0,4.0,0.0,0.0,0.0,0.0
EPL_2018,24/02/2019,23,20,0.0,0.0,1.0,6.0,7.0,3.0,1.0,3.0,7.0,1.0,3.0,0.0,0.0
EPL_2018,26/02/2019,10,13,0.0,3.0,2.0,6.0,12.0,0.0,4.0,3.0,4.0,3.0,1.0,0.0,0.0
EPL_2018,26/02/2019,15,41,1.0,0.0,0.0,15.0,7.0,3.0,0.0,3.0,5.0,2.0,2.0,0.0,0.0
EPL_2018,26/02/2019,19,8,2.0,1.0,0.0,19.0,15.0,3.0,3.0,4.0,8.0,1.0,1.0,0.0,0.0
EPL_2018,26/02/2019,25,9,2.0,0.0,0.0,12.0,12.0,3.0,2.0,4.0,7.0,1.0,3.0,0.0,0.0
EPL_2018,27/02/2019,0,6,5.0,1.0,0.0,16.0,13.0,6.0,5.0,9.0,4.0,2.0,2.0,0.0,0.0
EPL_2018,27/02/2019,11,36,2.0,0.0,0.0,11.0,9.0,1.0,0.0,2.0,2.0,1.0,1.0,0.0,0.0
EPL_2018,27/02/2019,12,23,1.0,3.0,2.0,17.0,13.0,2.0,4.0,5.0,6.0,2.0,3.0,0.0,0.0
EPL_2018,27/02/2019,20,37,5.0,0.0,0.0,19.0,5.0,10.0,3.0,6.0,4.0,0.0,2.0,0.0,0.0
EPL_2018,27/02/2019,22,39,1.0,0.0,0.0,20.0,2.0,7.0,1.0,12.0,2.0,0.0,2.0,0.0,0.0
EPL_2018,27/02/2019,32,14,2.0,0.0,0.0,14.0,14.0,4.0,4.0,7.0,4.0,0.0,1.0,0.0,0.0
EPL_2018,02/03/2019,6,22,0.0,1.0,2.0,0.0,23.0,0.0,7.0,0.0,14.0,1.0,2.0,0.0,0.0
EPL_2018,02/03/2019,8,15,1.0,0.0,0.0,13.0,6.0,4.0,4.0,6.0,3.0,2.0,2.0,0.0,0.0
EPL_2018,02/03/2019,9,12,1.0,3.0,2.0,18.0,10.0,4.0,4.0,8.0,5.0,1.0,2.0,0.0,0.0
EPL_2018,02/03/2019,23,32,3.0,2.0,0.0,16.0,6.0,6.0,3.0,9.0,7.0,2.0,1.0,0.0,0.0
EPL_2018,02/03/2019,36,0,1.0,1.0,1.0,10.0,9.0,3.0,4.0,3.0,4.0,3.0,2.0,0.0,1.0
EPL_2018,02/03/2019,39,25,2.0,0.0,0.0,10.0,17.0,4.0,2.0,1.0,6.0,3.0,4.0,0.0,0.0
EPL_2018,02/03/2019,41,10,2.0,0.0,0.0,13.0,12.0,6.0,4.0,7.0,8.0,1.0,2.0,0.0,0.0
EPL_2018,03/03/2019,13,20,0.0,0.0,1.0,7.0,10.0,3.0,3.0,3.0,7.0,1.0,2.0,0.0,0.0
EPL_2018,03/03/2019,14,11,1.0,2.0,2.0,12.0,20.0,5.0,7.0,5.0,4.0,2.0,1.0,0.0,0.0
EPL_2018,03/03/2019,37,19,2.0,1.0,0.0,6.0,14.0,5.0,2.0,1.0,5.0,5.0,1.0,0.0,0.0
EPL_2018,09/03/2019,10,39,2.0,0.0,0.0,16.0,9.0,7.0,2.0,7.0,5.0,2.0,1.0,0.0,0.0
EPL_2018,09/03/2019,12,8,1.0,2.0,2.0,15.0,4.0,3.0,3.0,8.0,0.0,1.0,5.0,0.0,0.0
EPL_2018,09/03/2019,15,6,0.0,2.0,2.0,8.0,8.0,1.0,5.0,6.0,5.0,3.0,1.0,0.0,0.0
EPL_2018,09/03/2019,19,14,3.0,1.0,0.0,18.0,6.0,8.0,3.0,6.0,5.0,0.0,2.0,0.0,0.0
EPL_2018,09/03/2019,22,37,3.0,1.0,0.0,19.0,2.0,9.0,1.0,9.0,1.0,1.0,1.0,0.0,0.0
EPL_2018,09/03/2019,25,13,3.0,2.0,0.0,19.0,7.0,7.0,3.0,8.0,2.0,3.0,1.0,0.0,0.0
EPL_2018,09/03/2019,32,36,2.0,1.0,0.0,12.0,16.0,4.0,5.0,1.0,10.0,4.0,2.0,0.0,0.0
EPL_2018,10/03/2019,0,23,2.0,0.0,0.0,14.0,14.0,3.0,4.0,5.0,2.0,2.0,2.0,0.0,0.0
EPL_2018,10/03/2019,11,41,1.0,1.0,1.0,22.0,2.0,6.0,1.0,13.0,0.0,1.0,4.0,0.0,0.0
EPL_2018,10/03/2019,20,9,4.0,2.0,0.0,23.0,3.0,5.0,2.0,7.0,3.0,2.0,0.0,0.0,0.0
EPL_2018,16/03/2019,6,25,2.0,2.0,1.0,10.0,12.0,3.0,4.0,6.0,6.0,3.0,2.0,0.0,0.0
EPL_2018,16/03/2019,9,19,1.0,2.0,2.0,13.0,9.0,2.0,4.0,9.0,3.0,1.0,1.0,0.0,1.0
EPL_2018,16/03/2019,39,15,4.0,3.0,0.0,16.0,15.0,5.0,5.0,5.0,8.0,0.0,2.0,0.0,0.0
EPL_2018,17/03/2019,13,11,2.0,0.0,0.0,15.0,16.0,8.0,5.0,3.0,4.0,1.0,2.0,0.0,0.0
EPL_2018,17/03/2019,14,20,1.0,2.0,2.0,7.0,16.0,2.0,6.0,1.0,10.0,2.0,1.0,0.0,0.0
EPL_2018,30/03/2019,8,32,0.0,1.0,2.0,14.0,8.0,1.0,2.0,6.0,5.0,1.0,2.0,0.0,0.0
EPL_2018,30/03/2019,9,41,2.0,0.0,0.0,5.0,8.0,1.0,1.0,1.0,5.0,1.0,1.0,0.0,0.0
EPL_2018,30/03/2019,12,15,2.0,0.0,0.0,19.0,15.0,5.0,5.0,5.0,5.0,0.0,0.0,0.0,0.0
EPL_2018,30/03/2019,14,22,0.0,2.0,2.0,5.0,24.0,0.0,7.0,0.0,11.0,2.0,0.0,0.0,0.0
EPL_2018,30/03/2019,19,6,2.0,0.0,0.0,18.0,8.0,4.0,2.0,6.0,1.0,0.0,2.0,0.0,0.0
EPL_2018,30/03/2019,23,37,2.0,1.0,0.0,8.0,20.0,5.0,8.0,3.0,5.0,1.0,2.0,0.0,0.0
EPL_2018,30/03/2019,39,13,0.0,2.0,2.0,3.0,17.0,1.0,9.0,4.0,9.0,1.0,1.0,0.0,0.0
EPL_2018,31/03/2019,10,11,1.0,2.0,2.0,8.0,21.0,3.0,3.0,2.0,7.0,2.0,3.0,0.0,0.0
EPL_2018,31/03/2019,20,36,2.0,1.0,0.0,14.0,11.0,3.0,2.0,10.0,3.0,0.0,1.0,0.0,0.0
EPL_2018,01/04/2019,0,25,2.0,0.0,0.0,7.0,3.0,4.0,1.0,6.0,2.0,2.0,0.0,0.0,0.0
EPL_2018,02/04/2019,37,14,4.0,1.0,0.0,15.0,17.0,7.0,7.0,6.0,4.0,3.0,2.0,0.0,0.0
EPL_2018,02/04/2019,41,23,2.0,1.0,0.0,9.0,18.0,2.0,4.0,3.0,5.0,1.0,2.0,0.0,1.0
EPL_2018,03/04/2019,11,8,3.0,0.0,0.0,17.0,3.0,4.0,1.0,7.0,1.0,0.0,0.0,0.0,0.0
EPL_2018,03/04/2019,22,10,2.0,0.0,0.0,27.0,4.0,11.0,1.0,7.0,4.0,0.0,3.0,0.0,0.0
EPL_2018,03/04/2019,36,12,2.0,0.0,0.0,26.0,5.0,10.0,1.0,8.0,2.0,1.0,0.0,0.0,0.0
EPL_2018,05/04/2019,32,20,1.0,3.0,2.0,11.0,17.0,1.0,5.0,7.0,5.0,2.0,4.0,0.0,0.0
EPL_2018,06/04/2019,6,9,1.0,3.0,2.0,10.0,11.0,2.0,3.0,3.0,6.0,2.0,3.0,0.0,0.0
EPL_2018,06/04/2019,15,19,1.0,4.0,2.0,10.0,18.0,4.0,9.0,8.0,5.0,3.0,0.0,0.0,0.0
EPL_2018,06/04/2019,25,12,0.0,1.0,2.0,18.0,3.0,5.0,1.0,9.0,4.0,1.0,2.0,0.0,0.0
EPL_2018,07/04/2019,13,0,1.0,0.0,0.0,23.0,7.0,6.0,2.0,9.0,6.0,1.0,4.0,0.0,0.0
EPL_2018,08/04/2019,11,39,2.0,0.0,0.0,16.0,9.0,7.0,2.0,7.0,4.0,2.0,1.0,0.0,0.0
EPL_2018,12/04/2019,19,25,0.0,1.0,2.0,12.0,11.0,5.0,5.0,2.0,3.0,2.0,3.0,0.0,0.0
EPL_2018,13/04/2019,8,6,0.0,5.0,2.0,8.0,14.0,1.0,7.0,4.0,1.0,2.0,4.0,1.0,0.0
EPL_2018,13/04/2019,9,10,2.0,0.0,0.0,14.0,14.0,7.0,2.0,8.0,4.0,2.0,3.0,0.0,0.0
EPL_2018,13/04/2019,14,13,2.0,0.0,0.0,12.0,8.0,5.0,1.0,7.0,3.0,2.0,1.0,0.0,0.0
EPL_2018,13/04/2019,23,39,2.0,1.0,0.0,14.0,18.0,4.0,4.0,3.0,11.0,1.0,1.0,0.0,0.0
EPL_2018,13/04/2019,32,41,3.0,1.0,0.0,13.0,17.0,6.0,2.0,4.0,9.0,1.0,3.0,0.0,0.0
EPL_2018,13/04/2019,36,15,4.0,0.0,0.0,22.0,7.0,5.0,1.0,4.0,2.0,2.0,2.0,0.0,0.0
EPL_2018,14/04/2019,12,22,1.0,3.0,2.0,7.0,20.0,3.0,6.0,2.0,9.0,0.0,0.0,0.0,0.0
EPL_2018,14/04/2019,20,11,2.0,0.0,0.0,15.0,6.0,7.0,3.0,9.0,2.0,0.0,1.0,0.0,0.0
EPL_2018,15/04/2019,37,0,0.0,1.0,2.0,11.0,19.0,3.0,6.0,6.0,4.0,2.0,0.0,1.0,0.0
EPL_2018,16/04/2019,8,10,0.0,2.0,2.0,14.0,10.0,2.0,3.0,5.0,4.0,0.0,1.0,0.0,0.0
EPL_2018,20/04/2019,6,14,0.0,1.0,2.0,15.0,17.0,5.0,5.0,3.0,7.0,1.0,3.0,0.0,0.0
EPL_2018,20/04/2019,15,37,1.0,2.0,2.0,13.0,11.0,3.0,6.0,2.0,2.0,2.0,2.0,0.0,0.0
EPL_2018,20/04/2019,22,36,1.0,0.0,0.0,15.0,10.0,4.0,4.0,4.0,4.0,1.0,2.0,0.0,0.0
EPL_2018,20/04/2019,25,32,3.0,1.0,0.0,15.0,15.0,6.0,3.0,4.0,11.0,0.0,2.0,0.0,0.0
EPL_2018,20/04/2019,39,19,2.0,2.0,1.0,11.0,11.0,3.0,5.0,6.0,8.0,2.0,0.0,0.0,0.0
EPL_2018,20/04/2019,41,8,0.0,0.0,1.0,22.0,5.0,5.0,0.0,14.0,1.0,0.0,1.0,0.0,0.0
EPL_2018,21/04/2019,0,12,2.0,3.0,2.0,12.0,16.0,5.0,7.0,8.0,3.0,4.0,1.0,0.0,0.0
EPL_2018,21/04/2019,10,20,0.0,2.0,2.0,7.0,17.0,2.0,6.0,5.0,10.0,1.0,1.0,0.0,0.0
EPL_2018,21/04/2019,13,23,4.0,0.0,0.0,15.0,7.0,8.0,1.0,10.0,2.0,1.0,1.0,0.0,0.0
EPL_2018,22/04/2019,11,9,2.0,2.0,1.0,22.0,6.0,9.0,3.0,10.0,1.0,2.0,1.0,0.0,0.0
EPL_2018,23/04/2019,36,8,1.0,0.0,0.0,29.0,6.0,5.0,1.0,6.0,3.0,1.0,2.0,0.0,0.0
EPL_2018,23/04/2019,37,32,1.0,1.0,1.0,15.0,8.0,4.0,4.0,3.0,4.0,5.0,2.0,0.0,0.0
EPL_2018,24/04/2019,23,22,0.0,2.0,2.0,12.0,8.0,1.0,5.0,1.0,1.0,2.0,2.0,0.0,0.0
EPL_2018,24/04/2019,41,0,3.0,1.0,0.0,11.0,11.0,3.0,1.0,5.0,5.0,2.0,3.0,0.0,0.0
EPL_2018,26/04/2019,20,15,5.0,0.0,0.0,21.0,5.0,7.0,1.0,4.0,4.0,0.0,0.0,0.0,0.0
EPL_2018,27/04/2019,8,25,1.0,1.0,1.0,9.0,9.0,2.0,1.0,7.0,4.0,2.0,3.0,0.0,0.0
EPL_2018,27/04/2019,12,13,0.0,0.0,1.0,8.0,22.0,0.0,3.0,5.0,10.0,2.0,0.0,0.0,0.0
EPL_2018,27/04/2019,14,10,1.0,0.0,0.0,8.0,13.0,2.0,8.0,10.0,3.0,0.0,0.0,0.0,0.0
EPL_2018,27/04/2019,32,6,3.0,3.0,1.0,22.0,9.0,7.0,5.0,9.0,3.0,2.0,1.0,0.0,0.0
EPL_2018,27/04/2019,36,39,0.0,1.0,2.0,14.0,16.0,4.0,7.0,2.0,7.0,0.0,2.0,0.0,0.0
EPL_2018,27/04/2019,37,41,1.0,2.0,2.0,10.0,11.0,1.0,4.0,4.0,5.0,3.0,2.0,0.0,0.0
EPL_2018,28/04/2019,9,22,0.0,1.0,2.0,2.0,25.0,0.0,7.0,0.0,6.0,1.0,1.0,0.0,0.0
EPL_2018,28/04/2019,19,0,3.0,0.0,0.0,24.0,6.0,12.0,1.0,8.0,6.0,3.0,1.0,0.0,1.0
EPL_2018,28/04/2019,23,11,1.0,1.0,1.0,7.0,16.0,5.0,3.0,6.0,6.0,3.0,2.0,0.0,0.0
EPL_2018,03/05/2019,13,9,2.0,0.0,0.0,20.0,5.0,6.0,1.0,8.0,1.0,0.0,2.0,0.0,0.0
EPL_2018,04/05/2019,6,36,1.0,0.0,0.0,20.0,11.0,6.0,5.0,10.0,6.0,1.0,5.0,0.0,2.0
EPL_2018,04/05/2019,10,12,2.0,3.0,2.0,18.0,21.0,8.0,7.0,10.0,5.0,0.0,0.0,0.0,0.0
EPL_2018,04/05/2019,25,20,2.0,3.0,2.0,14.0,11.0,7.0,4.0,2.0,3.0,1.0,1.0,0.0,0.0
EPL_2018,04/05/2019,39,32,3.0,0.0,0.0,17.0,11.0,6.0,1.0,2.0,7.0,1.0,1.0,0.0,0.0
EPL_2018,04/05/2019,41,14,1.0,0.0,0.0,19.0,6.0,6.0,2.0,7.0,1.0,1.0,3.0,0.0,0.0
EPL_2018,05/05/2019,0,8,1.0,1.0,1.0,20.0,11.0,8.0,5.0,16.0,3.0,5.0,2.0,0.0,0.0
EPL_2018,05/05/2019,11,37,3.0,0.0,0.0,19.0,15.0,9.0,3.0,6.0,6.0,0.0,1.0,0.0,0.0
EPL_2018,05/05/2019,15,23,1.0,1.0,1.0,7.0,23.0,3.0,7.0,3.0,7.0,1.0,1.0,0.0,0.0
EPL_2018,06/05/2019,22,19,1.0,0.0,0.0,19.0,7.0,5.0,2.0,11.0,0.0,3.0,2.0,0.0,0.0
EPL_2018,12/05/2019,8,22,1.0,4.0,2.0,6.0,20.0,2.0,9.0,2.0,6.0,0.0,0.0,0.0,0.0
EPL_2018,12/05/2019,9,0,1.0,3.0,2.0,14.0,17.0,5.0,6.0,4.0,5.0,5.0,1.0,0.0,0.0
EPL_2018,12/05/2019,12,6,5.0,3.0,0.0,17.0,16.0,8.0,8.0,4.0,4.0,3.0,0.0,0.0,0.0
EPL_2018,12/05/2019,14,25,0.0,4.0,2.0,16.0,13.0,2.0,6.0,5.0,5.0,1.0,0.0,0.0,0.0
EPL_2018,12/05/2019,19,11,0.0,0.0,1.0,9.0,14.0,3.0,4.0,4.0,5.0,0.0,1.0,0.0,0.0
EPL_2018,12/05/2019,20,41,2.0,0.0,0.0,13.0,7.0,5.0,2.0,4.0,1.0,0.0,2.0,0.0,0.0
EPL_2018,12/05/2019,23,10,0.0,2.0,2.0,26.0,13.0,10.0,4.0,11.0,2.0,3.0,3.0,0.0,0.0
EPL_2018,12/05/2019,32,15,1.0,1.0,1.0,10.0,10.0,3.0,3.0,4.0,3.0,0.0,1.0,0.0,0.0
EPL_2018,12/05/2019,36,13,2.0,2.0,1.0,11.0,17.0,3.0,9.0,7.0,4.0,0.0,2.0,0.0,0.0
EPL_2018,12/05/2019,37,39,1.0,4.0,2.0,17.0,16.0,8.0,9.0,7.0,2.0,1.0,0.0,1.0,0.0
EPL_2019,09/08/2019,20,26,4.0,1.0,0.0,15.0,12.0,7.0,5.0,11.0,2.0,0.0,2.0,0.0,0.0
EPL_2019,10/08/2019,39,22,0.0,5.0,2.0,5.0,14.0,3.0,9.0,1.0,1.0,2.0,2.0,0.0,0.0
EPL_2019,10/08/2019,6,31,1.0,1.0,1.0,13.0,8.0,3.0,3.0,3.0,4.0,2.0,1.0,0.0,0.0
EPL_2019,10/08/2019,9,32,3.0,0.0,0.0,10.0,11.0,4.0,3.0,2.0,7.0,0.0,0.0,0.0,0.0
EPL_2019,10/08/2019,12,13,0.0,0.0,1.0,6.0,10.0,2.0,3.0,6.0,2.0,2.0,1.0,0.0,1.0
EPL_2019,10/08/2019,37,8,0.0,3.0,2.0,11.0,5.0,3.0,3.0,5.0,2.0,0.0,1.0,0.0,0.0
EPL_2019,10/08/2019,36,1,3.0,1.0,0.0,31.0,7.0,7.0,4.0,14.0,0.0,1.0,0.0,0.0,0.0
EPL_2019,11/08/2019,19,41,0.0,0.0,1.0,15.0,8.0,1.0,2.0,12.0,3.0,0.0,2.0,0.0,0.0
EPL_2019,11/08/2019,25,0,0.0,1.0,2.0,9.0,8.0,2.0,2.0,5.0,3.0,1.0,3.0,0.0,0.0
EPL_2019,11/08/2019,23,11,4.0,0.0,0.0,11.0,18.0,5.0,7.0,3.0,5.0,3.0,4.0,0.0,0.0
EPL_2019,17/08/2019,0,9,2.0,1.0,0.0,16.0,18.0,9.0,5.0,10.0,7.0,2.0,1.0,0.0,0.0
EPL_2019,17/08/2019,1,6,1.0,2.0,2.0,22.0,12.0,7.0,4.0,10.0,5.0,0.0,2.0,0.0,0.0
EPL_2019,17/08/2019,8,39,1.0,1.0,1.0,16.0,8.0,4.0,3.0,8.0,6.0,0.0,2.0,0.0,0.0
EPL_2019,17/08/2019,13,37,1.0,0.0,0.0,12.0,8.0,2.0,2.0,4.0,7.0,2.0,3.0,0.0,0.0
EPL_2019,17/08/2019,26,25,3.0,1.0,0.0,15.0,10.0,8.0,3.0,7.0,5.0,1.0,3.0,0.0,0.0
EPL_2019,17/08/2019,32,20,1.0,2.0,2.0,14.0,15.0,3.0,6.0,5.0,9.0,2.0,1.0,0.0,0.0
EPL_2019,17/08/2019,22,36,2.0,2.0,1.0,30.0,3.0,10.0,2.0,13.0,2.0,1.0,0.0,0.0,0.0
EPL_2019,18/08/2019,31,12,1.0,0.0,0.0,15.0,6.0,3.0,4.0,8.0,4.0,3.0,1.0,0.0,0.0
EPL_2019,18/08/2019,11,19,1.0,1.0,1.0,14.0,12.0,5.0,3.0,4.0,5.0,1.0,0.0,0.0,0.0
EPL_2019,19/08/2019,41,23,1.0,1.0,1.0,6.0,9.0,2.0,2.0,4.0,6.0,2.0,2.0,0.0,0.0
EPL_2019,23/08/2019,1,13,2.0,0.0,0.0,7.0,12.0,3.0,1.0,0.0,6.0,2.0,3.0,0.0,0.0
EPL_2019,24/08/2019,26,11,2.0,3.0,2.0,6.0,23.0,5.0,8.0,1.0,8.0,1.0,1.0,0.0,0.0
EPL_2019,24/08/2019,8,32,0.0,2.0,2.0,12.0,12.0,3.0,4.0,8.0,5.0,1.0,3.0,1.0,0.0
EPL_2019,24/08/2019,23,12,1.0,2.0,2.0,22.0,5.0,3.0,3.0,8.0,1.0,2.0,4.0,0.0,0.0
EPL_2019,24/08/2019,31,19,1.0,2.0,2.0,8.0,10.0,3.0,2.0,7.0,4.0,1.0,0.0,0.0,0.0
EPL_2019,24/08/2019,37,39,1.0,3.0,2.0,23.0,16.0,3.0,10.0,8.0,7.0,1.0,1.0,0.0,0.0
EPL_2019,24/08/2019,20,0,3.0,1.0,0.0,25.0,9.0,5.0,3.0,6.0,4.0,1.0,1.0,0.0,0.0
EPL_2019,25/08/2019,6,22,1.0,3.0,2.0,10.0,19.0,7.0,5.0,4.0,5.0,1.0,3.0,0.0,0.0
EPL_2019,25/08/2019,36,25,0.0,1.0,2.0,17.0,8.0,2.0,3.0,6.0,6.0,2.0,2.0,0.0,0.0
EPL_2019,25/08/2019,41,9,1.0,1.0,1.0,17.0,13.0,2.0,4.0,4.0,3.0,0.0,2.0,0.0,0.0
EPL_2019,31/08/2019,32,23,1.0,1.0,1.0,10.0,21.0,2.0,8.0,2.0,3.0,1.0,2.0,1.0,0.0
EPL_2019,31/08/2019,11,31,2.0,2.0,1.0,13.0,8.0,5.0,2.0,3.0,4.0,0.0,1.0,0.0,0.0
EPL_2019,31/08/2019,12,1,1.0,0.0,0.0,22.0,10.0,5.0,2.0,13.0,2.0,2.0,4.0,0.0,1.0
EPL_2019,31/08/2019,19,6,3.0,1.0,0.0,13.0,8.0,5.0,2.0,4.0,5.0,1.0,3.0,0.0,0.0
EPL_2019,31/08/2019,22,8,4.0,0.0,0.0,15.0,6.0,6.0,2.0,8.0,1.0,1.0,1.0,0.0,0.0
EPL_2019,31/08/2019,25,37,1.0,1.0,1.0,13.0,13.0,5.0,3.0,6.0,5.0,2.0,3.0,0.0,0.0
EPL_2019,31/08/2019,39,26,2.0,0.0,0.0,18.0,8.0,8.0,3.0,8.0,2.0,2.0,1.0,0.0,0.0
EPL_2019,31/08/2019,9,20,0.0,3.0,2.0,7.0,15.0,2.0,7.0,6.0,4.0,0.0,0.0,0.0,0.0
EPL_2019,01/09/2019,13,41,3.0,2.0,0.0,15.0,8.0,6.0,5.0,7.0,7.0,1.0,4.0,0.0,1.0
EPL_2019,01/09/2019,0,36,2.0,2.0,1.0,26.0,13.0,8.0,9.0,11.0,6.0,3.0,5.0,0.0,0.0
EPL_2019,14/09/2019,20,25,3.0,1.0,0.0,21.0,8.0,9.0,1.0,10.0,1.0,0.0,0.0,0.0,0.0
EPL_2019,14/09/2019,8,9,1.0,1.0,1.0,14.0,7.0,5.0,1.0,3.0,6.0,0.0,2.0,0.0,0.0
EPL_2019,14/09/2019,23,19,1.0,0.0,0.0,10.0,9.0,5.0,3.0,3.0,9.0,1.0,2.0,0.0,0.0
EPL_2019,14/09/2019,31,32,0.0,1.0,2.0,17.0,11.0,4.0,7.0,12.0,6.0,1.0,1.0,1.0,0.0
EPL_2019,14/09/2019,36,12,4.0,0.0,0.0,13.0,11.0,5.0,6.0,4.0,3.0,4.0,2.0,0.0,0.0
EPL_2019,14/09/2019,41,11,2.0,5.0,2.0,11.0,15.0,4.0,6.0,7.0,5.0,1.0,2.0,0.0,0.0
EPL_2019,14/09/2019,26,22,3.0,2.0,0.0,7.0,25.0,3.0,8.0,3.0,16.0,3.0,1.0,0.0,0.0
EPL_2019,15/09/2019,6,13,3.0,1.0,0.0,13.0,14.0,6.0,5.0,7.0,7.0,0.0,4.0,0.0,0.0
EPL_2019,15/09/2019,37,0,2.0,2.0,1.0,31.0,10.0,7.0,4.0,7.0,1.0,3.0,3.0,0.0,0.0
EPL_2019,16/09/2019,1,39,0.0,0.0,1.0,10.0,13.0,5.0,1.0,2.0,4.0,2.0,1.0,0.0,1.0
EPL_2019,20/09/2019,32,6,1.0,3.0,2.0,25.0,6.0,6.0,3.0,4.0,5.0,1.0,3.0,0.0,0.0
EPL_2019,21/09/2019,19,36,2.0,1.0,0.0,16.0,11.0,7.0,4.0,8.0,2.0,1.0,2.0,0.0,0.0
EPL_2019,21/09/2019,9,26,2.0,0.0,0.0,13.0,11.0,6.0,2.0,7.0,3.0,0.0,1.0,0.0,0.0
EPL_2019,21/09/2019,13,31,0.0,2.0,2.0,16.0,2.0,3.0,1.0,12.0,3.0,1.0,3.0,0.0,0.0
EPL_2019,21/09/2019,22,37,8.0,0.0,0.0,28.0,5.0,11.0,4.0,5.0,4.0,2.0,2.0,0.0,0.0
EPL_2019,21/09/2019,25,8,0.0,0.0,1.0,11.0,16.0,4.0,3.0,5.0,3.0,2.0,1.0,0.0,0.0
EPL_2019,22/09/2019,12,41,1.0,1.0,1.0,13.0,14.0,4.0,4.0,6.0,7.0,2.0,1.0,0.0,1.0
EPL_2019,22/09/2019,39,23,2.0,0.0,0.0,8.0,9.0,6.0,3.0,3.0,7.0,2.0,2.0,0.0,0.0
EPL_2019,22/09/2019,0,1,3.0,2.0,0.0,21.0,14.0,6.0,9.0,9.0,4.0,5.0,1.0,1.0,0.0
EPL_2019,22/09/2019,11,20,1.0,2.0,2.0,13.0,6.0,2.0,3.0,6.0,4.0,3.0,3.0,0.0,0.0
EPL_2019,28/09/2019,31,20,0.0,1.0,2.0,12.0,16.0,2.0,4.0,6.0,5.0,1.0,1.0,0.0,0.0
EPL_2019,28/09/2019,1,9,2.0,2.0,1.0,16.0,10.0,3.0,3.0,7.0,3.0,1.0,4.0,0.0,0.0
EPL_2019,28/09/2019,6,39,2.0,2.0,1.0,13.0,17.0,5.0,6.0,6.0,6.0,3.0,1.0,0.0,0.0
EPL_2019,28/09/2019,11,8,2.0,0.0,0.0,24.0,8.0,10.0,1.0,5.0,2.0,2.0,3.0,0.0,0.0
EPL_2019,28/09/2019,12,26,2.0,0.0,0.0,15.0,10.0,3.0,3.0,5.0,5.0,3.0,1.0,0.0,0.0
EPL_2019,28/09/2019,36,32,2.0,1.0,0.0,9.0,14.0,4.0,6.0,6.0,6.0,0.0,2.0,1.0,0.0
EPL_2019,28/09/2019,41,37,2.0,0.0,0.0,6.0,14.0,2.0,5.0,1.0,6.0,0.0,1.0,0.0,0.0
EPL_2019,28/09/2019,13,22,1.0,3.0,2.0,12.0,20.0,8.0,9.0,5.0,2.0,2.0,2.0,0.0,0.0
EPL_2019,29/09/2019,19,25,5.0,0.0,0.0,13.0,3.0,5.0,0.0,9.0,0.0,1.0,1.0,0.0,1.0
EPL_2019,30/09/2019,23,0,1.0,1.0,1.0,16.0,10.0,4.0,5.0,8.0,7.0,4.0,2.0,0.0,0.0
EPL_2019,05/10/2019,8,36,3.0,0.0,0.0,17.0,8.0,6.0,3.0,4.0,4.0,2.0,1.0,0.0,0.0
EPL_2019,05/10/2019,9,13,1.0,0.0,0.0,9.0,11.0,3.0,2.0,7.0,9.0,2.0,1.0,0.0,1.0
EPL_2019,05/10/2019,20,19,2.0,1.0,0.0,18.0,2.0,8.0,1.0,4.0,6.0,1.0,4.0,0.0,0.0
EPL_2019,05/10/2019,26,1,1.0,5.0,2.0,21.0,22.0,5.0,12.0,10.0,6.0,1.0,3.0,0.0,0.0
EPL_2019,05/10/2019,37,31,0.0,0.0,1.0,8.0,9.0,2.0,3.0,7.0,7.0,0.0,2.0,0.0,0.0
EPL_2019,05/10/2019,39,12,1.0,2.0,2.0,9.0,7.0,4.0,4.0,2.0,2.0,3.0,2.0,0.0,0.0
EPL_2019,06/10/2019,0,6,1.0,0.0,0.0,12.0,10.0,2.0,2.0,14.0,5.0,1.0,2.0,0.0,0.0
EPL_2019,06/10/2019,22,41,0.0,2.0,2.0,18.0,7.0,2.0,2.0,9.0,1.0,5.0,2.0,0.0,0.0
EPL_2019,06/10/2019,32,11,1.0,4.0,2.0,10.0,13.0,3.0,7.0,3.0,4.0,0.0,1.0,0.0,0.0
EPL_2019,06/10/2019,25,23,1.0,0.0,0.0,12.0,12.0,2.0,3.0,4.0,6.0,3.0,3.0,0.0,0.0
EPL_2019,19/10/2019,13,39,2.0,0.0,0.0,19.0,8.0,10.0,4.0,11.0,2.0,2.0,2.0,0.0,0.0
EPL_2019,19/10/2019,1,8,2.0,1.0,0.0,24.0,20.0,8.0,5.0,7.0,5.0,1.0,2.0,0.0,1.0
EPL_2019,19/10/2019,6,26,0.0,0.0,1.0,11.0,10.0,2.0,1.0,6.0,7.0,1.0,3.0,0.0,0.0
EPL_2019,19/10/2019,11,25,1.0,0.0,0.0,16.0,5.0,8.0,0.0,11.0,0.0,2.0,1.0,0.0,0.0
EPL_2019,19/10/2019,19,9,2.0,1.0,0.0,19.0,13.0,3.0,4.0,9.0,4.0,0.0,3.0,0.0,0.0
EPL_2019,19/10/2019,36,37,1.0,1.0,1.0,12.0,7.0,2.0,2.0,11.0,2.0,4.0,3.0,0.0,0.0
EPL_2019,19/10/2019,41,32,1.0,1.0,1.0,4.0,14.0,1.0,5.0,1.0,3.0,3.0,2.0,0.0,0.0
EPL_2019,19/10/2019,12,22,0.0,2.0,2.0,7.0,21.0,2.0,10.0,1.0,8.0,1.0,1.0,0.0,0.0
EPL_2019,20/10/2019,23,20,1.0,1.0,1.0,7.0,10.0,2.0,4.0,3.0,1.0,0.0,1.0,0.0,0.0
EPL_2019,21/10/2019,31,0,1.0,0.0,0.0,8.0,9.0,2.0,3.0,7.0,12.0,4.0,4.0,0.0,0.0
EPL_2019,25/10/2019,32,19,0.0,9.0,2.0,6.0,25.0,3.0,15.0,2.0,7.0,0.0,0.0,1.0,0.0
EPL_2019,26/10/2019,22,1,3.0,0.0,0.0,25.0,11.0,9.0,5.0,13.0,7.0,1.0,1.0,1.0,0.0
EPL_2019,26/10/2019,8,13,3.0,2.0,0.0,8.0,10.0,4.0,6.0,0.0,5.0,2.0,1.0,0.0,0.0
EPL_2019,26/10/2019,37,6,0.0,0.0,1.0,7.0,15.0,3.0,5.0,5.0,10.0,5.0,3.0,0.0,0.0
EPL_2019,26/10/2019,39,31,1.0,1.0,1.0,12.0,10.0,4.0,4.0,10.0,4.0,2.0,2.0,0.0,0.0
EPL_2019,26/10/2019,9,11,2.0,4.0,2.0,13.0,16.0,5.0,7.0,5.0,6.0,3.0,2.0,0.0,0.0
EPL_2019,27/10/2019,25,41,1.0,1.0,1.0,13.0,13.0,2.0,5.0,3.0,6.0,2.0,2.0,1.0,0.0
EPL_2019,27/10/2019,0,12,2.0,2.0,1.0,15.0,10.0,6.0,4.0,12.0,5.0,2.0,0.0,0.0,0.0
EPL_2019,27/10/2019,20,36,2.0,1.0,0.0,21.0,11.0,13.0,4.0,8.0,3.0,3.0,3.0,0.0,0.0
EPL_2019,27/10/2019,26,23,1.0,3.0,2.0,10.0,21.0,3.0,11.0,1.0,10.0,2.0,2.0,0.0,0.0
EPL_2019,02/11/2019,6,23,1.0,0.0,0.0,12.0,15.0,6.0,4.0,4.0,10.0,4.0,3.0,0.0,0.0
EPL_2019,02/11/2019,0,41,1.0,1.0,1.0,10.0,25.0,4.0,8.0,8.0,9.0,0.0,2.0,0.0,0.0
EPL_2019,02/11/2019,1,20,1.0,2.0,2.0,5.0,25.0,2.0,6.0,2.0,10.0,1.0,2.0,0.0,0.0
EPL_2019,02/11/2019,8,26,2.0,0.0,0.0,21.0,7.0,5.0,0.0,8.0,3.0,0.0,1.0,0.0,0.0
EPL_2019,02/11/2019,22,32,2.0,1.0,0.0,26.0,3.0,4.0,3.0,17.0,0.0,3.0,1.0,0.0,0.0
EPL_2019,02/11/2019,31,9,3.0,0.0,0.0,13.0,6.0,6.0,0.0,7.0,6.0,1.0,2.0,0.0,0.0
EPL_2019,02/11/2019,39,25,2.0,3.0,2.0,16.0,12.0,6.0,9.0,7.0,3.0,2.0,1.0,0.0,0.0
EPL_2019,02/11/2019,37,11,1.0,2.0,2.0,12.0,16.0,3.0,10.0,1.0,6.0,4.0,2.0,0.0,0.0
EPL_2019,03/11/2019,12,19,0.0,2.0,2.0,12.0,14.0,3.0,5.0,5.0,6.0,2.0,2.0,0.0,0.0
EPL_2019,03/11/2019,13,36,1.0,1.0,1.0,7.0,4.0,3.0,2.0,5.0,2.0,1.0,2.0,0.0,1.0
EPL_2019,08/11/2019,26,37,0.0,2.0,2.0,17.0,12.0,5.0,2.0,10.0,4.0,1.0,2.0,0.0,1.0
EPL_2019,09/11/2019,11,12,2.0,0.0,0.0,23.0,3.0,5.0,1.0,7.0,0.0,3.0,2.0,0.0,0.0
EPL_2019,09/11/2019,9,39,3.0,0.0,0.0,14.0,7.0,12.0,4.0,11.0,4.0,2.0,1.0,0.0,0.0
EPL_2019,09/11/2019,25,6,2.0,1.0,0.0,20.0,16.0,9.0,3.0,5.0,4.0,2.0,0.0,0.0,0.0
EPL_2019,09/11/2019,32,13,1.0,2.0,2.0,4.0,24.0,3.0,5.0,5.0,9.0,1.0,1.0,0.0,0.0
EPL_2019,09/11/2019,36,31,1.0,1.0,1.0,17.0,14.0,5.0,4.0,4.0,4.0,2.0,2.0,0.0,0.0
EPL_2019,09/11/2019,19,0,2.0,0.0,0.0,19.0,8.0,7.0,1.0,5.0,4.0,1.0,1.0,0.0,0.0
EPL_2019,10/11/2019,23,8,3.0,1.0,0.0,21.0,6.0,11.0,2.0,5.0,2.0,2.0,5.0,0.0,0.0
EPL_2019,10/11/2019,41,1,2.0,1.0,0.0,17.0,13.0,5.0,4.0,6.0,3.0,4.0,3.0,0.0,0.0
EPL_2019,10/11/2019,20,22,3.0,1.0,0.0,12.0,18.0,5.0,3.0,4.0,13.0,0.0,2.0,0.0,0.0
EPL_2019,23/11/2019,39,36,2.0,3.0,2.0,11.0,15.0,4.0,6.0,3.0,7.0,3.0,2.0,0.0,0.0
EPL_2019,23/11/2019,0,32,2.0,2.0,1.0,12.0,21.0,5.0,6.0,6.0,8.0,6.0,2.0,0.0,0.0
EPL_2019,23/11/2019,6,41,1.0,2.0,2.0,9.0,17.0,2.0,7.0,5.0,9.0,2.0,1.0,1.0,0.0
EPL_2019,23/11/2019,8,19,0.0,2.0,2.0,7.0,19.0,0.0,9.0,6.0,7.0,2.0,0.0,0.0,0.0
EPL_2019,23/11/2019,12,20,1.0,2.0,2.0,16.0,12.0,6.0,4.0,9.0,8.0,0.0,1.0,0.0,0.0
EPL_2019,23/11/2019,13,26,0.0,2.0,2.0,18.0,13.0,7.0,5.0,7.0,7.0,3.0,5.0,0.0,0.0
EPL_2019,23/11/2019,37,9,0.0,3.0,2.0,15.0,11.0,4.0,5.0,7.0,5.0,0.0,3.0,0.0,0.0
EPL_2019,23/11/2019,22,11,2.0,1.0,0.0,15.0,11.0,4.0,2.0,8.0,2.0,1.0,1.0,0.0,0.0
EPL_2019,24/11/2019,31,23,3.0,3.0,1.0,12.0,11.0,8.0,5.0,6.0,3.0,1.0,2.0,0.0,0.0
EPL_2019,25/11/2019,1,25,2.0,0.0,0.0,17.0,11.0,8.0,5.0,11.0,6.0,1.0,1.0,0.0,0.0
EPL_2019,30/11/2019,25,22,2.0,2.0,1.0,6.0,24.0,3.0,9.0,1.0,10.0,1.0,2.0,0.0,0.0
EPL_2019,30/11/2019,9,12,0.0,2.0,2.0,15.0,7.0,4.0,2.0,5.0,6.0,2.0,0.0,0.0,0.0
EPL_2019,30/11/2019,11,39,0.0,1.0,2.0,19.0,5.0,6.0,4.0,9.0,3.0,0.0,3.0,0.0,0.0
EPL_2019,30/11/2019,20,8,2.0,1.0,0.0,15.0,12.0,7.0,5.0,4.0,5.0,0.0,0.0,1.0,0.0
EPL_2019,30/11/2019,36,6,3.0,2.0,0.0,15.0,20.0,5.0,6.0,4.0,8.0,0.0,2.0,0.0,0.0
EPL_2019,30/11/2019,32,37,2.0,1.0,0.0,11.0,6.0,6.0,3.0,6.0,7.0,1.0,0.0,0.0,0.0
EPL_2019,01/12/2019,26,0,2.0,2.0,1.0,15.0,16.0,8.0,7.0,7.0,12.0,2.0,1.0,0.0,0.0
EPL_2019,01/12/2019,41,31,1.0,1.0,1.0,13.0,9.0,3.0,4.0,7.0,2.0,1.0,4.0,0.0,0.0
EPL_2019,01/12/2019,19,13,2.0,1.0,0.0,16.0,11.0,6.0,3.0,4.0,4.0,0.0,1.0,0.0,0.0
EPL_2019,01/12/2019,23,1,2.0,2.0,1.0,16.0,9.0,6.0,3.0,9.0,9.0,4.0,1.0,0.0,0.0
EPL_2019,03/12/2019,12,6,1.0,0.0,0.0,7.0,6.0,2.0,3.0,6.0,9.0,3.0,3.0,1.0,0.0
EPL_2019,03/12/2019,9,22,1.0,4.0,2.0,4.0,17.0,2.0,8.0,3.0,6.0,1.0,1.0,0.0,0.0
EPL_2019,04/12/2019,11,1,2.0,1.0,0.0,25.0,9.0,9.0,3.0,9.0,5.0,2.0,1.0,0.0,0.0
EPL_2019,04/12/2019,19,37,2.0,0.0,0.0,12.0,4.0,6.0,1.0,7.0,2.0,3.0,2.0,0.0,0.0
EPL_2019,04/12/2019,23,36,2.0,1.0,0.0,12.0,8.0,7.0,5.0,4.0,3.0,0.0,1.0,0.0,0.0
EPL_2019,04/12/2019,32,26,2.0,1.0,0.0,14.0,10.0,5.0,3.0,6.0,1.0,1.0,1.0,0.0,0.0
EPL_2019,04/12/2019,41,39,2.0,0.0,0.0,13.0,6.0,7.0,3.0,5.0,4.0,1.0,2.0,0.0,0.0
EPL_2019,04/12/2019,20,13,5.0,2.0,0.0,11.0,12.0,5.0,4.0,5.0,6.0,1.0,2.0,0.0,0.0
EPL_2019,05/12/2019,31,25,0.0,2.0,2.0,13.0,6.0,6.0,4.0,8.0,1.0,2.0,0.0,0.0,0.0
EPL_2019,05/12/2019,0,8,1.0,2.0,2.0,12.0,20.0,5.0,9.0,9.0,9.0,3.0,1.0,0.0,0.0
EPL_2019,07/12/2019,13,11,3.0,1.0,0.0,13.0,15.0,7.0,4.0,1.0,5.0,3.0,0.0,0.0,0.0
EPL_2019,07/12/2019,6,20,0.0,3.0,2.0,3.0,21.0,0.0,9.0,1.0,3.0,0.0,1.0,0.0,0.0
EPL_2019,07/12/2019,36,9,5.0,0.0,0.0,13.0,7.0,7.0,1.0,1.0,1.0,1.0,1.0,0.0,0.0
EPL_2019,07/12/2019,37,12,0.0,0.0,1.0,13.0,3.0,3.0,0.0,6.0,2.0,4.0,2.0,0.0,0.0
EPL_2019,07/12/2019,22,23,1.0,2.0,2.0,22.0,11.0,5.0,7.0,16.0,3.0,3.0,2.0,0.0,0.0
EPL_2019,08/12/2019,1,19,1.0,4.0,2.0,15.0,23.0,2.0,8.0,8.0,5.0,6.0,2.0,0.0,0.0
EPL_2019,08/12/2019,25,32,2.0,1.0,0.0,12.0,19.0,6.0,4.0,3.0,12.0,1.0,3.0,0.0,0.0
EPL_2019,08/12/2019,26,31,1.0,2.0,2.0,14.0,9.0,4.0,3.0,9.0,1.0,0.0,4.0,0.0,0.0
EPL_2019,08/12/2019,8,41,2.0,2.0,1.0,13.0,13.0,4.0,5.0,3.0,4.0,3.0,0.0,0.0,0.0
EPL_2019,09/12/2019,39,0,1.0,3.0,2.0,11.0,10.0,4.0,3.0,4.0,3.0,2.0,0.0,0.0,0.0
EPL_2019,14/12/2019,20,37,2.0,0.0,0.0,16.0,8.0,6.0,2.0,6.0,3.0,2.0,1.0,0.0,0.0
EPL_2019,14/12/2019,9,25,1.0,0.0,0.0,7.0,9.0,4.0,0.0,4.0,3.0,0.0,2.0,0.0,0.0
EPL_2019,14/12/2019,11,6,0.0,1.0,2.0,18.0,11.0,5.0,2.0,9.0,4.0,1.0,2.0,0.0,0.0
EPL_2019,14/12/2019,19,26,1.0,1.0,1.0,18.0,10.0,5.0,3.0,12.0,4.0,0.0,4.0,0.0,0.0
EPL_2019,14/12/2019,31,1,2.0,0.0,0.0,7.0,8.0,3.0,0.0,3.0,2.0,2.0,2.0,0.0,0.0
EPL_2019,14/12/2019,32,39,0.0,1.0,2.0,11.0,11.0,2.0,4.0,5.0,8.0,1.0,3.0,0.0,0.0
EPL_2019,15/12/2019,23,13,1.0,1.0,1.0,24.0,8.0,8.0,3.0,6.0,5.0,1.0,2.0,0.0,0.0
EPL_2019,15/12/2019,41,36,1.0,2.0,2.0,18.0,9.0,5.0,5.0,11.0,2.0,4.0,4.0,0.0,0.0
EPL_2019,15/12/2019,0,22,0.0,3.0,2.0,6.0,14.0,1.0,7.0,3.0,3.0,1.0,4.0,0.0,0.0
EPL_2019,16/12/2019,12,8,1.0,1.0,1.0,11.0,15.0,4.0,10.0,3.0,7.0,1.0,1.0,0.0,0.0
EPL_2019,21/12/2019,13,0,0.0,0.0,1.0,9.0,6.0,0.0,2.0,5.0,4.0,2.0,3.0,0.0,0.0
EPL_2019,21/12/2019,1,32,1.0,3.0,2.0,19.0,17.0,6.0,8.0,7.0,5.0,2.0,1.0,0.0,0.0
EPL_2019,21/12/2019,6,9,0.0,1.0,2.0,3.0,2.0,0.0,1.0,4.0,5.0,2.0,4.0,0.0,0.0
EPL_2019,21/12/2019,8,31,0.0,1.0,2.0,9.0,7.0,2.0,2.0,4.0,3.0,1.0,3.0,0.0,0.0
EPL_2019,21/12/2019,25,12,1.0,0.0,0.0,8.0,16.0,3.0,4.0,4.0,5.0,2.0,0.0,0.0,0.0
EPL_2019,21/12/2019,26,41,1.0,2.0,2.0,13.0,14.0,7.0,4.0,3.0,11.0,2.0,4.0,0.0,0.0
EPL_2019,21/12/2019,22,19,3.0,1.0,0.0,23.0,5.0,12.0,2.0,6.0,1.0,2.0,2.0,0.0,0.0
EPL_2019,22/12/2019,37,23,2.0,0.0,0.0,11.0,17.0,3.0,8.0,3.0,5.0,3.0,1.0,0.0,0.0
EPL_2019,22/12/2019,36,11,0.0,2.0,2.0,5.0,13.0,1.0,3.0,3.0,5.0,4.0,3.0,1.0,0.0
EPL_2019,26/12/2019,36,8,2.0,1.0,0.0,11.0,11.0,5.0,5.0,9.0,2.0,4.0,2.0,0.0,0.0
EPL_2019,26/12/2019,1,26,1.0,0.0,0.0,11.0,16.0,2.0,6.0,5.0,8.0,2.0,3.0,0.0,0.0
EPL_2019,26/12/2019,6,0,1.0,1.0,1.0,12.0,17.0,4.0,2.0,8.0,3.0,4.0,4.0,0.0,0.0
EPL_2019,26/12/2019,11,32,0.0,2.0,2.0,10.0,5.0,3.0,3.0,8.0,1.0,3.0,2.0,0.0,0.0
EPL_2019,26/12/2019,12,39,2.0,1.0,0.0,13.0,10.0,4.0,2.0,7.0,6.0,0.0,2.0,0.0,0.0
EPL_2019,26/12/2019,13,9,1.0,0.0,0.0,21.0,6.0,5.0,0.0,10.0,2.0,0.0,0.0,0.0,0.0
EPL_2019,26/12/2019,31,37,1.0,1.0,1.0,16.0,5.0,4.0,2.0,9.0,1.0,1.0,3.0,0.0,0.0
EPL_2019,26/12/2019,23,25,4.0,1.0,0.0,22.0,7.0,10.0,2.0,5.0,0.0,2.0,2.0,0.0,0.0
EPL_2019,26/12/2019,19,20,0.0,4.0,2.0,3.0,15.0,0.0,6.0,2.0,8.0,1.0,1.0,0.0,0.0
EPL_2019,27/12/2019,41,22,3.0,2.0,0.0,20.0,7.0,8.0,3.0,3.0,1.0,0.0,1.0,0.0,1.0
EPL_2019,28/12/2019,8,6,2.0,0.0,0.0,16.0,10.0,6.0,2.0,9.0,2.0,0.0,2.0,0.0,0.0
EPL_2019,28/12/2019,25,13,1.0,2.0,2.0,20.0,22.0,5.0,9.0,5.0,8.0,2.0,2.0,0.0,0.0
EPL_2019,28/12/2019,32,12,1.0,1.0,1.0,14.0,5.0,5.0,2.0,12.0,4.0,1.0,2.0,0.0,0.0
EPL_2019,28/12/2019,37,1,3.0,0.0,0.0,20.0,11.0,6.0,2.0,6.0,3.0,3.0,1.0,1.0,0.0
EPL_2019,28/12/2019,26,36,2.0,2.0,1.0,5.0,15.0,2.0,7.0,4.0,6.0,3.0,3.0,0.0,0.0
EPL_2019,28/12/2019,39,19,1.0,2.0,2.0,14.0,13.0,4.0,8.0,5.0,5.0,4.0,1.0,0.0,0.0
EPL_2019,28/12/2019,9,23,0.0,2.0,2.0,8.0,14.0,1.0,5.0,5.0,4.0,4.0,3.0,0.0,0.0
EPL_2019,29/12/2019,0,11,1.0,2.0,2.0,7.0,13.0,2.0,4.0,2.0,3.0,5.0,4.0,0.0,0.0
EPL_2019,29/12/2019,20,41,1.0,0.0,0.0,10.0,10.0,3.0,2.0,5.0,6.0,1.0,0.0,0.0,0.0
EPL_2019,29/12/2019,22,31,2.0,0.0,0.0,16.0,8.0,4.0,0.0,8.0,5.0,1.0,1.0,0.0,0.0
EPL_2019,01/01/2020,8,11,1.0,1.0,1.0,16.0,16.0,5.0,5.0,5.0,3.0,2.0,3.0,0.0,0.0
EPL_2019,01/01/2020,9,1,1.0,2.0,2.0,20.0,11.0,1.0,6.0,8.0,4.0,1.0,1.0,0.0,0.0
EPL_2019,01/01/2020,25,19,0.0,3.0,2.0,5.0,17.0,2.0,10.0,4.0,5.0,1.0,1.0,0.0,0.0
EPL_2019,01/01/2020,32,36,1.0,0.0,0.0,12.0,11.0,3.0,5.0,6.0,9.0,3.0,4.0,0.0,0.0
EPL_2019,01/01/2020,37,41,2.0,1.0,0.0,9.0,16.0,3.0,4.0,4.0,7.0,3.0,1.0,1.0,0.0
EPL_2019,01/01/2020,22,13,2.0,1.0,0.0,16.0,7.0,7.0,2.0,3.0,6.0,0.0,4.0,0.0,0.0
EPL_2019,01/01/2020,26,12,1.0,1.0,1.0,15.0,12.0,4.0,3.0,2.0,5.0,5.0,0.0,0.0,0.0
EPL_2019,01/01/2020,39,6,4.0,0.0,0.0,14.0,3.0,7.0,2.0,9.0,2.0,1.0,2.0,0.0,0.0
EPL_2019,01/01/2020,0,23,2.0,0.0,0.0,10.0,10.0,4.0,4.0,1.0,4.0,2.0,0.0,0.0,0.0
EPL_2019,02/01/2020,20,31,2.0,0.0,0.0,19.0,3.0,7.0,2.0,8.0,4.0,0.0,0.0,0.0,0.0
EPL_2019,10/01/2020,31,39,1.0,0.0,0.0,13.0,7.0,3.0,2.0,7.0,3.0,1.0,0.0,0.0,0.0
EPL_2019,11/01/2020,12,0,1.0,1.0,1.0,6.0,7.0,3.0,4.0,1.0,4.0,2.0,3.0,0.0,1.0
EPL_2019,11/01/2020,11,9,3.0,0.0,0.0,18.0,7.0,8.0,2.0,10.0,3.0,0.0,3.0,0.0,0.0
EPL_2019,11/01/2020,13,8,1.0,0.0,0.0,14.0,9.0,6.0,2.0,4.0,3.0,2.0,1.0,0.0,0.0
EPL_2019,11/01/2020,19,32,1.0,2.0,2.0,5.0,16.0,5.0,10.0,2.0,4.0,0.0,3.0,0.0,0.0
EPL_2019,11/01/2020,23,26,4.0,0.0,0.0,13.0,8.0,6.0,3.0,4.0,2.0,0.0,0.0,0.0,0.0
EPL_2019,11/01/2020,41,25,1.0,1.0,1.0,9.0,5.0,4.0,1.0,5.0,2.0,0.0,3.0,0.0,0.0
EPL_2019,11/01/2020,36,20,0.0,1.0,2.0,14.0,13.0,4.0,7.0,4.0,3.0,0.0,2.0,0.0,0.0
EPL_2019,12/01/2020,6,37,0.0,3.0,2.0,10.0,18.0,1.0,6.0,5.0,5.0,1.0,1.0,0.0,0.0
EPL_2019,12/01/2020,1,22,1.0,6.0,2.0,7.0,22.0,1.0,12.0,2.0,4.0,2.0,1.0,0.0,0.0
EPL_2019,18/01/2020,37,36,0.0,0.0,1.0,15.0,17.0,2.0,5.0,3.0,3.0,2.0,3.0,0.0,0.0
EPL_2019,18/01/2020,0,31,1.0,1.0,1.0,11.0,12.0,4.0,4.0,4.0,5.0,1.0,2.0,0.0,0.0
EPL_2019,18/01/2020,8,1,1.0,1.0,1.0,10.0,8.0,2.0,3.0,3.0,4.0,3.0,3.0,0.0,0.0
EPL_2019,18/01/2020,22,12,2.0,2.0,1.0,25.0,5.0,6.0,3.0,14.0,2.0,1.0,2.0,0.0,0.0
EPL_2019,18/01/2020,26,6,1.0,0.0,0.0,16.0,6.0,5.0,3.0,4.0,5.0,2.0,2.0,1.0,1.0
EPL_2019,18/01/2020,32,41,2.0,3.0,2.0,11.0,8.0,5.0,4.0,1.0,3.0,2.0,1.0,0.0,0.0
EPL_2019,18/01/2020,39,13,1.0,1.0,1.0,12.0,11.0,6.0,3.0,7.0,6.0,1.0,0.0,0.0,0.0
EPL_2019,18/01/2020,25,11,1.0,0.0,0.0,7.0,19.0,2.0,4.0,1.0,10.0,1.0,1.0,0.0,0.0
EPL_2019,19/01/2020,9,19,2.0,1.0,0.0,8.0,18.0,5.0,8.0,4.0,5.0,1.0,0.0,0.0,0.0
EPL_2019,19/01/2020,20,23,2.0,0.0,0.0,16.0,9.0,5.0,4.0,11.0,5.0,1.0,3.0,0.0,0.0
EPL_2019,21/01/2020,1,37,2.0,1.0,0.0,16.0,8.0,5.0,2.0,6.0,3.0,2.0,2.0,0.0,0.0
EPL_2019,21/01/2020,6,8,3.0,1.0,0.0,11.0,21.0,3.0,8.0,5.0,8.0,1.0,1.0,0.0,0.0
EPL_2019,21/01/2020,12,32,0.0,2.0,2.0,6.0,15.0,0.0,6.0,0.0,8.0,1.0,2.0,0.0,0.0
EPL_2019,21/01/2020,13,25,2.0,2.0,1.0,17.0,8.0,8.0,2.0,6.0,4.0,1.0,1.0,0.0,0.0
EPL_2019,21/01/2020,31,22,0.0,1.0,2.0,4.0,18.0,1.0,5.0,5.0,13.0,4.0,3.0,0.0,0.0
EPL_2019,21/01/2020,11,0,2.0,2.0,1.0,19.0,2.0,8.0,2.0,17.0,5.0,2.0,1.0,0.0,1.0
EPL_2019,22/01/2020,19,39,4.0,1.0,0.0,19.0,6.0,8.0,2.0,7.0,8.0,1.0,1.0,0.0,0.0
EPL_2019,22/01/2020,36,26,2.0,1.0,0.0,14.0,12.0,3.0,2.0,7.0,3.0,0.0,1.0,0.0,0.0
EPL_2019,22/01/2020,23,9,0.0,2.0,2.0,24.0,5.0,7.0,2.0,5.0,2.0,0.0,2.0,0.0,0.0
EPL_2019,23/01/2020,41,20,1.0,2.0,2.0,10.0,13.0,3.0,6.0,2.0,4.0,0.0,1.0,0.0,0.0
EPL_2019,29/01/2020,39,20,0.0,2.0,2.0,7.0,13.0,4.0,5.0,3.0,7.0,2.0,0.0,0.0,0.0
EPL_2019,01/02/2020,19,11,2.0,2.0,1.0,14.0,7.0,4.0,3.0,4.0,6.0,2.0,2.0,0.0,0.0
EPL_2019,01/02/2020,6,1,2.0,1.0,0.0,16.0,18.0,6.0,5.0,1.0,8.0,1.0,3.0,1.0,0.0
EPL_2019,01/02/2020,12,31,0.0,1.0,2.0,13.0,10.0,3.0,3.0,9.0,5.0,3.0,2.0,0.0,0.0
EPL_2019,01/02/2020,20,32,4.0,0.0,0.0,16.0,17.0,9.0,4.0,6.0,11.0,0.0,2.0,0.0,0.0
EPL_2019,01/02/2020,25,26,0.0,0.0,1.0,15.0,19.0,5.0,4.0,8.0,12.0,2.0,1.0,0.0,0.0
EPL_2019,01/02/2020,37,13,2.0,3.0,2.0,11.0,12.0,2.0,5.0,4.0,4.0,2.0,2.0,0.0,1.0
EPL_2019,01/02/2020,39,8,3.0,3.0,1.0,12.0,19.0,6.0,6.0,4.0,6.0,1.0,1.0,0.0,0.0
EPL_2019,01/02/2020,23,41,0.0,0.0,1.0,15.0,14.0,5.0,3.0,4.0,6.0,3.0,2.0,0.0,0.0
EPL_2019,02/02/2020,9,0,0.0,0.0,1.0,15.0,13.0,2.0,2.0,5.0,7.0,1.0,3.0,0.0,0.0
EPL_2019,02/02/2020,36,22,2.0,0.0,0.0,3.0,18.0,3.0,5.0,2.0,6.0,2.0,3.0,0.0,1.0
EPL_2019,08/02/2020,13,12,3.0,1.0,0.0,14.0,10.0,8.0,2.0,4.0,6.0,0.0,1.0,0.0,0.0
EPL_2019,08/02/2020,8,37,1.0,1.0,1.0,10.0,5.0,2.0,2.0,3.0,2.0,2.0,2.0,0.0,0.0
EPL_2019,09/02/2020,31,6,2.0,1.0,0.0,16.0,10.0,6.0,2.0,8.0,4.0,2.0,2.0,0.0,0.0
EPL_2019,14/02/2020,41,19,0.0,0.0,1.0,15.0,9.0,3.0,3.0,7.0,0.0,2.0,2.0,0.0,1.0
EPL_2019,15/02/2020,32,9,1.0,2.0,2.0,10.0,9.0,2.0,6.0,4.0,3.0,2.0,2.0,0.0,0.0
EPL_2019,15/02/2020,26,20,0.0,1.0,2.0,5.0,17.0,1.0,6.0,2.0,7.0,1.0,2.0,0.0,0.0
EPL_2019,16/02/2020,1,36,2.0,3.0,2.0,18.0,23.0,4.0,10.0,12.0,7.0,2.0,0.0,0.0,0.0
EPL_2019,16/02/2020,0,25,4.0,0.0,0.0,15.0,10.0,7.0,2.0,5.0,6.0,2.0,0.0,0.0,0.0
EPL_2019,17/02/2020,11,23,0.0,2.0,2.0,17.0,9.0,1.0,3.0,9.0,8.0,4.0,3.0,0.0,0.0
EPL_2019,19/02/2020,22,39,2.0,0.0,0.0,20.0,3.0,7.0,0.0,6.0,1.0,0.0,1.0,0.0,0.0
EPL_2019,22/02/2020,11,36,2.0,1.0,0.0,17.0,5.0,7.0,3.0,3.0,5.0,1.0,2.0,0.0,0.0
EPL_2019,22/02/2020,9,6,3.0,0.0,0.0,16.0,12.0,10.0,4.0,7.0,3.0,4.0,3.0,0.0,0.0
EPL_2019,22/02/2020,12,25,1.0,0.0,0.0,18.0,8.0,9.0,2.0,7.0,5.0,2.0,6.0,0.0,1.0
EPL_2019,22/02/2020,31,8,1.0,1.0,1.0,14.0,8.0,3.0,2.0,12.0,2.0,0.0,2.0,0.0,0.0
EPL_2019,22/02/2020,32,1,2.0,0.0,0.0,28.0,4.0,9.0,1.0,9.0,6.0,1.0,4.0,0.0,0.0
EPL_2019,22/02/2020,19,22,0.0,1.0,2.0,10.0,18.0,3.0,7.0,3.0,7.0,0.0,0.0,0.0,0.0
EPL_2019,23/02/2020,23,37,3.0,0.0,0.0,21.0,7.0,9.0,2.0,3.0,5.0,0.0,1.0,0.0,0.0
EPL_2019,23/02/2020,41,26,3.0,0.0,0.0,19.0,6.0,6.0,4.0,4.0,1.0,2.0,3.0,0.0,0.0
EPL_2019,23/02/2020,0,13,3.0,2.0,0.0,9.0,17.0,4.0,5.0,6.0,3.0,0.0,4.0,0.0,0.0
EPL_2019,24/02/2020,20,39,3.0,2.0,0.0,25.0,7.0,7.0,4.0,16.0,8.0,0.0,3.0,0.0,0.0
EPL_2019,28/02/2020,26,19,1.0,0.0,0.0,11.0,19.0,6.0,4.0,6.0,7.0,1.0,2.0,0.0,0.0
EPL_2019,29/02/2020,8,12,0.0,1.0,2.0,24.0,12.0,8.0,3.0,8.0,7.0,1.0,1.0,0.0,0.0
EPL_2019,29/02/2020,6,11,2.0,2.0,1.0,9.0,23.0,5.0,6.0,4.0,14.0,2.0,2.0,0.0,0.0
EPL_2019,29/02/2020,25,9,0.0,0.0,1.0,21.0,8.0,4.0,1.0,11.0,7.0,4.0,3.0,0.0,0.0
EPL_2019,29/02/2020,39,32,3.0,1.0,0.0,14.0,10.0,7.0,2.0,4.0,9.0,1.0,1.0,0.0,0.0
EPL_2019,29/02/2020,37,20,3.0,0.0,0.0,14.0,7.0,5.0,1.0,3.0,5.0,0.0,0.0,0.0,0.0
EPL_2019,01/03/2020,13,23,1.0,1.0,1.0,16.0,14.0,5.0,5.0,13.0,8.0,3.0,4.0,0.0,0.0
EPL_2019,01/03/2020,36,41,2.0,3.0,2.0,13.0,14.0,5.0,4.0,4.0,5.0,3.0,2.0,0.0,0.0
EPL_2019,07/03/2020,20,6,2.0,1.0,0.0,14.0,6.0,6.0,4.0,9.0,4.0,0.0,1.0,0.0,0.0
EPL_2019,07/03/2020,0,39,1.0,0.0,0.0,9.0,14.0,2.0,6.0,6.0,7.0,1.0,2.0,0.0,0.0
EPL_2019,07/03/2020,12,37,1.0,0.0,0.0,10.0,10.0,3.0,4.0,8.0,8.0,4.0,4.0,0.0,0.0
EPL_2019,07/03/2020,31,26,1.0,0.0,0.0,10.0,12.0,4.0,5.0,10.0,5.0,0.0,0.0,0.0,0.0
EPL_2019,07/03/2020,32,25,0.0,1.0,2.0,6.0,14.0,3.0,7.0,5.0,8.0,0.0,3.0,1.0,0.0
EPL_2019,07/03/2020,41,8,0.0,0.0,1.0,11.0,7.0,1.0,1.0,2.0,0.0,1.0,3.0,0.0,0.0
EPL_2019,07/03/2020,9,36,1.0,1.0,1.0,21.0,13.0,8.0,2.0,3.0,5.0,5.0,4.0,0.0,0.0
EPL_2019,08/03/2020,11,13,4.0,0.0,0.0,17.0,3.0,11.0,1.0,6.0,1.0,1.0,2.0,0.0,0.0
EPL_2019,08/03/2020,23,22,2.0,0.0,0.0,12.0,7.0,6.0,2.0,2.0,11.0,2.0,4.0,0.0,0.0
EPL_2019,09/03/2020,19,1,4.0,0.0,0.0,15.0,4.0,7.0,1.0,9.0,0.0,2.0,1.0,0.0,0.0
EPL_2019,17/06/2020,1,31,0.0,0.0,1.0,14.0,5.0,6.0,1.0,12.0,4.0,1.0,1.0,0.0,0.0
EPL_2019,17/06/2020,22,0,3.0,0.0,0.0,20.0,3.0,12.0,0.0,5.0,2.0,1.0,1.0,0.0,1.0
EPL_2019,19/06/2020,26,32,0.0,3.0,2.0,9.0,22.0,1.0,9.0,9.0,7.0,1.0,1.0,0.0,0.0
EPL_2019,19/06/2020,36,23,1.0,1.0,1.0,10.0,12.0,3.0,6.0,7.0,6.0,0.0,1.0,0.0,0.0
EPL_2019,20/06/2020,37,19,1.0,1.0,1.0,8.0,15.0,4.0,2.0,2.0,7.0,0.0,1.0,0.0,0.0
EPL_2019,20/06/2020,8,0,2.0,1.0,0.0,9.0,13.0,5.0,6.0,10.0,7.0,2.0,1.0,0.0,0.0
EPL_2019,20/06/2020,39,41,0.0,2.0,2.0,7.0,10.0,2.0,6.0,5.0,7.0,1.0,1.0,0.0,0.0
EPL_2019,20/06/2020,6,12,0.0,2.0,2.0,12.0,7.0,1.0,2.0,11.0,4.0,3.0,2.0,0.0,0.0
EPL_2019,21/06/2020,25,31,3.0,0.0,0.0,12.0,7.0,8.0,1.0,2.0,4.0,2.0,0.0,0.0,1.0
EPL_2019,21/06/2020,1,11,1.0,2.0,2.0,8.0,19.0,4.0,5.0,2.0,10.0,2.0,1.0,0.0,0.0
EPL_2019,21/06/2020,13,20,0.0,0.0,1.0,9.0,10.0,3.0,3.0,1.0,6.0,2.0,2.0,0.0,0.0
EPL_2019,22/06/2020,22,9,5.0,0.0,0.0,19.0,1.0,7.0,0.0,3.0,1.0,1.0,1.0,0.0,0.0
EPL_2019,23/06/2020,19,8,0.0,0.0,1.0,11.0,10.0,2.0,2.0,6.0,7.0,2.0,2.0,0.0,0.0
EPL_2019,23/06/2020,36,39,2.0,0.0,0.0,15.0,10.0,4.0,2.0,9.0,4.0,2.0,2.0,0.0,0.0
EPL_2019,24/06/2020,23,31,3.0,0.0,0.0,15.0,4.0,6.0,1.0,10.0,5.0,1.0,0.0,0.0,0.0
EPL_2019,24/06/2020,25,1,1.0,1.0,1.0,13.0,14.0,3.0,2.0,6.0,9.0,2.0,2.0,0.0,0.0
EPL_2019,24/06/2020,26,13,0.0,1.0,2.0,9.0,12.0,1.0,5.0,6.0,5.0,0.0,1.0,0.0,0.0
EPL_2019,24/06/2020,41,6,1.0,0.0,0.0,10.0,4.0,2.0,0.0,6.0,4.0,3.0,3.0,0.0,0.0
EPL_2019,24/06/2020,20,12,4.0,0.0,0.0,21.0,3.0,7.0,0.0,6.0,0.0,0.0,0.0,0.0,0.0
EPL_2019,25/06/2020,9,37,1.0,0.0,0.0,9.0,10.0,5.0,4.0,1.0,7.0,1.0,0.0,0.0,0.0
EPL_2019,25/06/2020,32,0,0.0,2.0,2.0,12.0,10.0,3.0,5.0,4.0,6.0,0.0,2.0,1.0,0.0
EPL_2019,25/06/2020,11,22,2.0,1.0,0.0,15.0,11.0,10.0,2.0,5.0,7.0,1.0,1.0,0.0,1.0
EPL_2019,27/06/2020,1,41,0.0,1.0,2.0,11.0,9.0,1.0,2.0,2.0,2.0,1.0,1.0,0.0,0.0
EPL_2019,28/06/2020,37,32,1.0,3.0,2.0,8.0,11.0,0.0,7.0,5.0,3.0,3.0,0.0,0.0,0.0
EPL_2019,29/06/2020,12,9,0.0,1.0,2.0,17.0,8.0,4.0,4.0,9.0,1.0,1.0,1.0,0.0,0.0
EPL_2019,30/06/2020,8,23,0.0,3.0,2.0,8.0,12.0,2.0,6.0,4.0,5.0,0.0,1.0,0.0,0.0
EPL_2019,01/07/2020,0,26,4.0,0.0,0.0,13.0,8.0,8.0,2.0,6.0,2.0,1.0,4.0,0.0,0.0
EPL_2019,01/07/2020,6,25,1.0,4.0,2.0,12.0,12.0,1.0,7.0,6.0,3.0,2.0,0.0,0.0,0.0
EPL_2019,01/07/2020,13,19,2.0,1.0,0.0,7.0,15.0,2.0,3.0,3.0,5.0,1.0,1.0,0.0,0.0
EPL_2019,01/07/2020,39,11,3.0,2.0,0.0,10.0,17.0,4.0,6.0,2.0,3.0,2.0,1.0,0.0,0.0
EPL_2019,02/07/2020,31,36,3.0,1.0,0.0,7.0,9.0,5.0,2.0,1.0,6.0,2.0,0.0,0.0,0.0
EPL_2019,02/07/2020,22,20,4.0,0.0,0.0,14.0,11.0,6.0,3.0,3.0,3.0,2.0,2.0,0.0,0.0
EPL_2019,04/07/2020,26,8,0.0,1.0,2.0,12.0,8.0,1.0,2.0,0.0,2.0,2.0,2.0,0.0,0.0
EPL_2019,04/07/2020,19,12,3.0,0.0,0.0,15.0,7.0,4.0,1.0,3.0,7.0,2.0,1.0,0.0,0.0
EPL_2019,04/07/2020,23,6,5.0,2.0,0.0,19.0,7.0,10.0,3.0,8.0,3.0,0.0,1.0,0.0,0.0
EPL_2019,04/07/2020,41,0,0.0,2.0,2.0,10.0,8.0,1.0,5.0,3.0,5.0,2.0,4.0,0.0,0.0
EPL_2019,04/07/2020,11,37,3.0,0.0,0.0,21.0,7.0,9.0,3.0,5.0,3.0,0.0,2.0,0.0,0.0
EPL_2019,05/07/2020,9,31,1.0,1.0,1.0,9.0,10.0,4.0,3.0,3.0,9.0,0.0,0.0,0.0,0.0
EPL_2019,05/07/2020,25,39,2.0,2.0,1.0,11.0,17.0,4.0,7.0,6.0,4.0,0.0,0.0,0.0,0.0
EPL_2019,05/07/2020,20,1,2.0,0.0,0.0,6.0,9.0,4.0,3.0,7.0,5.0,1.0,1.0,0.0,0.0
EPL_2019,05/07/2020,32,22,1.0,0.0,0.0,8.0,26.0,4.0,6.0,2.0,13.0,1.0,2.0,0.0,0.0
EPL_2019,06/07/2020,36,13,1.0,0.0,0.0,12.0,11.0,2.0,3.0,5.0,6.0,3.0,2.0,0.0,0.0
EPL_2019,07/07/2020,12,11,2.0,3.0,2.0,13.0,14.0,4.0,6.0,7.0,9.0,1.0,0.0,0.0,0.0
EPL_2019,07/07/2020,37,26,2.0,1.0,0.0,9.0,12.0,4.0,3.0,4.0,3.0,2.0,4.0,0.0,0.0
EPL_2019,07/07/2020,0,19,1.0,1.0,1.0,11.0,13.0,7.0,5.0,10.0,1.0,1.0,0.0,1.0,0.0
EPL_2019,08/07/2020,22,25,5.0,0.0,0.0,23.0,6.0,9.0,1.0,8.0,1.0,0.0,0.0,0.0,0.0
EPL_2019,08/07/2020,31,41,1.0,0.0,0.0,7.0,6.0,3.0,1.0,6.0,1.0,2.0,0.0,0.0,0.0
EPL_2019,08/07/2020,39,9,0.0,1.0,2.0,21.0,8.0,5.0,4.0,10.0,3.0,1.0,1.0,0.0,0.0
EPL_2019,08/07/2020,8,20,1.0,3.0,2.0,12.0,19.0,2.0,8.0,6.0,10.0,1.0,4.0,0.0,0.0
EPL_2019,09/07/2020,6,36,0.0,0.0,1.0,9.0,9.0,2.0,0.0,8.0,12.0,3.0,2.0,0.0,0.0
EPL_2019,09/07/2020,13,32,1.0,1.0,1.0,11.0,17.0,4.0,4.0,3.0,5.0,3.0,3.0,0.0,0.0
EPL_2019,09/07/2020,1,23,0.0,3.0,2.0,9.0,14.0,1.0,6.0,3.0,5.0,2.0,3.0,0.0,0.0
EPL_2019,11/07/2020,26,39,0.0,4.0,2.0,11.0,19.0,2.0,7.0,1.0,6.0,1.0,0.0,0.0,0.0
EPL_2019,11/07/2020,37,25,2.0,1.0,0.0,17.0,8.0,5.0,4.0,2.0,4.0,1.0,4.0,0.0,0.0
EPL_2019,11/07/2020,20,9,1.0,1.0,1.0,23.0,6.0,9.0,2.0,12.0,6.0,1.0,2.0,0.0,0.0
EPL_2019,11/07/2020,31,11,3.0,0.0,0.0,9.0,15.0,4.0,4.0,4.0,6.0,1.0,0.0,0.0,0.0
EPL_2019,11/07/2020,8,22,0.0,5.0,2.0,3.0,26.0,0.0,8.0,2.0,7.0,1.0,0.0,0.0,0.0
EPL_2019,12/07/2020,41,13,3.0,0.0,0.0,14.0,6.0,7.0,2.0,5.0,2.0,0.0,2.0,0.0,0.0
EPL_2019,12/07/2020,1,12,2.0,0.0,0.0,12.0,9.0,9.0,5.0,5.0,1.0,2.0,4.0,0.0,1.0
EPL_2019,12/07/2020,36,0,2.0,1.0,0.0,15.0,13.0,9.0,4.0,6.0,5.0,5.0,3.0,0.0,0.0
EPL_2019,12/07/2020,6,19,4.0,1.0,0.0,10.0,13.0,4.0,5.0,2.0,6.0,2.0,1.0,0.0,1.0
EPL_2019,13/07/2020,23,32,2.0,2.0,1.0,8.0,9.0,4.0,5.0,4.0,6.0,1.0,3.0,0.0,0.0
EPL_2019,14/07/2020,11,26,1.0,0.0,0.0,22.0,2.0,6.0,0.0,8.0,1.0,2.0,2.0,0.0,0.0
EPL_2019,15/07/2020,9,41,1.0,1.0,1.0,9.0,14.0,1.0,5.0,3.0,8.0,0.0,0.0,0.0,0.0
EPL_2019,15/07/2020,22,6,2.0,1.0,0.0,8.0,15.0,4.0,3.0,3.0,5.0,1.0,1.0,0.0,0.0
EPL_2019,15/07/2020,25,36,1.0,3.0,2.0,22.0,8.0,6.0,5.0,5.0,4.0,2.0,3.0,0.0,0.0
EPL_2019,15/07/2020,0,20,2.0,1.0,0.0,3.0,24.0,2.0,8.0,2.0,13.0,3.0,1.0,0.0,0.0
EPL_2019,16/07/2020,13,1,1.0,1.0,1.0,9.0,15.0,1.0,1.0,5.0,5.0,2.0,1.0,0.0,0.0
EPL_2019,16/07/2020,19,31,2.0,0.0,0.0,15.0,5.0,7.0,1.0,9.0,5.0,1.0,2.0,0.0,0.0
EPL_2019,16/07/2020,12,23,0.0,2.0,2.0,13.0,17.0,5.0,5.0,2.0,7.0,1.0,2.0,0.0,0.0
EPL_2019,16/07/2020,32,8,1.0,1.0,1.0,21.0,10.0,6.0,2.0,8.0,2.0,1.0,0.0,0.0,0.0
EPL_2019,17/07/2020,39,37,3.0,1.0,0.0,10.0,14.0,4.0,3.0,9.0,3.0,0.0,2.0,0.0,0.0
EPL_2019,18/07/2020,26,9,0.0,2.0,2.0,6.0,23.0,2.0,8.0,6.0,8.0,0.0,0.0,2.0,0.0
EPL_2019,19/07/2020,6,32,0.0,2.0,2.0,11.0,16.0,3.0,8.0,12.0,6.0,2.0,2.0,0.0,0.0
EPL_2019,19/07/2020,36,19,3.0,0.0,0.0,7.0,24.0,3.0,6.0,4.0,13.0,2.0,1.0,0.0,0.0
EPL_2019,20/07/2020,8,25,0.0,0.0,1.0,11.0,12.0,3.0,1.0,9.0,7.0,4.0,2.0,0.0,0.0
EPL_2019,20/07/2020,31,13,0.0,1.0,2.0,8.0,5.0,0.0,2.0,7.0,1.0,1.0,3.0,0.0,0.0
EPL_2019,20/07/2020,41,12,2.0,0.0,0.0,11.0,7.0,5.0,3.0,5.0,2.0,2.0,1.0,0.0,0.0
EPL_2019,21/07/2020,37,22,0.0,4.0,2.0,2.0,26.0,0.0,10.0,0.0,8.0,2.0,0.0,0.0,0.0
EPL_2019,21/07/2020,1,0,1.0,0.0,0.0,8.0,7.0,3.0,0.0,8.0,9.0,2.0,4.0,0.0,0.0
EPL_2019,22/07/2020,23,39,1.0,1.0,1.0,11.0,12.0,4.0,3.0,2.0,3.0,3.0,1.0,0.0,0.0
EPL_2019,22/07/2020,20,11,5.0,3.0,0.0,10.0,10.0,7.0,5.0,6.0,0.0,1.0,0.0,0.0,0.0
EPL_2019,26/07/2020,0,37,3.0,2.0,0.0,13.0,19.0,5.0,6.0,4.0,8.0,3.0,3.0,0.0,0.0
EPL_2019,26/07/2020,9,8,1.0,2.0,2.0,13.0,14.0,2.0,4.0,6.0,7.0,3.0,0.0,0.0,0.0
EPL_2019,26/07/2020,11,41,2.0,0.0,0.0,11.0,5.0,3.0,1.0,3.0,3.0,2.0,3.0,0.0,0.0
EPL_2019,26/07/2020,12,36,1.0,1.0,1.0,13.0,7.0,2.0,2.0,7.0,2.0,3.0,2.0,0.0,0.0
EPL_2019,26/07/2020,13,6,1.0,3.0,2.0,13.0,13.0,5.0,7.0,2.0,5.0,1.0,0.0,0.0,0.0
EPL_2019,26/07/2020,19,23,0.0,2.0,2.0,14.0,7.0,3.0,3.0,3.0,3.0,1.0,4.0,1.0,0.0
EPL_2019,26/07/2020,22,26,5.0,0.0,0.0,31.0,5.0,10.0,4.0,9.0,0.0,1.0,1.0,0.0,0.0
EPL_2019,26/07/2020,25,20,1.0,3.0,2.0,3.0,14.0,2.0,6.0,2.0,4.0,1.0,0.0,0.0,0.0
EPL_2019,26/07/2020,32,31,3.0,1.0,0.0,13.0,5.0,4.0,3.0,9.0,1.0,0.0,1.0,0.0,0.0
EPL_2019,26/07/2020,39,1,1.0,1.0,1.0,10.0,13.0,1.0,4.0,0.0,7.0,2.0,1.0,0.0,0.0
EPL_2020,12/09/2020,14,0,0.0,3.0,2.0,5.0,13.0,2.0,6.0,2.0,3.0,2.0,2.0,0.0,0.0
EPL_2020,12/09/2020,12,32,1.0,0.0,0.0,5.0,9.0,3.0,5.0,7.0,3.0,2.0,1.0,0.0,0.0
EPL_2020,12/09/2020,20,18,4.0,3.0,0.0,22.0,6.0,6.0,3.0,9.0,0.0,1.0,0.0,0.0,0.0
EPL_2020,12/09/2020,39,25,0.0,2.0,2.0,15.0,15.0,3.0,2.0,8.0,7.0,2.0,2.0,0.0,0.0
EPL_2020,13/09/2020,38,19,0.0,3.0,2.0,7.0,13.0,1.0,7.0,2.0,5.0,1.0,1.0,0.0,0.0
EPL_2020,13/09/2020,36,13,0.0,1.0,2.0,9.0,15.0,5.0,4.0,5.0,3.0,1.0,0.0,0.0,0.0
EPL_2020,14/09/2020,8,11,1.0,3.0,2.0,13.0,10.0,3.0,5.0,4.0,3.0,1.0,0.0,0.0,0.0
EPL_2020,14/09/2020,31,41,0.0,2.0,2.0,9.0,11.0,2.0,4.0,12.0,5.0,2.0,1.0,0.0,0.0
EPL_2020,19/09/2020,13,38,5.0,2.0,0.0,17.0,6.0,7.0,4.0,11.0,1.0,1.0,0.0,0.0,1.0
EPL_2020,19/09/2020,18,14,4.0,3.0,0.0,10.0,14.0,7.0,6.0,5.0,3.0,1.0,2.0,0.0,0.0
EPL_2020,19/09/2020,23,12,1.0,3.0,2.0,13.0,14.0,4.0,5.0,9.0,3.0,2.0,1.0,0.0,0.0
EPL_2020,19/09/2020,0,39,2.0,1.0,0.0,7.0,14.0,3.0,3.0,7.0,5.0,0.0,1.0,0.0,0.0
EPL_2020,20/09/2020,32,36,2.0,5.0,2.0,14.0,9.0,7.0,6.0,3.0,2.0,4.0,3.0,0.0,0.0
EPL_2020,20/09/2020,25,8,0.0,3.0,2.0,6.0,13.0,0.0,6.0,7.0,1.0,3.0,0.0,0.0,1.0
EPL_2020,20/09/2020,11,20,0.0,2.0,2.0,5.0,18.0,3.0,6.0,1.0,11.0,0.0,0.0,1.0,0.0
EPL_2020,20/09/2020,19,9,4.0,2.0,0.0,14.0,16.0,6.0,5.0,15.0,4.0,1.0,2.0,0.0,0.0
EPL_2020,21/09/2020,1,31,1.0,0.0,0.0,18.0,4.0,2.0,1.0,10.0,4.0,3.0,1.0,0.0,1.0
EPL_2020,21/09/2020,41,22,1.0,3.0,2.0,10.0,14.0,1.0,9.0,4.0,6.0,0.0,3.0,0.0,0.0
EPL_2020,26/09/2020,8,23,2.0,3.0,2.0,18.0,7.0,5.0,3.0,7.0,1.0,4.0,2.0,0.0,0.0
EPL_2020,26/09/2020,12,13,1.0,2.0,2.0,8.0,10.0,1.0,5.0,7.0,6.0,3.0,1.0,0.0,0.0
EPL_2020,26/09/2020,38,11,3.0,3.0,1.0,9.0,22.0,3.0,10.0,3.0,9.0,1.0,3.0,0.0,0.0
EPL_2020,26/09/2020,9,32,0.0,1.0,2.0,10.0,5.0,2.0,1.0,8.0,2.0,1.0,0.0,0.0,0.0
EPL_2020,27/09/2020,31,18,0.0,1.0,2.0,14.0,17.0,4.0,9.0,5.0,7.0,2.0,1.0,0.0,0.0
EPL_2020,27/09/2020,36,25,1.0,1.0,1.0,23.0,6.0,12.0,1.0,10.0,4.0,1.0,4.0,0.0,0.0
EPL_2020,27/09/2020,22,19,2.0,5.0,2.0,16.0,7.0,5.0,7.0,3.0,4.0,1.0,3.0,0.0,0.0
EPL_2020,27/09/2020,39,41,4.0,0.0,0.0,15.0,11.0,7.0,2.0,1.0,3.0,0.0,1.0,0.0,0.0
EPL_2020,28/09/2020,14,1,0.0,3.0,2.0,16.0,12.0,3.0,5.0,5.0,3.0,6.0,3.0,0.0,0.0
EPL_2020,28/09/2020,20,0,3.0,1.0,0.0,21.0,4.0,8.0,3.0,7.0,3.0,2.0,2.0,0.0,0.0
EPL_2020,03/10/2020,11,12,4.0,0.0,0.0,17.0,4.0,6.0,0.0,8.0,5.0,2.0,0.0,0.0,0.0
EPL_2020,03/10/2020,13,8,4.0,2.0,0.0,11.0,11.0,6.0,3.0,3.0,10.0,0.0,1.0,0.0,0.0
EPL_2020,03/10/2020,18,22,1.0,1.0,1.0,12.0,23.0,7.0,2.0,7.0,10.0,2.0,1.0,0.0,0.0
EPL_2020,03/10/2020,25,9,3.0,1.0,0.0,10.0,7.0,5.0,3.0,3.0,4.0,2.0,3.0,0.0,0.0
EPL_2020,04/10/2020,19,39,0.0,3.0,2.0,4.0,14.0,0.0,6.0,6.0,4.0,2.0,2.0,0.0,0.0
EPL_2020,04/10/2020,32,38,2.0,0.0,0.0,13.0,5.0,7.0,2.0,5.0,1.0,2.0,1.0,0.0,0.0
EPL_2020,04/10/2020,0,31,2.0,1.0,0.0,6.0,6.0,5.0,2.0,2.0,4.0,0.0,1.0,0.0,0.0
EPL_2020,04/10/2020,41,14,1.0,0.0,0.0,14.0,10.0,5.0,2.0,6.0,2.0,1.0,1.0,0.0,0.0
EPL_2020,04/10/2020,23,36,1.0,6.0,2.0,5.0,22.0,2.0,8.0,2.0,4.0,2.0,1.0,1.0,0.0
EPL_2020,04/10/2020,1,20,7.0,2.0,0.0,18.0,14.0,11.0,8.0,2.0,7.0,2.0,1.0,0.0,0.0
EPL_2020,17/10/2020,13,20,2.0,2.0,1.0,11.0,22.0,5.0,8.0,2.0,5.0,3.0,2.0,1.0,0.0
EPL_2020,17/10/2020,11,32,3.0,3.0,1.0,11.0,13.0,5.0,6.0,6.0,2.0,1.0,1.0,0.0,0.0
EPL_2020,17/10/2020,22,0,1.0,0.0,0.0,13.0,11.0,5.0,3.0,6.0,6.0,4.0,1.0,0.0,0.0
EPL_2020,17/10/2020,25,23,1.0,4.0,2.0,7.0,28.0,4.0,14.0,0.0,7.0,1.0,1.0,0.0,0.0
EPL_2020,18/10/2020,31,14,1.0,1.0,1.0,10.0,15.0,6.0,6.0,2.0,5.0,0.0,2.0,0.0,0.0
EPL_2020,18/10/2020,12,8,1.0,1.0,1.0,1.0,20.0,1.0,3.0,2.0,5.0,3.0,2.0,0.0,1.0
EPL_2020,18/10/2020,36,39,3.0,3.0,1.0,11.0,13.0,6.0,4.0,3.0,7.0,0.0,5.0,0.0,0.0
EPL_2020,18/10/2020,19,1,0.0,1.0,2.0,11.0,10.0,5.0,4.0,2.0,7.0,4.0,3.0,0.0,0.0
EPL_2020,19/10/2020,38,9,0.0,0.0,1.0,13.0,9.0,6.0,4.0,8.0,2.0,2.0,2.0,0.0,0.0
EPL_2020,19/10/2020,18,41,0.0,1.0,2.0,13.0,7.0,2.0,3.0,8.0,3.0,2.0,1.0,0.0,0.0
EPL_2020,23/10/2020,1,18,0.0,3.0,2.0,12.0,27.0,4.0,9.0,6.0,5.0,2.0,2.0,0.0,0.0
EPL_2020,24/10/2020,39,22,1.0,1.0,1.0,6.0,14.0,2.0,7.0,2.0,10.0,2.0,0.0,0.0,0.0
EPL_2020,24/10/2020,14,12,1.0,2.0,2.0,16.0,14.0,3.0,10.0,4.0,4.0,0.0,1.0,1.0,0.0
EPL_2020,24/10/2020,23,11,0.0,0.0,1.0,14.0,6.0,4.0,1.0,9.0,6.0,3.0,1.0,0.0,0.0
EPL_2020,24/10/2020,20,31,2.0,1.0,0.0,17.0,13.0,5.0,2.0,7.0,3.0,0.0,3.0,0.0,0.0
EPL_2020,25/10/2020,32,13,2.0,0.0,0.0,12.0,6.0,6.0,2.0,4.0,5.0,1.0,2.0,0.0,1.0
EPL_2020,25/10/2020,41,25,1.0,1.0,1.0,16.0,5.0,3.0,2.0,2.0,3.0,0.0,1.0,0.0,0.0
EPL_2020,25/10/2020,0,19,0.0,1.0,2.0,12.0,6.0,4.0,2.0,9.0,3.0,3.0,5.0,0.0,0.0
EPL_2020,26/10/2020,8,38,1.0,1.0,1.0,5.0,9.0,3.0,3.0,6.0,2.0,2.0,0.0,0.0,0.0
EPL_2020,26/10/2020,9,36,0.0,1.0,2.0,13.0,9.0,4.0,3.0,4.0,5.0,2.0,0.0,0.0,0.0
EPL_2020,30/10/2020,41,12,2.0,0.0,0.0,15.0,11.0,5.0,2.0,7.0,6.0,0.0,2.0,0.0,1.0
EPL_2020,31/10/2020,31,22,0.0,1.0,2.0,5.0,16.0,1.0,8.0,2.0,5.0,0.0,0.0,0.0,0.0
EPL_2020,31/10/2020,9,11,0.0,3.0,2.0,5.0,14.0,0.0,9.0,3.0,4.0,1.0,0.0,0.0,0.0
EPL_2020,31/10/2020,20,39,2.0,1.0,0.0,9.0,4.0,5.0,3.0,1.0,2.0,0.0,1.0,0.0,0.0
EPL_2020,01/11/2020,1,32,3.0,4.0,2.0,19.0,9.0,10.0,4.0,11.0,1.0,1.0,2.0,0.0,0.0
EPL_2020,01/11/2020,25,13,2.0,1.0,0.0,11.0,15.0,4.0,4.0,5.0,4.0,2.0,4.0,0.0,0.0
EPL_2020,01/11/2020,23,0,0.0,1.0,2.0,8.0,7.0,2.0,2.0,6.0,3.0,3.0,3.0,0.0,0.0
EPL_2020,01/11/2020,36,8,2.0,1.0,0.0,9.0,6.0,3.0,2.0,4.0,5.0,2.0,1.0,0.0,0.0
EPL_2020,02/11/2020,14,38,2.0,0.0,0.0,13.0,10.0,6.0,1.0,5.0,2.0,3.0,2.0,0.0,0.0
EPL_2020,02/11/2020,18,19,1.0,4.0,2.0,11.0,10.0,4.0,8.0,10.0,3.0,1.0,1.0,0.0,0.0
EPL_2020,06/11/2020,8,9,0.0,0.0,1.0,19.0,4.0,3.0,1.0,5.0,3.0,1.0,0.0,0.0,0.0
EPL_2020,06/11/2020,32,25,2.0,0.0,0.0,15.0,4.0,8.0,2.0,8.0,3.0,1.0,2.0,0.0,0.0
EPL_2020,07/11/2020,13,23,1.0,3.0,2.0,7.0,13.0,1.0,5.0,5.0,2.0,4.0,2.0,0.0,0.0
EPL_2020,07/11/2020,12,18,4.0,1.0,0.0,10.0,9.0,6.0,3.0,3.0,6.0,0.0,2.0,0.0,0.0
EPL_2020,07/11/2020,11,31,4.0,1.0,0.0,20.0,6.0,9.0,3.0,6.0,7.0,0.0,2.0,0.0,0.0
EPL_2020,07/11/2020,39,14,1.0,0.0,0.0,16.0,13.0,7.0,3.0,9.0,5.0,2.0,2.0,0.0,0.0
EPL_2020,08/11/2020,38,36,0.0,1.0,2.0,12.0,19.0,2.0,5.0,9.0,6.0,1.0,0.0,0.0,0.0
EPL_2020,08/11/2020,19,41,1.0,0.0,0.0,10.0,7.0,3.0,2.0,6.0,3.0,2.0,3.0,0.0,0.0
EPL_2020,08/11/2020,22,20,1.0,1.0,1.0,7.0,10.0,2.0,3.0,1.0,2.0,3.0,1.0,0.0,0.0
EPL_2020,08/11/2020,0,1,0.0,3.0,2.0,13.0,15.0,2.0,6.0,3.0,8.0,0.0,0.0,0.0,0.0
EPL_2020,21/11/2020,25,11,0.0,2.0,2.0,8.0,14.0,1.0,3.0,7.0,4.0,2.0,0.0,0.0,0.0
EPL_2020,21/11/2020,1,8,1.0,2.0,2.0,15.0,7.0,4.0,3.0,12.0,3.0,2.0,1.0,0.0,1.0
EPL_2020,21/11/2020,36,22,2.0,0.0,0.0,4.0,22.0,2.0,5.0,0.0,10.0,2.0,2.0,0.0,0.0
EPL_2020,21/11/2020,23,38,1.0,0.0,0.0,17.0,7.0,7.0,2.0,8.0,2.0,1.0,1.0,0.0,0.0
EPL_2020,22/11/2020,14,13,2.0,3.0,2.0,14.0,9.0,6.0,7.0,2.0,5.0,2.0,0.0,0.0,0.0
EPL_2020,22/11/2020,31,39,0.0,1.0,2.0,9.0,15.0,5.0,3.0,2.0,6.0,0.0,0.0,0.0,0.0
EPL_2020,22/11/2020,18,0,0.0,0.0,1.0,25.0,9.0,4.0,2.0,5.0,3.0,3.0,0.0,0.0,1.0
EPL_2020,22/11/2020,20,19,3.0,0.0,0.0,24.0,11.0,13.0,4.0,10.0,3.0,0.0,2.0,0.0,0.0
EPL_2020,23/11/2020,9,12,1.0,0.0,0.0,10.0,15.0,4.0,5.0,4.0,7.0,2.0,0.0,0.0,0.0
EPL_2020,23/11/2020,41,32,1.0,1.0,1.0,20.0,7.0,9.0,2.0,7.0,4.0,2.0,0.0,0.0,0.0
EPL_2020,27/11/2020,12,25,0.0,2.0,2.0,12.0,14.0,3.0,7.0,7.0,3.0,2.0,2.0,0.0,0.0
EPL_2020,28/11/2020,8,20,1.0,1.0,1.0,11.0,6.0,3.0,2.0,4.0,3.0,2.0,1.0,0.0,0.0
EPL_2020,28/11/2020,22,9,5.0,0.0,0.0,19.0,9.0,6.0,1.0,6.0,4.0,0.0,0.0,0.0,0.0
EPL_2020,28/11/2020,13,18,0.0,1.0,2.0,15.0,23.0,8.0,7.0,4.0,2.0,1.0,2.0,0.0,0.0
EPL_2020,28/11/2020,38,31,1.0,0.0,0.0,17.0,21.0,6.0,5.0,14.0,9.0,2.0,3.0,0.0,0.0
EPL_2020,29/11/2020,32,23,2.0,3.0,2.0,10.0,15.0,5.0,6.0,5.0,9.0,1.0,0.0,0.0,0.0
EPL_2020,29/11/2020,11,36,0.0,0.0,1.0,13.0,5.0,3.0,1.0,3.0,3.0,4.0,2.0,0.0,0.0
EPL_2020,29/11/2020,0,41,1.0,2.0,2.0,13.0,11.0,2.0,5.0,8.0,4.0,3.0,4.0,0.0,0.0
EPL_2020,30/11/2020,19,14,1.0,2.0,2.0,16.0,10.0,3.0,5.0,6.0,5.0,0.0,2.0,0.0,0.0
EPL_2020,30/11/2020,39,1,2.0,1.0,0.0,6.0,16.0,2.0,6.0,3.0,7.0,1.0,1.0,0.0,0.0
EPL_2020,05/12/2020,9,13,1.0,1.0,1.0,8.0,13.0,3.0,6.0,8.0,4.0,0.0,0.0,0.0,0.0
EPL_2020,05/12/2020,22,14,2.0,0.0,0.0,16.0,6.0,6.0,1.0,9.0,3.0,0.0,0.0,0.0,0.0
EPL_2020,05/12/2020,39,23,1.0,3.0,2.0,19.0,15.0,6.0,6.0,5.0,4.0,0.0,0.0,0.0,0.0
EPL_2020,05/12/2020,11,18,3.0,1.0,0.0,23.0,8.0,11.0,3.0,8.0,4.0,0.0,2.0,0.0,0.0
EPL_2020,06/12/2020,38,12,1.0,5.0,2.0,9.0,18.0,4.0,6.0,4.0,6.0,2.0,2.0,1.0,0.0
EPL_2020,06/12/2020,31,19,1.0,2.0,2.0,4.0,13.0,1.0,4.0,6.0,5.0,1.0,3.0,0.0,0.0
EPL_2020,06/12/2020,36,0,2.0,0.0,0.0,6.0,11.0,3.0,2.0,3.0,9.0,1.0,2.0,0.0,0.0
EPL_2020,06/12/2020,20,41,4.0,0.0,0.0,11.0,9.0,6.0,3.0,4.0,6.0,1.0,1.0,0.0,0.0
EPL_2020,07/12/2020,8,32,1.0,2.0,2.0,12.0,10.0,4.0,3.0,4.0,3.0,3.0,3.0,0.0,0.0
EPL_2020,11/12/2020,18,39,1.0,2.0,2.0,13.0,19.0,7.0,8.0,5.0,6.0,1.0,2.0,0.0,0.0
EPL_2020,12/12/2020,41,1,0.0,1.0,2.0,16.0,13.0,7.0,2.0,5.0,8.0,2.0,5.0,0.0,0.0
EPL_2020,12/12/2020,25,38,2.0,1.0,0.0,12.0,13.0,7.0,3.0,4.0,3.0,2.0,3.0,0.0,0.0
EPL_2020,12/12/2020,23,22,0.0,0.0,1.0,11.0,9.0,2.0,2.0,4.0,3.0,1.0,1.0,0.0,0.0
EPL_2020,12/12/2020,13,11,1.0,0.0,0.0,9.0,10.0,4.0,3.0,6.0,6.0,2.0,3.0,0.0,0.0
EPL_2020,13/12/2020,32,31,3.0,0.0,0.0,16.0,3.0,6.0,0.0,8.0,4.0,0.0,1.0,0.0,0.0
EPL_2020,13/12/2020,12,36,1.0,1.0,1.0,16.0,14.0,5.0,6.0,4.0,7.0,1.0,1.0,0.0,0.0
EPL_2020,13/12/2020,14,20,1.0,1.0,1.0,10.0,12.0,5.0,6.0,6.0,8.0,3.0,1.0,0.0,0.0
EPL_2020,13/12/2020,0,9,0.0,1.0,2.0,18.0,10.0,6.0,2.0,13.0,4.0,2.0,1.0,1.0,0.0
EPL_2020,13/12/2020,19,8,3.0,0.0,0.0,15.0,12.0,6.0,4.0,9.0,5.0,2.0,1.0,0.0,0.0
EPL_2020,15/12/2020,41,11,2.0,1.0,0.0,12.0,13.0,4.0,3.0,5.0,6.0,2.0,2.0,0.0,0.0
EPL_2020,15/12/2020,22,38,1.0,1.0,1.0,26.0,5.0,7.0,1.0,13.0,2.0,2.0,3.0,0.0,0.0
EPL_2020,16/12/2020,0,32,1.0,1.0,1.0,9.0,13.0,4.0,3.0,2.0,7.0,1.0,3.0,1.0,0.0
EPL_2020,16/12/2020,18,25,5.0,2.0,0.0,25.0,10.0,10.0,4.0,7.0,4.0,3.0,1.0,0.0,0.0
EPL_2020,16/12/2020,19,13,0.0,2.0,2.0,14.0,11.0,2.0,6.0,4.0,6.0,2.0,3.0,0.0,0.0
EPL_2020,16/12/2020,14,8,0.0,0.0,1.0,9.0,9.0,4.0,4.0,1.0,8.0,1.0,0.0,0.0,0.0
EPL_2020,16/12/2020,20,36,2.0,1.0,0.0,17.0,8.0,11.0,2.0,7.0,4.0,0.0,2.0,0.0,0.0
EPL_2020,16/12/2020,39,12,1.0,1.0,1.0,9.0,8.0,2.0,2.0,5.0,3.0,0.0,1.0,0.0,1.0
EPL_2020,17/12/2020,1,9,0.0,0.0,1.0,27.0,6.0,7.0,4.0,11.0,1.0,1.0,1.0,0.0,0.0
EPL_2020,17/12/2020,31,23,2.0,3.0,2.0,12.0,14.0,6.0,8.0,6.0,3.0,3.0,2.0,0.0,0.0
EPL_2020,19/12/2020,12,20,0.0,7.0,2.0,5.0,14.0,3.0,8.0,5.0,4.0,1.0,0.0,0.0,0.0
EPL_2020,19/12/2020,32,22,0.0,1.0,2.0,9.0,11.0,3.0,5.0,6.0,6.0,2.0,2.0,0.0,0.0
EPL_2020,19/12/2020,13,0,2.0,1.0,0.0,9.0,13.0,2.0,2.0,4.0,3.0,1.0,3.0,0.0,0.0
EPL_2020,19/12/2020,25,14,1.0,1.0,1.0,12.0,11.0,5.0,4.0,2.0,9.0,1.0,2.0,0.0,1.0
EPL_2020,20/12/2020,8,31,1.0,1.0,1.0,21.0,5.0,5.0,3.0,14.0,2.0,1.0,5.0,0.0,1.0
EPL_2020,20/12/2020,36,19,0.0,2.0,2.0,8.0,17.0,3.0,4.0,5.0,3.0,2.0,2.0,0.0,0.0
EPL_2020,20/12/2020,23,18,6.0,2.0,0.0,26.0,17.0,14.0,3.0,11.0,13.0,1.0,0.0,0.0,0.0
EPL_2020,20/12/2020,38,1,0.0,3.0,2.0,1.0,19.0,1.0,10.0,1.0,7.0,1.0,2.0,1.0,0.0
EPL_2020,21/12/2020,9,41,2.0,1.0,0.0,10.0,15.0,4.0,3.0,1.0,7.0,2.0,1.0,0.0,0.0
EPL_2020,21/12/2020,11,39,3.0,0.0,0.0,11.0,6.0,7.0,0.0,5.0,4.0,0.0,0.0,0.0,0.0
EPL_2020,26/12/2020,19,23,2.0,2.0,1.0,10.0,9.0,2.0,4.0,5.0,0.0,2.0,1.0,0.0,0.0
EPL_2020,26/12/2020,1,12,3.0,0.0,0.0,21.0,13.0,10.0,6.0,4.0,4.0,1.0,4.0,1.0,0.0
EPL_2020,26/12/2020,14,32,0.0,0.0,1.0,10.0,3.0,1.0,2.0,6.0,3.0,2.0,0.0,0.0,0.0
EPL_2020,26/12/2020,0,11,3.0,1.0,0.0,15.0,19.0,7.0,3.0,7.0,9.0,2.0,1.0,0.0,0.0
EPL_2020,26/12/2020,22,25,2.0,0.0,0.0,11.0,7.0,6.0,2.0,7.0,3.0,2.0,2.0,0.0,0.0
EPL_2020,26/12/2020,31,13,0.0,1.0,2.0,10.0,7.0,2.0,3.0,6.0,3.0,2.0,4.0,0.0,0.0
EPL_2020,27/12/2020,18,9,1.0,0.0,0.0,11.0,14.0,4.0,6.0,4.0,12.0,0.0,3.0,0.0,0.0
EPL_2020,27/12/2020,39,8,2.0,2.0,1.0,11.0,13.0,4.0,4.0,5.0,4.0,0.0,0.0,0.0,0.0
EPL_2020,27/12/2020,20,38,1.0,1.0,1.0,17.0,5.0,2.0,3.0,8.0,3.0,0.0,1.0,0.0,0.0
EPL_2020,27/12/2020,41,36,1.0,1.0,1.0,11.0,6.0,6.0,3.0,9.0,2.0,4.0,1.0,0.0,0.0
EPL_2020,28/12/2020,12,19,1.0,1.0,1.0,4.0,17.0,1.0,3.0,2.0,5.0,0.0,1.0,0.0,0.0
EPL_2020,28/12/2020,11,1,1.0,1.0,1.0,16.0,10.0,5.0,2.0,11.0,4.0,3.0,1.0,0.0,0.0
EPL_2020,29/12/2020,8,0,0.0,1.0,2.0,13.0,11.0,2.0,3.0,5.0,4.0,2.0,0.0,0.0,0.0
EPL_2020,29/12/2020,9,31,1.0,0.0,0.0,5.0,7.0,3.0,3.0,3.0,5.0,1.0,2.0,0.0,0.0
EPL_2020,29/12/2020,32,39,0.0,0.0,1.0,8.0,8.0,3.0,3.0,4.0,3.0,3.0,1.0,0.0,0.0
EPL_2020,29/12/2020,38,18,0.0,5.0,2.0,4.0,14.0,1.0,6.0,3.0,10.0,0.0,1.0,0.0,0.0
EPL_2020,29/12/2020,23,41,1.0,0.0,0.0,11.0,9.0,3.0,5.0,2.0,2.0,1.0,1.0,0.0,0.0
EPL_2020,30/12/2020,25,20,0.0,0.0,1.0,8.0,11.0,2.0,4.0,5.0,12.0,2.0,3.0,0.0,0.0
EPL_2020,01/01/2021,13,39,0.0,1.0,2.0,10.0,11.0,2.0,5.0,5.0,4.0,2.0,0.0,0.0,0.0
EPL_2020,01/01/2021,23,1,2.0,1.0,0.0,19.0,5.0,9.0,5.0,5.0,10.0,4.0,0.0,0.0,0.0
EPL_2020,02/01/2021,36,18,3.0,0.0,0.0,20.0,18.0,7.0,5.0,3.0,5.0,2.0,1.0,1.0,0.0
EPL_2020,02/01/2021,12,31,2.0,0.0,0.0,9.0,7.0,4.0,2.0,3.0,6.0,1.0,3.0,0.0,0.0
EPL_2020,02/01/2021,8,41,3.0,3.0,1.0,13.0,11.0,4.0,4.0,5.0,8.0,2.0,1.0,0.0,0.0
EPL_2020,02/01/2021,38,0,0.0,4.0,2.0,7.0,21.0,3.0,12.0,3.0,5.0,1.0,2.0,0.0,0.0
EPL_2020,03/01/2021,25,19,1.0,2.0,2.0,8.0,9.0,2.0,3.0,3.0,6.0,0.0,2.0,0.0,0.0
EPL_2020,03/01/2021,11,22,1.0,3.0,2.0,9.0,18.0,2.0,6.0,5.0,3.0,3.0,1.0,0.0,0.0
EPL_2020,04/01/2021,32,20,1.0,0.0,0.0,7.0,17.0,3.0,1.0,1.0,10.0,1.0,3.0,0.0,0.0
EPL_2020,12/01/2021,31,25,1.0,0.0,0.0,17.0,7.0,4.0,3.0,5.0,2.0,2.0,3.0,0.0,1.0
EPL_2020,12/01/2021,9,23,0.0,1.0,2.0,11.0,13.0,0.0,7.0,3.0,4.0,1.0,2.0,0.0,0.0
EPL_2020,12/01/2021,41,13,1.0,2.0,2.0,12.0,5.0,3.0,3.0,6.0,5.0,2.0,2.0,0.0,0.0
EPL_2020,13/01/2021,22,8,1.0,0.0,0.0,16.0,5.0,6.0,1.0,8.0,4.0,0.0,2.0,0.0,0.0
EPL_2020,13/01/2021,36,14,1.0,1.0,1.0,15.0,15.0,6.0,4.0,6.0,5.0,1.0,2.0,0.0,0.0
EPL_2020,14/01/2021,0,12,0.0,0.0,1.0,11.0,12.0,4.0,2.0,7.0,3.0,1.0,1.0,0.0,0.0
EPL_2020,16/01/2021,41,38,2.0,3.0,2.0,23.0,12.0,6.0,5.0,11.0,0.0,2.0,1.0,0.0,0.0
EPL_2020,16/01/2021,18,8,0.0,1.0,2.0,7.0,7.0,2.0,2.0,5.0,2.0,1.0,1.0,0.0,0.0
EPL_2020,16/01/2021,39,9,1.0,0.0,0.0,15.0,10.0,4.0,2.0,7.0,4.0,2.0,1.0,0.0,0.0
EPL_2020,16/01/2021,14,11,0.0,1.0,2.0,10.0,21.0,3.0,6.0,1.0,12.0,2.0,3.0,1.0,0.0
EPL_2020,16/01/2021,19,32,2.0,0.0,0.0,16.0,8.0,5.0,3.0,2.0,5.0,2.0,2.0,0.0,0.0
EPL_2020,17/01/2021,31,36,1.0,3.0,2.0,15.0,14.0,5.0,5.0,5.0,7.0,4.0,0.0,0.0,0.0
EPL_2020,17/01/2021,20,23,0.0,0.0,1.0,17.0,8.0,3.0,4.0,7.0,3.0,2.0,1.0,0.0,0.0
EPL_2020,17/01/2021,22,12,4.0,0.0,0.0,13.0,2.0,6.0,0.0,11.0,1.0,0.0,0.0,0.0,0.0
EPL_2020,18/01/2021,0,25,3.0,0.0,0.0,20.0,4.0,6.0,1.0,7.0,2.0,0.0,0.0,0.0,0.0
EPL_2020,19/01/2021,39,38,2.0,1.0,0.0,14.0,6.0,6.0,2.0,3.0,1.0,0.0,1.0,0.0,0.0
EPL_2020,19/01/2021,19,11,2.0,0.0,0.0,8.0,9.0,6.0,5.0,6.0,3.0,1.0,3.0,0.0,0.0
EPL_2020,20/01/2021,22,1,2.0,0.0,0.0,28.0,11.0,9.0,4.0,16.0,2.0,0.0,2.0,0.0,0.0
EPL_2020,20/01/2021,14,23,1.0,2.0,2.0,12.0,15.0,5.0,5.0,2.0,8.0,3.0,1.0,0.0,0.0
EPL_2020,21/01/2021,20,9,0.0,1.0,2.0,27.0,6.0,6.0,4.0,12.0,0.0,2.0,1.0,0.0,0.0
EPL_2020,23/01/2021,1,25,2.0,0.0,0.0,14.0,7.0,5.0,1.0,5.0,4.0,0.0,3.0,0.0,0.0
EPL_2020,26/01/2021,12,39,2.0,3.0,2.0,6.0,17.0,3.0,7.0,3.0,4.0,0.0,0.0,0.0,0.0
EPL_2020,26/01/2021,25,18,1.0,2.0,2.0,22.0,9.0,5.0,2.0,9.0,5.0,1.0,3.0,0.0,0.0
EPL_2020,26/01/2021,32,0,1.0,3.0,2.0,13.0,9.0,5.0,5.0,4.0,5.0,1.0,2.0,0.0,0.0
EPL_2020,26/01/2021,38,22,0.0,5.0,2.0,4.0,18.0,1.0,7.0,3.0,8.0,2.0,0.0,0.0,0.0
EPL_2020,27/01/2021,9,1,3.0,2.0,0.0,10.0,18.0,5.0,10.0,2.0,4.0,1.0,0.0,0.0,0.0
EPL_2020,27/01/2021,11,41,0.0,0.0,1.0,14.0,4.0,5.0,0.0,13.0,1.0,1.0,1.0,0.0,0.0
EPL_2020,27/01/2021,8,14,0.0,0.0,1.0,16.0,10.0,5.0,3.0,10.0,0.0,2.0,1.0,0.0,0.0
EPL_2020,27/01/2021,13,19,1.0,1.0,1.0,8.0,19.0,2.0,6.0,5.0,11.0,1.0,1.0,0.0,0.0
EPL_2020,27/01/2021,23,31,1.0,2.0,2.0,16.0,5.0,4.0,3.0,7.0,2.0,1.0,1.0,0.0,0.0
EPL_2020,28/01/2021,36,20,1.0,3.0,2.0,3.0,14.0,2.0,7.0,1.0,2.0,1.0,2.0,0.0,0.0
EPL_2020,30/01/2021,13,25,0.0,2.0,2.0,11.0,13.0,3.0,3.0,7.0,12.0,3.0,4.0,0.0,0.0
EPL_2020,30/01/2021,12,41,1.0,0.0,0.0,11.0,6.0,2.0,4.0,1.0,6.0,1.0,2.0,0.0,0.0
EPL_2020,30/01/2021,22,31,1.0,0.0,0.0,10.0,4.0,5.0,1.0,10.0,0.0,0.0,3.0,0.0,0.0
EPL_2020,30/01/2021,38,14,2.0,2.0,1.0,5.0,12.0,3.0,7.0,2.0,3.0,1.0,0.0,0.0,0.0
EPL_2020,30/01/2021,0,23,0.0,0.0,1.0,17.0,14.0,3.0,3.0,4.0,7.0,1.0,3.0,0.0,0.0
EPL_2020,30/01/2021,32,1,0.0,1.0,2.0,20.0,8.0,5.0,4.0,7.0,1.0,1.0,0.0,0.0,0.0
EPL_2020,31/01/2021,11,9,2.0,0.0,0.0,19.0,1.0,8.0,0.0,4.0,2.0,0.0,1.0,0.0,0.0
EPL_2020,31/01/2021,19,18,1.0,3.0,2.0,18.0,8.0,8.0,7.0,6.0,4.0,0.0,3.0,0.0,0.0
EPL_2020,31/01/2021,39,20,1.0,3.0,2.0,8.0,14.0,2.0,5.0,6.0,5.0,2.0,0.0,0.0,0.0
EPL_2020,31/01/2021,8,36,1.0,0.0,0.0,16.0,8.0,5.0,4.0,9.0,2.0,2.0,1.0,0.0,0.0
EPL_2020,02/02/2021,31,38,2.0,1.0,0.0,14.0,8.0,6.0,4.0,9.0,2.0,2.0,1.0,0.0,0.0
EPL_2020,02/02/2021,41,0,2.0,1.0,0.0,11.0,9.0,7.0,3.0,9.0,6.0,3.0,2.0,0.0,2.0
EPL_2020,02/02/2021,23,32,9.0,0.0,0.0,24.0,3.0,14.0,1.0,5.0,3.0,2.0,3.0,0.0,2.0
EPL_2020,02/02/2021,25,12,1.0,2.0,2.0,21.0,6.0,5.0,3.0,9.0,1.0,1.0,3.0,0.0,0.0
EPL_2020,03/02/2021,9,22,0.0,2.0,2.0,2.0,17.0,0.0,6.0,1.0,3.0,2.0,1.0,0.0,0.0
EPL_2020,03/02/2021,14,19,0.0,2.0,2.0,8.0,9.0,1.0,5.0,5.0,2.0,3.0,1.0,0.0,0.0
EPL_2020,03/02/2021,18,13,1.0,2.0,2.0,16.0,10.0,7.0,6.0,7.0,1.0,2.0,3.0,0.0,0.0
EPL_2020,03/02/2021,1,39,1.0,3.0,2.0,9.0,20.0,2.0,10.0,7.0,3.0,1.0,1.0,0.0,0.0
EPL_2020,03/02/2021,20,8,0.0,1.0,2.0,11.0,13.0,1.0,4.0,6.0,3.0,1.0,0.0,0.0,0.0
EPL_2020,04/02/2021,36,11,0.0,1.0,2.0,7.0,18.0,2.0,2.0,2.0,7.0,2.0,3.0,0.0,0.0
EPL_2020,06/02/2021,1,0,1.0,0.0,0.0,12.0,14.0,8.0,3.0,3.0,7.0,3.0,2.0,0.0,0.0
EPL_2020,06/02/2021,9,8,1.0,1.0,1.0,20.0,10.0,7.0,2.0,8.0,7.0,2.0,0.0,0.0,0.0
EPL_2020,06/02/2021,25,32,3.0,2.0,0.0,6.0,14.0,4.0,5.0,0.0,7.0,2.0,1.0,1.0,0.0
EPL_2020,06/02/2021,14,39,0.0,0.0,1.0,20.0,8.0,2.0,1.0,7.0,3.0,1.0,2.0,0.0,1.0
EPL_2020,06/02/2021,23,13,3.0,3.0,1.0,14.0,6.0,5.0,3.0,5.0,1.0,2.0,1.0,0.0,0.0
EPL_2020,07/02/2021,36,38,2.0,0.0,0.0,13.0,4.0,6.0,1.0,8.0,0.0,1.0,2.0,0.0,0.0
EPL_2020,07/02/2021,41,19,0.0,0.0,1.0,13.0,13.0,1.0,3.0,8.0,2.0,1.0,3.0,0.0,0.0
EPL_2020,07/02/2021,20,22,1.0,4.0,2.0,8.0,8.0,3.0,5.0,6.0,1.0,2.0,1.0,0.0,0.0
EPL_2020,07/02/2021,31,11,1.0,2.0,2.0,8.0,9.0,3.0,3.0,1.0,8.0,1.0,0.0,0.0,0.0
EPL_2020,08/02/2021,18,12,2.0,0.0,0.0,17.0,8.0,7.0,3.0,5.0,3.0,0.0,2.0,0.0,0.0
EPL_2020,13/02/2021,19,20,3.0,1.0,0.0,11.0,15.0,6.0,4.0,2.0,12.0,1.0,2.0,0.0,0.0
EPL_2020,13/02/2021,12,9,0.0,3.0,2.0,13.0,16.0,3.0,4.0,7.0,4.0,0.0,0.0,0.0,0.0
EPL_2020,13/02/2021,22,36,3.0,0.0,0.0,15.0,7.0,6.0,3.0,4.0,2.0,1.0,3.0,0.0,0.0
EPL_2020,13/02/2021,8,1,0.0,0.0,1.0,26.0,4.0,9.0,1.0,9.0,2.0,2.0,3.0,0.0,0.0
EPL_2020,14/02/2021,32,41,1.0,2.0,2.0,7.0,10.0,3.0,4.0,4.0,6.0,2.0,2.0,0.0,0.0
EPL_2020,14/02/2021,38,23,1.0,1.0,1.0,7.0,10.0,3.0,7.0,4.0,5.0,5.0,0.0,0.0,0.0
EPL_2020,14/02/2021,0,18,4.0,2.0,0.0,13.0,9.0,5.0,5.0,4.0,5.0,0.0,2.0,0.0,0.0
EPL_2020,14/02/2021,13,14,0.0,2.0,2.0,7.0,12.0,2.0,3.0,5.0,4.0,1.0,1.0,0.0,0.0
EPL_2020,15/02/2021,39,31,3.0,0.0,0.0,13.0,8.0,9.0,5.0,7.0,7.0,0.0,2.0,0.0,0.0
EPL_2020,15/02/2021,11,25,2.0,0.0,0.0,18.0,10.0,5.0,4.0,10.0,5.0,0.0,0.0,0.0,0.0
EPL_2020,17/02/2021,9,14,1.0,1.0,1.0,8.0,8.0,3.0,3.0,5.0,5.0,1.0,1.0,0.0,0.0
EPL_2020,17/02/2021,13,22,1.0,3.0,2.0,3.0,16.0,2.0,7.0,0.0,10.0,2.0,1.0,0.0,0.0
EPL_2020,19/02/2021,41,18,1.0,0.0,0.0,15.0,18.0,5.0,7.0,7.0,9.0,1.0,0.0,0.0,0.0
EPL_2020,20/02/2021,32,11,1.0,1.0,1.0,4.0,9.0,1.0,3.0,3.0,6.0,1.0,1.0,0.0,0.0
EPL_2020,20/02/2021,9,38,0.0,0.0,1.0,6.0,10.0,1.0,3.0,5.0,5.0,3.0,0.0,0.0,1.0
EPL_2020,20/02/2021,20,13,0.0,2.0,2.0,15.0,9.0,6.0,6.0,7.0,2.0,2.0,1.0,0.0,0.0
EPL_2020,20/02/2021,14,31,1.0,0.0,0.0,15.0,4.0,7.0,2.0,6.0,4.0,1.0,2.0,0.0,0.0
EPL_2020,21/02/2021,39,36,2.0,1.0,0.0,4.0,20.0,4.0,4.0,5.0,7.0,4.0,3.0,0.0,0.0
EPL_2020,21/02/2021,1,19,1.0,2.0,2.0,11.0,16.0,2.0,7.0,7.0,8.0,2.0,1.0,0.0,0.0
EPL_2020,21/02/2021,0,22,0.0,1.0,2.0,7.0,15.0,1.0,3.0,1.0,3.0,2.0,2.0,0.0,0.0
EPL_2020,21/02/2021,23,25,3.0,1.0,0.0,15.0,10.0,7.0,6.0,6.0,4.0,1.0,2.0,0.0,0.0
EPL_2020,22/02/2021,8,12,1.0,2.0,2.0,25.0,3.0,5.0,2.0,13.0,0.0,2.0,0.0,0.0,0.0
EPL_2020,23/02/2021,18,32,3.0,0.0,0.0,11.0,13.0,7.0,5.0,2.0,4.0,1.0,2.0,0.0,0.0
EPL_2020,27/02/2021,22,39,2.0,1.0,0.0,10.0,9.0,3.0,3.0,4.0,2.0,1.0,1.0,0.0,0.0
EPL_2020,27/02/2021,38,8,1.0,0.0,0.0,6.0,15.0,2.0,6.0,7.0,4.0,0.0,0.0,0.0,0.0
EPL_2020,27/02/2021,18,1,0.0,1.0,2.0,13.0,9.0,3.0,4.0,7.0,5.0,3.0,2.0,0.0,0.0
EPL_2020,27/02/2021,25,41,1.0,1.0,1.0,19.0,14.0,7.0,4.0,3.0,5.0,2.0,0.0,0.0,0.0
EPL_2020,28/02/2021,12,14,0.0,0.0,1.0,3.0,16.0,0.0,4.0,1.0,3.0,1.0,1.0,0.0,0.0
EPL_2020,28/02/2021,19,0,1.0,3.0,2.0,8.0,12.0,3.0,4.0,2.0,7.0,2.0,1.0,0.0,0.0
EPL_2020,28/02/2021,36,9,4.0,0.0,0.0,16.0,10.0,7.0,3.0,3.0,4.0,0.0,0.0,0.0,0.0
EPL_2020,28/02/2021,11,23,0.0,0.0,1.0,18.0,11.0,6.0,4.0,3.0,4.0,1.0,2.0,0.0,0.0
EPL_2020,28/02/2021,31,20,0.0,2.0,2.0,8.0,16.0,2.0,8.0,4.0,3.0,0.0,0.0,0.0,0.0
EPL_2020,01/03/2021,13,32,1.0,0.0,0.0,7.0,9.0,1.0,1.0,4.0,10.0,0.0,2.0,0.0,0.0
EPL_2020,02/03/2021,22,41,4.0,1.0,0.0,22.0,6.0,10.0,1.0,10.0,2.0,0.0,1.0,0.0,0.0
EPL_2020,03/03/2021,9,19,1.0,1.0,1.0,12.0,15.0,7.0,4.0,5.0,8.0,0.0,2.0,0.0,0.0
EPL_2020,03/03/2021,31,1,1.0,0.0,0.0,9.0,16.0,2.0,4.0,2.0,7.0,1.0,0.0,1.0,0.0
EPL_2020,03/03/2021,12,23,0.0,0.0,1.0,8.0,11.0,2.0,1.0,4.0,6.0,1.0,0.0,0.0,0.0
EPL_2020,04/03/2021,14,36,0.0,1.0,2.0,11.0,9.0,3.0,2.0,4.0,1.0,2.0,1.0,0.0,0.0
EPL_2020,04/03/2021,38,13,0.0,1.0,2.0,11.0,11.0,3.0,3.0,3.0,3.0,3.0,1.0,0.0,0.0
EPL_2020,04/03/2021,20,11,0.0,1.0,2.0,7.0,11.0,1.0,5.0,5.0,2.0,0.0,0.0,0.0,0.0
EPL_2020,06/03/2021,9,0,1.0,1.0,1.0,9.0,15.0,5.0,3.0,2.0,4.0,1.0,1.0,0.0,0.0
EPL_2020,06/03/2021,31,32,0.0,2.0,2.0,8.0,15.0,2.0,5.0,7.0,3.0,4.0,3.0,0.0,0.0
EPL_2020,06/03/2021,1,41,0.0,0.0,1.0,9.0,10.0,1.0,2.0,5.0,3.0,1.0,0.0,0.0,0.0
EPL_2020,06/03/2021,8,19,1.0,2.0,2.0,7.0,8.0,2.0,4.0,6.0,6.0,0.0,1.0,0.0,0.0
EPL_2020,07/03/2021,38,25,0.0,0.0,1.0,13.0,9.0,3.0,5.0,9.0,7.0,0.0,0.0,0.0,0.0
EPL_2020,07/03/2021,20,14,0.0,1.0,2.0,16.0,10.0,3.0,3.0,9.0,4.0,2.0,3.0,0.0,0.0
EPL_2020,07/03/2021,22,23,0.0,2.0,2.0,23.0,8.0,6.0,6.0,6.0,2.0,0.0,3.0,0.0,0.0
EPL_2020,07/03/2021,36,12,4.0,1.0,0.0,12.0,5.0,5.0,1.0,1.0,5.0,2.0,3.0,0.0,0.0
EPL_2020,08/03/2021,11,13,2.0,0.0,0.0,19.0,7.0,9.0,1.0,7.0,3.0,0.0,3.0,0.0,0.0
EPL_2020,08/03/2021,39,18,2.0,0.0,0.0,16.0,17.0,5.0,2.0,6.0,6.0,1.0,1.0,0.0,0.0
EPL_2020,10/03/2021,22,32,5.0,2.0,0.0,17.0,11.0,10.0,6.0,5.0,5.0,1.0,0.0,0.0,0.0
EPL_2020,12/03/2021,25,1,1.0,1.0,1.0,12.0,15.0,3.0,6.0,2.0,2.0,2.0,3.0,0.0,0.0
EPL_2020,13/03/2021,18,11,0.0,0.0,1.0,7.0,15.0,4.0,8.0,8.0,5.0,3.0,0.0,0.0,0.0
EPL_2020,13/03/2021,12,38,1.0,0.0,0.0,6.0,12.0,4.0,1.0,3.0,2.0,3.0,1.0,0.0,0.0
EPL_2020,13/03/2021,13,9,1.0,2.0,2.0,14.0,14.0,4.0,5.0,7.0,4.0,0.0,4.0,0.0,0.0
EPL_2020,13/03/2021,14,22,0.0,3.0,2.0,3.0,8.0,0.0,7.0,4.0,2.0,0.0,0.0,0.0,0.0
EPL_2020,14/03/2021,32,8,1.0,2.0,2.0,9.0,8.0,4.0,6.0,4.0,5.0,0.0,0.0,0.0,0.0
EPL_2020,14/03/2021,19,31,5.0,0.0,0.0,19.0,1.0,10.0,0.0,9.0,1.0,0.0,2.0,0.0,0.0
EPL_2020,14/03/2021,0,36,2.0,1.0,0.0,13.0,6.0,3.0,3.0,6.0,3.0,1.0,2.0,0.0,1.0
EPL_2020,14/03/2021,23,39,1.0,0.0,0.0,15.0,7.0,4.0,0.0,6.0,3.0,4.0,0.0,0.0,0.0
EPL_2020,15/03/2021,41,20,0.0,1.0,2.0,10.0,12.0,5.0,4.0,3.0,2.0,2.0,1.0,0.0,0.0
EPL_2020,19/03/2021,14,18,1.0,2.0,2.0,13.0,13.0,6.0,4.0,13.0,7.0,2.0,2.0,0.0,0.0
EPL_2020,20/03/2021,8,25,3.0,0.0,0.0,11.0,3.0,6.0,1.0,3.0,1.0,0.0,1.0,0.0,0.0
EPL_2020,21/03/2021,39,0,3.0,3.0,1.0,15.0,16.0,5.0,7.0,3.0,5.0,3.0,1.0,0.0,0.0
EPL_2020,21/03/2021,1,36,0.0,2.0,2.0,8.0,9.0,1.0,3.0,5.0,8.0,3.0,2.0,0.0,0.0
EPL_2020,03/04/2021,11,38,2.0,5.0,2.0,18.0,14.0,8.0,7.0,10.0,3.0,1.0,1.0,1.0,0.0
EPL_2020,03/04/2021,18,31,2.0,1.0,0.0,23.0,9.0,8.0,1.0,5.0,7.0,1.0,2.0,0.0,0.0
EPL_2020,03/04/2021,19,22,0.0,2.0,2.0,5.0,11.0,2.0,4.0,1.0,1.0,2.0,3.0,0.0,0.0
EPL_2020,03/04/2021,0,20,0.0,3.0,2.0,3.0,16.0,2.0,7.0,1.0,2.0,1.0,1.0,0.0,0.0
EPL_2020,04/04/2021,32,9,3.0,2.0,0.0,24.0,7.0,9.0,5.0,6.0,7.0,0.0,0.0,0.0,0.0
EPL_2020,04/04/2021,25,36,2.0,2.0,1.0,22.0,11.0,6.0,5.0,7.0,3.0,3.0,2.0,0.0,0.0
EPL_2020,04/04/2021,1,14,3.0,1.0,0.0,14.0,15.0,4.0,7.0,4.0,4.0,1.0,2.0,0.0,0.0
EPL_2020,04/04/2021,23,8,2.0,1.0,0.0,15.0,5.0,7.0,3.0,5.0,6.0,2.0,2.0,0.0,0.0
EPL_2020,05/04/2021,13,12,1.0,1.0,1.0,15.0,13.0,7.0,6.0,3.0,4.0,2.0,0.0,0.0,0.0
EPL_2020,05/04/2021,41,39,2.0,3.0,2.0,20.0,9.0,5.0,6.0,4.0,2.0,1.0,4.0,0.0,0.0
EPL_2020,09/04/2021,14,41,0.0,1.0,2.0,14.0,7.0,3.0,3.0,3.0,4.0,0.0,0.0,0.0,0.0
EPL_2020,10/04/2021,22,18,1.0,2.0,2.0,29.0,2.0,7.0,2.0,9.0,3.0,3.0,1.0,0.0,1.0
EPL_2020,10/04/2021,20,1,2.0,1.0,0.0,23.0,9.0,10.0,5.0,7.0,0.0,2.0,4.0,0.0,0.0
EPL_2020,10/04/2021,12,11,1.0,4.0,2.0,1.0,23.0,1.0,10.0,0.0,8.0,1.0,0.0,0.0,0.0
EPL_2020,11/04/2021,9,25,1.0,2.0,2.0,24.0,10.0,4.0,5.0,13.0,3.0,1.0,0.0,0.0,0.0
EPL_2020,11/04/2021,39,19,3.0,2.0,0.0,4.0,15.0,4.0,5.0,1.0,9.0,3.0,3.0,0.0,0.0
EPL_2020,11/04/2021,36,23,1.0,3.0,2.0,12.0,12.0,3.0,7.0,7.0,5.0,1.0,5.0,0.0,0.0
EPL_2020,11/04/2021,31,0,0.0,3.0,2.0,7.0,14.0,2.0,5.0,2.0,4.0,1.0,1.0,0.0,0.0
EPL_2020,12/04/2021,38,32,3.0,0.0,0.0,15.0,14.0,6.0,4.0,5.0,10.0,0.0,1.0,0.0,0.0
EPL_2020,12/04/2021,8,13,0.0,0.0,1.0,23.0,8.0,3.0,1.0,10.0,3.0,1.0,2.0,0.0,0.0
EPL_2020,16/04/2021,13,36,2.0,2.0,1.0,18.0,12.0,7.0,3.0,6.0,3.0,1.0,1.0,0.0,0.0
EPL_2020,17/04/2021,25,39,3.0,2.0,0.0,16.0,16.0,8.0,6.0,3.0,8.0,2.0,0.0,0.0,1.0
EPL_2020,17/04/2021,41,31,1.0,0.0,0.0,10.0,8.0,5.0,2.0,3.0,3.0,1.0,2.0,0.0,0.0
EPL_2020,18/04/2021,0,14,1.0,1.0,1.0,18.0,3.0,5.0,1.0,11.0,1.0,0.0,3.0,0.0,0.0
EPL_2020,18/04/2021,23,9,3.0,1.0,0.0,17.0,10.0,9.0,3.0,8.0,3.0,1.0,2.0,0.0,0.0
EPL_2020,19/04/2021,18,20,1.0,1.0,1.0,12.0,17.0,5.0,7.0,10.0,8.0,2.0,1.0,0.0,0.0
EPL_2020,20/04/2021,11,8,0.0,0.0,1.0,7.0,11.0,4.0,2.0,0.0,3.0,2.0,0.0,0.0,1.0
EPL_2020,21/04/2021,36,32,2.0,1.0,0.0,12.0,10.0,3.0,5.0,5.0,5.0,2.0,1.0,0.0,0.0
EPL_2020,21/04/2021,1,22,1.0,2.0,2.0,8.0,13.0,3.0,3.0,1.0,11.0,0.0,1.0,1.0,1.0
EPL_2020,22/04/2021,19,38,3.0,0.0,0.0,17.0,4.0,7.0,1.0,7.0,3.0,0.0,2.0,0.0,0.0
EPL_2020,23/04/2021,0,13,0.0,1.0,2.0,14.0,8.0,3.0,1.0,7.0,3.0,1.0,3.0,0.0,0.0
EPL_2020,24/04/2021,20,25,1.0,1.0,1.0,22.0,7.0,9.0,4.0,6.0,3.0,2.0,1.0,0.0,0.0
EPL_2020,24/04/2021,39,11,0.0,1.0,2.0,9.0,17.0,2.0,6.0,4.0,2.0,0.0,4.0,1.0,0.0
EPL_2020,24/04/2021,31,8,1.0,0.0,0.0,7.0,17.0,3.0,4.0,2.0,12.0,3.0,0.0,0.0,0.0
EPL_2020,25/04/2021,41,9,0.0,4.0,2.0,12.0,14.0,2.0,7.0,8.0,5.0,1.0,2.0,0.0,0.0
EPL_2020,25/04/2021,18,23,0.0,0.0,1.0,6.0,16.0,3.0,4.0,2.0,6.0,4.0,1.0,0.0,0.0
EPL_2020,25/04/2021,1,38,2.0,2.0,1.0,24.0,10.0,11.0,4.0,11.0,4.0,0.0,2.0,0.0,0.0
EPL_2020,26/04/2021,19,12,2.0,1.0,0.0,13.0,4.0,5.0,2.0,7.0,2.0,0.0,1.0,0.0,0.0
EPL_2020,30/04/2021,32,19,1.0,1.0,1.0,5.0,23.0,3.0,9.0,0.0,10.0,1.0,0.0,1.0,0.0
EPL_2020,01/05/2021,12,22,0.0,2.0,2.0,9.0,20.0,4.0,3.0,2.0,6.0,2.0,0.0,0.0,0.0
EPL_2020,01/05/2021,8,18,2.0,0.0,0.0,17.0,11.0,5.0,2.0,2.0,9.0,1.0,1.0,0.0,0.0
EPL_2020,01/05/2021,11,14,2.0,0.0,0.0,9.0,10.0,5.0,3.0,1.0,8.0,1.0,1.0,0.0,0.0
EPL_2020,01/05/2021,13,1,1.0,2.0,2.0,16.0,13.0,3.0,5.0,3.0,6.0,0.0,2.0,0.0,0.0
EPL_2020,02/05/2021,25,0,0.0,2.0,2.0,5.0,19.0,1.0,5.0,3.0,7.0,2.0,1.0,1.0,0.0
EPL_2020,02/05/2021,36,31,4.0,0.0,0.0,20.0,8.0,11.0,1.0,6.0,6.0,1.0,1.0,0.0,0.0
EPL_2020,03/05/2021,38,41,1.0,1.0,1.0,10.0,20.0,4.0,10.0,5.0,6.0,2.0,0.0,0.0,0.0
EPL_2020,03/05/2021,9,39,1.0,2.0,2.0,8.0,22.0,3.0,4.0,5.0,4.0,2.0,1.0,0.0,0.0
EPL_2020,07/05/2021,19,25,2.0,4.0,2.0,25.0,14.0,9.0,6.0,9.0,6.0,1.0,1.0,0.0,0.0
EPL_2020,08/05/2021,18,36,3.0,1.0,0.0,16.0,11.0,7.0,3.0,8.0,6.0,1.0,2.0,0.0,0.0
EPL_2020,08/05/2021,31,12,0.0,2.0,2.0,7.0,21.0,0.0,8.0,5.0,11.0,1.0,1.0,0.0,0.0
EPL_2020,08/05/2021,22,11,1.0,2.0,2.0,16.0,12.0,4.0,5.0,6.0,2.0,2.0,0.0,0.0,0.0
EPL_2020,08/05/2021,20,32,2.0,0.0,0.0,14.0,12.0,6.0,6.0,8.0,4.0,0.0,1.0,0.0,0.0
EPL_2020,09/05/2021,41,8,2.0,1.0,0.0,16.0,5.0,6.0,3.0,10.0,5.0,2.0,2.0,0.0,2.0
EPL_2020,09/05/2021,1,23,1.0,3.0,2.0,11.0,18.0,5.0,7.0,5.0,6.0,1.0,1.0,1.0,0.0
EPL_2020,09/05/2021,39,13,0.0,1.0,2.0,11.0,9.0,0.0,3.0,5.0,6.0,2.0,1.0,0.0,0.0
EPL_2020,09/05/2021,0,38,3.0,1.0,0.0,15.0,12.0,7.0,1.0,6.0,6.0,1.0,2.0,0.0,0.0
EPL_2020,10/05/2021,14,9,0.0,2.0,2.0,21.0,14.0,3.0,5.0,8.0,4.0,2.0,0.0,0.0,0.0
EPL_2020,11/05/2021,23,19,1.0,2.0,2.0,4.0,12.0,1.0,3.0,3.0,4.0,0.0,0.0,0.0,0.0
EPL_2020,11/05/2021,32,12,3.0,1.0,0.0,13.0,11.0,6.0,4.0,12.0,8.0,2.0,3.0,0.0,0.0
EPL_2020,12/05/2021,11,0,0.0,1.0,2.0,19.0,5.0,5.0,2.0,9.0,1.0,0.0,1.0,0.0,0.0
EPL_2020,13/05/2021,1,13,0.0,0.0,1.0,13.0,15.0,2.0,5.0,9.0,1.0,2.0,0.0,0.0,0.0
EPL_2020,13/05/2021,23,20,2.0,4.0,2.0,18.0,17.0,3.0,8.0,6.0,4.0,3.0,0.0,0.0,0.0
EPL_2020,14/05/2021,25,22,3.0,4.0,2.0,11.0,15.0,5.0,6.0,4.0,5.0,2.0,2.0,0.0,0.0
EPL_2020,15/05/2021,9,18,0.0,4.0,2.0,16.0,16.0,4.0,6.0,6.0,8.0,1.0,1.0,0.0,0.0
EPL_2020,15/05/2021,32,14,3.0,1.0,0.0,11.0,10.0,7.0,3.0,6.0,5.0,0.0,1.0,0.0,0.0
EPL_2020,15/05/2021,8,39,1.0,1.0,1.0,10.0,15.0,2.0,3.0,3.0,3.0,1.0,1.0,0.0,0.0
EPL_2020,16/05/2021,12,1,3.0,2.0,0.0,23.0,19.0,8.0,5.0,7.0,7.0,3.0,2.0,0.0,0.0
EPL_2020,16/05/2021,36,41,2.0,0.0,0.0,24.0,15.0,13.0,3.0,10.0,3.0,1.0,0.0,0.0,0.0
EPL_2020,16/05/2021,38,20,1.0,2.0,2.0,10.0,26.0,3.0,6.0,9.0,13.0,0.0,0.0,0.0,0.0
EPL_2020,16/05/2021,13,31,0.0,1.0,2.0,16.0,10.0,6.0,3.0,11.0,4.0,1.0,3.0,0.0,0.0
EPL_2020,18/05/2021,23,14,1.0,1.0,1.0,13.0,8.0,6.0,5.0,6.0,1.0,2.0,3.0,0.0,0.0
EPL_2020,18/05/2021,32,18,0.0,2.0,2.0,18.0,15.0,3.0,7.0,4.0,5.0,0.0,3.0,0.0,0.0
EPL_2020,18/05/2021,8,22,3.0,2.0,0.0,19.0,8.0,6.0,4.0,5.0,3.0,3.0,3.0,0.0,1.0
EPL_2020,18/05/2021,11,19,2.0,1.0,0.0,17.0,7.0,6.0,3.0,6.0,5.0,2.0,4.0,0.0,0.0
EPL_2020,19/05/2021,13,41,1.0,0.0,0.0,14.0,9.0,4.0,3.0,7.0,12.0,0.0,2.0,0.0,0.0
EPL_2020,19/05/2021,25,31,1.0,0.0,0.0,16.0,11.0,5.0,1.0,5.0,2.0,0.0,2.0,0.0,0.0
EPL_2020,19/05/2021,36,1,1.0,2.0,2.0,10.0,20.0,4.0,4.0,4.0,5.0,1.0,1.0,0.0,0.0
EPL_2020,19/05/2021,12,0,1.0,3.0,2.0,12.0,6.0,6.0,3.0,6.0,7.0,2.0,1.0,0.0,0.0
EPL_2020,19/05/2021,9,20,0.0,3.0,2.0,10.0,20.0,4.0,3.0,6.0,7.0,0.0,0.0,0.0,0.0
EPL_2020,19/05/2021,38,39,1.0,3.0,2.0,14.0,21.0,4.0,9.0,6.0,8.0,2.0,2.0,0.0,0.0
EPL_2020,23/05/2021,0,8,2.0,0.0,0.0,16.0,5.0,5.0,1.0,11.0,3.0,0.0,0.0,0.0,0.0
EPL_2020,23/05/2021,1,11,2.0,1.0,0.0,6.0,23.0,3.0,7.0,2.0,9.0,3.0,3.0,0.0,1.0
EPL_2020,23/05/2021,14,25,0.0,2.0,2.0,14.0,10.0,0.0,4.0,5.0,4.0,1.0,0.0,0.0,0.0
EPL_2020,23/05/2021,18,38,3.0,1.0,0.0,17.0,14.0,9.0,5.0,8.0,3.0,2.0,1.0,0.0,0.0
EPL_2020,23/05/2021,19,36,2.0,4.0,2.0,10.0,11.0,6.0,4.0,8.0,7.0,0.0,2.0,0.0,0.0
EPL_2020,23/05/2021,20,12,2.0,0.0,0.0,19.0,5.0,5.0,4.0,14.0,1.0,2.0,2.0,0.0,0.0
EPL_2020,23/05/2021,22,13,5.0,0.0,0.0,21.0,8.0,11.0,3.0,7.0,5.0,2.0,2.0,0.0,0.0
EPL_2020,23/05/2021,31,9,1.0,0.0,0.0,12.0,10.0,3.0,3.0,8.0,9.0,3.0,1.0,0.0,0.0
EPL_2020,23/05/2021,39,32,3.0,0.0,0.0,14.0,17.0,7.0,5.0,2.0,3.0,0.0,3.0,0.0,0.0
EPL_2020,23/05/2021,41,23,1.0,2.0,2.0,14.0,9.0,4.0,4.0,6.0,2.0,4.0,1.0,0.0,0.0
EPL_2021,13/08/2021,7,0,2.0,0.0,0.0,8.0,22.0,3.0,4.0,2.0,5.0,0.0,0.0,0.0,0.0
EPL_2021,14/08/2021,23,18,5.0,1.0,0.0,16.0,10.0,8.0,3.0,5.0,4.0,1.0,2.0,0.0,0.0
EPL_2021,14/08/2021,9,8,1.0,2.0,2.0,14.0,14.0,3.0,8.0,7.0,6.0,2.0,1.0,0.0,0.0
EPL_2021,14/08/2021,11,12,3.0,0.0,0.0,13.0,4.0,6.0,1.0,5.0,2.0,0.0,0.0,0.0,0.0
EPL_2021,14/08/2021,13,32,3.0,1.0,0.0,14.0,6.0,6.0,3.0,6.0,8.0,2.0,0.0,0.0,0.0
EPL_2021,14/08/2021,19,41,1.0,0.0,0.0,9.0,17.0,5.0,3.0,5.0,4.0,1.0,2.0,0.0,0.0
EPL_2021,14/08/2021,37,1,3.0,2.0,0.0,13.0,11.0,7.0,2.0,2.0,4.0,3.0,1.0,0.0,0.0
EPL_2021,14/08/2021,26,20,0.0,3.0,2.0,14.0,19.0,3.0,8.0,3.0,11.0,1.0,1.0,0.0,0.0
EPL_2021,15/08/2021,25,39,2.0,4.0,2.0,17.0,8.0,3.0,9.0,7.0,6.0,1.0,0.0,0.0,0.0
EPL_2021,15/08/2021,36,22,1.0,0.0,0.0,13.0,18.0,3.0,4.0,3.0,11.0,2.0,1.0,0.0,0.0
EPL_2021,21/08/2021,20,9,2.0,0.0,0.0,27.0,9.0,9.0,3.0,8.0,4.0,0.0,0.0,0.0,0.0
EPL_2021,21/08/2021,1,25,2.0,0.0,0.0,10.0,9.0,2.0,1.0,3.0,4.0,3.0,4.0,0.0,0.0
EPL_2021,21/08/2021,12,7,0.0,0.0,1.0,7.0,14.0,2.0,3.0,3.0,5.0,3.0,1.0,0.0,0.0
EPL_2021,21/08/2021,18,13,2.0,2.0,1.0,17.0,17.0,4.0,8.0,8.0,5.0,2.0,4.0,0.0,0.0
EPL_2021,21/08/2021,22,26,5.0,0.0,0.0,16.0,1.0,4.0,0.0,6.0,1.0,1.0,0.0,0.0,0.0
EPL_2021,21/08/2021,8,37,2.0,0.0,0.0,13.0,10.0,3.0,1.0,7.0,2.0,4.0,0.0,0.0,0.0
EPL_2021,22/08/2021,32,23,1.0,1.0,1.0,8.0,15.0,3.0,4.0,7.0,7.0,2.0,3.0,0.0,0.0
EPL_2021,22/08/2021,41,36,0.0,1.0,2.0,25.0,8.0,6.0,6.0,5.0,4.0,1.0,4.0,0.0,0.0
EPL_2021,22/08/2021,0,11,0.0,2.0,2.0,6.0,22.0,3.0,5.0,9.0,8.0,3.0,0.0,0.0,0.0
EPL_2021,23/08/2021,39,19,4.0,1.0,0.0,13.0,5.0,7.0,1.0,10.0,0.0,0.0,1.0,0.0,1.0
EPL_2021,28/08/2021,22,0,5.0,0.0,0.0,25.0,1.0,10.0,0.0,14.0,0.0,1.0,2.0,0.0,1.0
EPL_2021,28/08/2021,1,7,1.0,1.0,1.0,7.0,9.0,5.0,2.0,3.0,2.0,3.0,3.0,0.0,0.0
EPL_2021,28/08/2021,8,13,0.0,2.0,2.0,14.0,14.0,3.0,5.0,4.0,5.0,1.0,2.0,0.0,0.0
EPL_2021,28/08/2021,25,32,2.0,2.0,1.0,10.0,22.0,5.0,6.0,4.0,4.0,3.0,3.0,0.0,0.0
EPL_2021,28/08/2021,26,19,1.0,2.0,2.0,14.0,9.0,4.0,3.0,9.0,9.0,2.0,1.0,0.0,0.0
EPL_2021,28/08/2021,39,12,2.0,2.0,1.0,14.0,9.0,4.0,2.0,5.0,3.0,1.0,0.0,0.0,0.0
EPL_2021,28/08/2021,20,11,1.0,1.0,1.0,24.0,6.0,7.0,3.0,12.0,3.0,0.0,2.0,0.0,1.0
EPL_2021,29/08/2021,9,18,1.0,1.0,1.0,12.0,12.0,3.0,2.0,5.0,5.0,4.0,3.0,0.0,0.0
EPL_2021,29/08/2021,36,37,1.0,0.0,0.0,15.0,9.0,8.0,2.0,10.0,3.0,3.0,3.0,0.0,0.0
EPL_2021,29/08/2021,41,23,0.0,1.0,2.0,15.0,10.0,6.0,3.0,5.0,7.0,3.0,4.0,0.0,0.0
EPL_2021,11/09/2021,12,36,3.0,0.0,0.0,18.0,2.0,4.0,1.0,8.0,2.0,2.0,1.0,0.0,1.0
EPL_2021,11/09/2021,0,26,1.0,0.0,0.0,30.0,10.0,7.0,1.0,8.0,4.0,1.0,2.0,0.0,0.0
EPL_2021,11/09/2021,7,8,0.0,1.0,2.0,7.0,4.0,1.0,2.0,1.0,6.0,3.0,2.0,0.0,0.0
EPL_2021,11/09/2021,19,22,0.0,1.0,2.0,6.0,25.0,1.0,8.0,5.0,8.0,1.0,2.0,0.0,0.0
EPL_2021,11/09/2021,23,25,4.0,1.0,0.0,21.0,12.0,7.0,3.0,7.0,3.0,1.0,0.0,0.0,0.0
EPL_2021,11/09/2021,32,39,0.0,0.0,1.0,11.0,13.0,3.0,3.0,5.0,4.0,3.0,1.0,0.0,1.0
EPL_2021,11/09/2021,37,41,0.0,2.0,2.0,6.0,14.0,2.0,5.0,6.0,8.0,3.0,3.0,0.0,0.0
EPL_2021,11/09/2021,11,1,3.0,0.0,0.0,12.0,18.0,4.0,6.0,4.0,11.0,1.0,4.0,0.0,0.0
EPL_2021,12/09/2021,18,20,0.0,3.0,2.0,9.0,30.0,4.0,9.0,2.0,11.0,2.0,1.0,1.0,0.0
EPL_2021,13/09/2021,13,9,3.0,1.0,0.0,14.0,11.0,6.0,6.0,4.0,6.0,1.0,1.0,0.0,0.0
EPL_2021,17/09/2021,25,18,1.0,1.0,1.0,17.0,22.0,7.0,9.0,4.0,5.0,2.0,2.0,0.0,0.0
EPL_2021,18/09/2021,41,7,0.0,2.0,2.0,11.0,9.0,0.0,3.0,4.0,2.0,4.0,2.0,0.0,1.0
EPL_2021,18/09/2021,9,0,0.0,1.0,2.0,18.0,13.0,3.0,3.0,8.0,3.0,2.0,1.0,0.0,0.0
EPL_2021,18/09/2021,20,12,3.0,0.0,0.0,25.0,13.0,10.0,2.0,10.0,5.0,3.0,1.0,0.0,0.0
EPL_2021,18/09/2021,22,32,0.0,0.0,1.0,18.0,10.0,1.0,2.0,8.0,5.0,0.0,2.0,0.0,0.0
EPL_2021,18/09/2021,26,37,1.0,3.0,2.0,12.0,12.0,5.0,8.0,4.0,8.0,1.0,1.0,0.0,0.0
EPL_2021,18/09/2021,1,13,3.0,0.0,0.0,15.0,11.0,3.0,1.0,5.0,4.0,1.0,1.0,0.0,0.0
EPL_2021,19/09/2021,8,19,2.0,1.0,0.0,12.0,14.0,5.0,3.0,4.0,9.0,2.0,1.0,0.0,0.0
EPL_2021,19/09/2021,39,23,1.0,2.0,2.0,13.0,17.0,4.0,10.0,2.0,11.0,0.0,0.0,0.0,0.0
EPL_2021,19/09/2021,36,11,0.0,3.0,2.0,8.0,20.0,2.0,10.0,5.0,11.0,0.0,1.0,0.0,0.0
EPL_2021,25/09/2021,11,22,0.0,1.0,2.0,5.0,15.0,0.0,4.0,4.0,13.0,3.0,2.0,0.0,0.0
EPL_2021,25/09/2021,23,1,0.0,1.0,2.0,28.0,7.0,4.0,3.0,5.0,5.0,2.0,2.0,0.0,0.0
EPL_2021,25/09/2021,13,26,2.0,0.0,0.0,11.0,10.0,4.0,2.0,6.0,4.0,2.0,3.0,0.0,0.0
EPL_2021,25/09/2021,18,39,1.0,2.0,2.0,15.0,20.0,5.0,7.0,5.0,7.0,3.0,2.0,0.0,0.0
EPL_2021,25/09/2021,19,9,2.0,2.0,1.0,22.0,9.0,5.0,3.0,8.0,4.0,2.0,4.0,0.0,0.0
EPL_2021,25/09/2021,37,25,1.0,1.0,1.0,15.0,20.0,4.0,6.0,5.0,6.0,4.0,3.0,0.0,0.0
EPL_2021,25/09/2021,7,20,3.0,3.0,1.0,12.0,16.0,4.0,6.0,2.0,11.0,1.0,1.0,0.0,0.0
EPL_2021,26/09/2021,32,41,0.0,1.0,2.0,18.0,5.0,6.0,3.0,5.0,5.0,0.0,0.0,0.0,0.0
EPL_2021,26/09/2021,0,36,3.0,1.0,0.0,12.0,10.0,7.0,4.0,4.0,4.0,2.0,1.0,0.0,0.0
EPL_2021,27/09/2021,12,8,1.0,1.0,1.0,8.0,8.0,3.0,4.0,6.0,5.0,2.0,3.0,0.0,0.0
EPL_2021,02/10/2021,23,13,1.0,1.0,1.0,13.0,12.0,6.0,2.0,10.0,1.0,1.0,1.0,0.0,0.0
EPL_2021,02/10/2021,9,26,0.0,0.0,1.0,14.0,10.0,4.0,2.0,9.0,5.0,5.0,2.0,0.0,0.0
EPL_2021,02/10/2021,11,32,3.0,1.0,0.0,20.0,6.0,9.0,2.0,7.0,2.0,1.0,3.0,0.0,1.0
EPL_2021,02/10/2021,18,37,1.0,0.0,0.0,20.0,5.0,4.0,1.0,6.0,3.0,0.0,3.0,0.0,0.0
EPL_2021,02/10/2021,41,25,2.0,1.0,0.0,7.0,8.0,3.0,2.0,0.0,4.0,0.0,2.0,0.0,0.0
EPL_2021,02/10/2021,8,0,0.0,0.0,1.0,21.0,8.0,2.0,2.0,8.0,5.0,2.0,1.0,0.0,0.0
EPL_2021,03/10/2021,12,19,2.0,2.0,1.0,18.0,9.0,4.0,5.0,1.0,3.0,2.0,3.0,0.0,0.0
EPL_2021,03/10/2021,36,1,2.0,1.0,0.0,17.0,14.0,8.0,3.0,5.0,8.0,2.0,1.0,0.0,0.0
EPL_2021,03/10/2021,39,7,1.0,2.0,2.0,18.0,13.0,5.0,6.0,11.0,6.0,2.0,3.0,0.0,0.0
EPL_2021,03/10/2021,20,22,2.0,2.0,1.0,6.0,12.0,4.0,3.0,3.0,4.0,3.0,3.0,0.0,0.0
EPL_2021,16/10/2021,37,20,0.0,5.0,2.0,6.0,19.0,2.0,8.0,1.0,9.0,0.0,0.0,0.0,0.0
EPL_2021,16/10/2021,1,41,2.0,3.0,2.0,14.0,9.0,5.0,4.0,6.0,7.0,2.0,3.0,0.0,0.0
EPL_2021,16/10/2021,19,23,4.0,2.0,0.0,22.0,18.0,11.0,6.0,4.0,3.0,0.0,3.0,0.0,0.0
EPL_2021,16/10/2021,22,9,2.0,0.0,0.0,15.0,7.0,6.0,2.0,6.0,2.0,1.0,0.0,0.0,0.0
EPL_2021,16/10/2021,26,8,0.0,0.0,1.0,15.0,11.0,3.0,3.0,8.0,4.0,3.0,5.0,0.0,0.0
EPL_2021,16/10/2021,32,18,1.0,0.0,0.0,19.0,3.0,5.0,0.0,8.0,1.0,2.0,3.0,0.0,0.0
EPL_2021,16/10/2021,7,11,0.0,1.0,2.0,17.0,5.0,7.0,1.0,5.0,5.0,1.0,1.0,0.0,0.0
EPL_2021,17/10/2021,13,39,0.0,1.0,2.0,15.0,16.0,2.0,4.0,7.0,9.0,0.0,2.0,0.0,0.0
EPL_2021,17/10/2021,25,36,2.0,3.0,2.0,7.0,14.0,1.0,4.0,2.0,9.0,4.0,1.0,1.0,0.0
EPL_2021,18/10/2021,0,12,2.0,2.0,1.0,17.0,9.0,6.0,6.0,6.0,4.0,1.0,1.0,0.0,0.0
EPL_2021,22/10/2021,0,1,3.0,1.0,0.0,22.0,10.0,9.0,4.0,7.0,4.0,2.0,5.0,0.0,0.0
EPL_2021,23/10/2021,11,26,7.0,0.0,0.0,23.0,3.0,13.0,1.0,5.0,0.0,0.0,2.0,0.0,1.0
EPL_2021,23/10/2021,12,25,1.0,1.0,1.0,15.0,6.0,3.0,2.0,3.0,7.0,3.0,4.0,0.0,0.0
EPL_2021,23/10/2021,13,37,2.0,5.0,2.0,15.0,20.0,4.0,8.0,3.0,5.0,4.0,3.0,0.0,0.0
EPL_2021,23/10/2021,18,41,1.0,1.0,1.0,18.0,8.0,4.0,4.0,6.0,3.0,2.0,3.0,0.0,0.0
EPL_2021,23/10/2021,32,9,2.0,2.0,1.0,16.0,9.0,4.0,5.0,6.0,2.0,1.0,3.0,0.0,0.0
EPL_2021,23/10/2021,8,22,1.0,4.0,2.0,10.0,23.0,5.0,14.0,7.0,6.0,2.0,3.0,0.0,0.0
EPL_2021,24/10/2021,7,19,1.0,2.0,2.0,15.0,10.0,5.0,6.0,9.0,2.0,1.0,1.0,0.0,0.0
EPL_2021,24/10/2021,39,36,1.0,0.0,0.0,13.0,7.0,4.0,4.0,2.0,4.0,2.0,1.0,0.0,0.0
EPL_2021,24/10/2021,23,20,0.0,5.0,2.0,12.0,19.0,4.0,8.0,6.0,3.0,6.0,0.0,1.0,0.0
EPL_2021,30/10/2021,19,0,0.0,2.0,2.0,16.0,9.0,8.0,5.0,7.0,6.0,2.0,0.0,0.0,0.0
EPL_2021,30/10/2021,9,7,3.0,1.0,0.0,15.0,12.0,6.0,5.0,4.0,2.0,1.0,1.0,0.0,0.0
EPL_2021,30/10/2021,20,8,2.0,2.0,1.0,14.0,9.0,3.0,6.0,5.0,3.0,2.0,2.0,0.0,0.0
EPL_2021,30/10/2021,22,12,0.0,2.0,2.0,14.0,8.0,3.0,3.0,7.0,1.0,2.0,3.0,1.0,0.0
EPL_2021,30/10/2021,25,11,0.0,3.0,2.0,6.0,19.0,1.0,6.0,0.0,2.0,3.0,2.0,0.0,0.0
EPL_2021,30/10/2021,37,32,0.0,1.0,2.0,10.0,12.0,4.0,1.0,5.0,8.0,2.0,2.0,0.0,0.0
EPL_2021,30/10/2021,36,23,0.0,3.0,2.0,9.0,10.0,0.0,4.0,10.0,2.0,2.0,3.0,0.0,0.0
EPL_2021,31/10/2021,26,18,1.0,2.0,2.0,14.0,13.0,3.0,6.0,5.0,0.0,1.0,4.0,0.0,0.0
EPL_2021,31/10/2021,1,39,1.0,4.0,2.0,9.0,21.0,3.0,9.0,3.0,6.0,1.0,2.0,1.0,0.0
EPL_2021,01/11/2021,41,13,2.0,1.0,0.0,10.0,14.0,4.0,5.0,4.0,3.0,1.0,1.0,0.0,0.0
EPL_2021,05/11/2021,32,1,1.0,0.0,0.0,9.0,14.0,3.0,3.0,10.0,8.0,2.0,2.0,0.0,0.0
EPL_2021,06/11/2021,23,22,0.0,2.0,2.0,5.0,16.0,1.0,5.0,1.0,9.0,1.0,2.0,0.0,0.0
EPL_2021,06/11/2021,7,26,1.0,2.0,2.0,19.0,9.0,7.0,5.0,6.0,2.0,2.0,3.0,0.0,0.0
EPL_2021,06/11/2021,11,9,1.0,1.0,1.0,25.0,5.0,4.0,2.0,14.0,2.0,1.0,4.0,0.0,0.0
EPL_2021,06/11/2021,12,41,2.0,0.0,0.0,13.0,4.0,6.0,2.0,4.0,6.0,2.0,1.0,0.0,0.0
EPL_2021,06/11/2021,8,25,1.0,1.0,1.0,14.0,6.0,5.0,1.0,2.0,5.0,3.0,4.0,1.0,0.0
EPL_2021,07/11/2021,0,37,1.0,0.0,0.0,14.0,7.0,6.0,1.0,4.0,2.0,4.0,2.0,0.0,1.0
EPL_2021,07/11/2021,13,36,0.0,0.0,1.0,12.0,8.0,2.0,0.0,4.0,2.0,2.0,4.0,1.0,0.0
EPL_2021,07/11/2021,18,19,1.0,1.0,1.0,18.0,9.0,5.0,3.0,10.0,5.0,1.0,1.0,0.0,0.0
EPL_2021,07/11/2021,39,20,3.0,2.0,0.0,7.0,16.0,3.0,5.0,3.0,2.0,1.0,1.0,0.0,0.0
EPL_2021,20/11/2021,19,11,0.0,3.0,2.0,4.0,16.0,3.0,7.0,3.0,5.0,3.0,1.0,0.0,0.0
EPL_2021,20/11/2021,1,8,2.0,0.0,0.0,9.0,6.0,5.0,2.0,5.0,7.0,3.0,3.0,0.0,0.0
EPL_2021,20/11/2021,9,12,3.0,3.0,1.0,15.0,18.0,9.0,8.0,3.0,6.0,2.0,3.0,0.0,0.0
EPL_2021,20/11/2021,25,7,3.0,3.0,1.0,23.0,10.0,9.0,4.0,8.0,2.0,2.0,2.0,0.0,0.0
EPL_2021,20/11/2021,26,32,2.0,1.0,0.0,8.0,17.0,4.0,5.0,5.0,7.0,3.0,2.0,0.0,0.0
EPL_2021,20/11/2021,37,23,4.0,1.0,0.0,20.0,9.0,7.0,3.0,9.0,3.0,2.0,1.0,0.0,1.0
EPL_2021,20/11/2021,41,39,1.0,0.0,0.0,15.0,8.0,5.0,3.0,7.0,3.0,1.0,1.0,0.0,0.0
EPL_2021,20/11/2021,20,0,4.0,0.0,0.0,19.0,5.0,9.0,3.0,6.0,1.0,2.0,0.0,0.0,0.0
EPL_2021,21/11/2021,22,13,3.0,0.0,0.0,17.0,4.0,7.0,1.0,7.0,1.0,1.0,1.0,0.0,0.0
EPL_2021,21/11/2021,36,18,2.0,1.0,0.0,13.0,18.0,4.0,7.0,4.0,8.0,1.0,4.0,0.0,0.0
EPL_2021,27/11/2021,0,25,2.0,0.0,0.0,24.0,9.0,6.0,5.0,4.0,4.0,1.0,3.0,0.0,0.0
EPL_2021,27/11/2021,12,1,1.0,2.0,2.0,8.0,10.0,3.0,3.0,7.0,3.0,3.0,3.0,0.0,0.0
EPL_2021,27/11/2021,20,32,4.0,0.0,0.0,20.0,7.0,6.0,3.0,5.0,7.0,0.0,1.0,0.0,0.0
EPL_2021,27/11/2021,26,41,0.0,0.0,1.0,14.0,5.0,4.0,2.0,4.0,3.0,2.0,2.0,0.0,0.0
EPL_2021,27/11/2021,8,18,0.0,0.0,1.0,20.0,11.0,4.0,4.0,6.0,1.0,1.0,3.0,0.0,0.0
EPL_2021,28/11/2021,7,13,1.0,0.0,0.0,6.0,14.0,4.0,5.0,3.0,3.0,4.0,3.0,0.0,0.0
EPL_2021,28/11/2021,19,37,4.0,2.0,0.0,18.0,16.0,8.0,5.0,8.0,6.0,0.0,0.0,0.0,0.0
EPL_2021,28/11/2021,22,39,2.0,1.0,0.0,19.0,5.0,9.0,3.0,8.0,4.0,2.0,0.0,0.0,0.0
EPL_2021,28/11/2021,11,23,1.0,1.0,1.0,24.0,3.0,6.0,2.0,15.0,2.0,2.0,5.0,0.0,0.0
EPL_2021,30/11/2021,25,26,1.0,1.0,1.0,9.0,16.0,1.0,6.0,2.0,5.0,0.0,0.0,0.0,1.0
EPL_2021,30/11/2021,18,12,1.0,0.0,0.0,15.0,9.0,3.0,1.0,7.0,4.0,5.0,3.0,0.0,0.0
EPL_2021,01/12/2021,32,19,2.0,2.0,1.0,15.0,15.0,7.0,6.0,2.0,4.0,1.0,3.0,0.0,0.0
EPL_2021,01/12/2021,37,11,1.0,2.0,2.0,13.0,8.0,6.0,4.0,6.0,0.0,4.0,3.0,0.0,0.0
EPL_2021,01/12/2021,39,8,1.0,1.0,1.0,14.0,9.0,6.0,3.0,9.0,5.0,1.0,1.0,0.0,0.0
EPL_2021,01/12/2021,41,9,0.0,0.0,1.0,16.0,6.0,2.0,1.0,5.0,5.0,2.0,3.0,0.0,0.0
EPL_2021,01/12/2021,1,22,1.0,2.0,2.0,9.0,17.0,3.0,7.0,4.0,11.0,0.0,0.0,0.0,0.0
EPL_2021,01/12/2021,13,20,1.0,4.0,2.0,8.0,16.0,2.0,7.0,3.0,11.0,4.0,3.0,0.0,0.0
EPL_2021,02/12/2021,36,7,2.0,0.0,0.0,11.0,6.0,6.0,2.0,11.0,5.0,0.0,0.0,0.0,0.0
EPL_2021,02/12/2021,23,0,3.0,2.0,0.0,14.0,17.0,10.0,8.0,3.0,8.0,1.0,0.0,0.0,0.0
EPL_2021,04/12/2021,39,11,3.0,2.0,0.0,11.0,19.0,5.0,7.0,1.0,9.0,1.0,3.0,0.0,0.0
EPL_2021,04/12/2021,25,9,1.0,0.0,0.0,19.0,10.0,4.0,1.0,10.0,3.0,1.0,1.0,0.0,0.0
EPL_2021,04/12/2021,32,8,1.0,1.0,1.0,14.0,14.0,4.0,4.0,6.0,2.0,4.0,2.0,0.0,0.0
EPL_2021,04/12/2021,41,20,0.0,1.0,2.0,3.0,17.0,1.0,5.0,2.0,8.0,2.0,2.0,0.0,0.0
EPL_2021,04/12/2021,37,22,1.0,3.0,2.0,11.0,26.0,4.0,13.0,5.0,11.0,3.0,0.0,0.0,0.0
EPL_2021,05/12/2021,18,7,2.0,2.0,1.0,13.0,9.0,6.0,3.0,5.0,1.0,5.0,3.0,0.0,0.0
EPL_2021,05/12/2021,23,12,1.0,0.0,0.0,16.0,8.0,3.0,2.0,9.0,6.0,2.0,2.0,0.0,0.0
EPL_2021,05/12/2021,36,26,3.0,0.0,0.0,17.0,10.0,7.0,1.0,6.0,4.0,1.0,2.0,0.0,0.0
EPL_2021,05/12/2021,1,19,2.0,1.0,0.0,13.0,12.0,4.0,5.0,3.0,6.0,1.0,1.0,0.0,0.0
EPL_2021,06/12/2021,13,0,2.0,1.0,0.0,11.0,10.0,5.0,3.0,3.0,3.0,2.0,2.0,0.0,0.0
EPL_2021,10/12/2021,7,37,2.0,1.0,0.0,14.0,6.0,5.0,2.0,8.0,2.0,4.0,0.0,0.0,0.0
EPL_2021,11/12/2021,22,41,1.0,0.0,0.0,24.0,2.0,10.0,1.0,14.0,1.0,3.0,2.0,0.0,1.0
EPL_2021,11/12/2021,0,32,3.0,0.0,0.0,15.0,11.0,5.0,6.0,9.0,8.0,2.0,0.0,0.0,0.0
EPL_2021,11/12/2021,11,18,3.0,2.0,0.0,16.0,12.0,6.0,5.0,5.0,2.0,2.0,5.0,0.0,0.0
EPL_2021,11/12/2021,20,1,1.0,0.0,0.0,20.0,4.0,5.0,0.0,11.0,3.0,1.0,2.0,0.0,0.0
EPL_2021,11/12/2021,26,23,0.0,1.0,2.0,11.0,13.0,5.0,5.0,8.0,6.0,1.0,1.0,0.0,0.0
EPL_2021,12/12/2021,9,39,0.0,0.0,1.0,9.0,16.0,1.0,3.0,6.0,4.0,2.0,1.0,0.0,0.0
EPL_2021,12/12/2021,19,25,4.0,0.0,0.0,8.0,12.0,5.0,3.0,4.0,6.0,2.0,3.0,0.0,0.0
EPL_2021,12/12/2021,12,13,3.0,1.0,0.0,17.0,12.0,6.0,6.0,8.0,2.0,0.0,2.0,0.0,0.0
EPL_2021,14/12/2021,26,1,0.0,2.0,2.0,7.0,17.0,3.0,6.0,7.0,10.0,3.0,1.0,0.0,0.0
EPL_2021,14/12/2021,22,18,7.0,0.0,0.0,31.0,6.0,15.0,3.0,6.0,2.0,1.0,1.0,0.0,0.0
EPL_2021,15/12/2021,8,41,0.0,1.0,2.0,12.0,8.0,2.0,5.0,7.0,4.0,2.0,0.0,0.0,0.0
EPL_2021,15/12/2021,12,32,2.0,2.0,1.0,9.0,15.0,6.0,4.0,4.0,6.0,2.0,4.0,0.0,0.0
EPL_2021,15/12/2021,0,39,2.0,0.0,0.0,21.0,7.0,8.0,1.0,5.0,2.0,2.0,0.0,0.0,1.0
EPL_2021,16/12/2021,11,13,1.0,1.0,1.0,23.0,5.0,10.0,3.0,7.0,1.0,2.0,3.0,0.0,0.0
EPL_2021,16/12/2021,20,25,3.0,1.0,0.0,23.0,4.0,8.0,2.0,11.0,0.0,1.0,3.0,0.0,0.0
EPL_2021,18/12/2021,18,0,1.0,4.0,2.0,9.0,21.0,2.0,12.0,1.0,4.0,3.0,1.0,0.0,0.0
EPL_2021,19/12/2021,25,22,0.0,4.0,2.0,5.0,18.0,1.0,7.0,3.0,6.0,1.0,2.0,0.0,0.0
EPL_2021,19/12/2021,41,11,0.0,0.0,1.0,4.0,8.0,1.0,1.0,4.0,9.0,0.0,2.0,0.0,0.0
EPL_2021,19/12/2021,36,20,2.0,2.0,1.0,10.0,18.0,5.0,6.0,6.0,4.0,4.0,4.0,0.0,1.0
EPL_2021,26/12/2021,22,19,6.0,3.0,0.0,17.0,14.0,9.0,8.0,14.0,4.0,1.0,2.0,0.0,0.0
EPL_2021,26/12/2021,26,0,0.0,5.0,2.0,4.0,16.0,2.0,6.0,3.0,5.0,1.0,2.0,0.0,0.0
EPL_2021,26/12/2021,36,12,3.0,0.0,0.0,17.0,4.0,6.0,0.0,4.0,2.0,1.0,1.0,0.0,1.0
EPL_2021,26/12/2021,39,32,2.0,3.0,2.0,11.0,11.0,5.0,6.0,10.0,2.0,2.0,3.0,0.0,0.0
EPL_2021,26/12/2021,1,11,1.0,3.0,2.0,8.0,10.0,1.0,4.0,2.0,5.0,3.0,1.0,0.0,0.0
EPL_2021,26/12/2021,8,7,2.0,0.0,0.0,15.0,16.0,5.0,6.0,6.0,9.0,1.0,3.0,0.0,0.0
EPL_2021,27/12/2021,25,23,1.0,1.0,1.0,13.0,13.0,8.0,4.0,2.0,4.0,3.0,3.0,0.0,0.0
EPL_2021,28/12/2021,12,26,3.0,0.0,0.0,19.0,12.0,6.0,3.0,8.0,8.0,1.0,2.0,0.0,0.0
EPL_2021,28/12/2021,32,36,1.0,1.0,1.0,9.0,21.0,2.0,11.0,3.0,7.0,2.0,2.0,1.0,0.0
EPL_2021,28/12/2021,37,39,1.0,4.0,2.0,14.0,13.0,5.0,6.0,4.0,5.0,0.0,1.0,0.0,0.0
EPL_2021,28/12/2021,19,20,1.0,0.0,0.0,6.0,21.0,1.0,4.0,1.0,12.0,0.0,1.0,0.0,0.0
EPL_2021,29/12/2021,11,8,1.0,1.0,1.0,11.0,18.0,5.0,6.0,10.0,8.0,4.0,1.0,0.0,0.0
EPL_2021,29/12/2021,7,22,0.0,1.0,2.0,6.0,12.0,2.0,3.0,3.0,5.0,0.0,0.0,0.0,0.0
EPL_2021,30/12/2021,23,9,3.0,1.0,0.0,18.0,10.0,6.0,3.0,7.0,5.0,0.0,0.0,0.0,0.0
EPL_2021,01/01/2022,0,22,1.0,2.0,2.0,7.0,15.0,2.0,2.0,5.0,5.0,3.0,2.0,1.0,0.0
EPL_2021,01/01/2022,37,36,0.0,1.0,2.0,6.0,21.0,4.0,9.0,3.0,7.0,0.0,1.0,0.0,0.0
EPL_2021,01/01/2022,12,39,2.0,3.0,2.0,22.0,10.0,6.0,5.0,9.0,1.0,0.0,2.0,0.0,0.0
EPL_2021,02/01/2022,7,1,2.0,1.0,0.0,10.0,16.0,4.0,5.0,3.0,7.0,2.0,2.0,0.0,0.0
EPL_2021,02/01/2022,13,8,2.0,3.0,2.0,17.0,12.0,6.0,5.0,8.0,5.0,1.0,1.0,0.0,0.0
EPL_2021,02/01/2022,18,9,3.0,1.0,0.0,22.0,8.0,7.0,2.0,9.0,3.0,2.0,1.0,0.0,0.0
EPL_2021,02/01/2022,11,20,2.0,2.0,1.0,15.0,10.0,6.0,6.0,6.0,7.0,1.0,2.0,0.0,0.0
EPL_2021,03/01/2022,23,41,0.0,1.0,2.0,9.0,19.0,2.0,6.0,3.0,8.0,3.0,1.0,0.0,0.0
EPL_2021,11/01/2022,32,7,4.0,1.0,0.0,12.0,5.0,6.0,4.0,5.0,2.0,0.0,1.0,0.0,0.0
EPL_2021,12/01/2022,39,26,2.0,0.0,0.0,13.0,7.0,5.0,3.0,11.0,2.0,0.0,0.0,0.0,0.0
EPL_2021,14/01/2022,8,12,1.0,1.0,1.0,19.0,3.0,4.0,1.0,9.0,0.0,0.0,2.0,0.0,0.0
EPL_2021,15/01/2022,22,11,1.0,0.0,0.0,11.0,4.0,6.0,1.0,9.0,1.0,0.0,2.0,0.0,0.0
EPL_2021,15/01/2022,25,37,1.0,1.0,1.0,12.0,18.0,1.0,5.0,4.0,6.0,3.0,2.0,0.0,0.0
EPL_2021,15/01/2022,26,13,2.0,1.0,0.0,14.0,12.0,3.0,5.0,8.0,8.0,3.0,1.0,0.0,0.0
EPL_2021,15/01/2022,41,32,3.0,1.0,0.0,9.0,13.0,5.0,10.0,2.0,10.0,2.0,3.0,0.0,0.0
EPL_2021,15/01/2022,1,23,2.0,2.0,1.0,13.0,13.0,9.0,6.0,3.0,6.0,1.0,2.0,0.0,0.0
EPL_2021,16/01/2022,20,7,3.0,0.0,0.0,27.0,6.0,13.0,1.0,9.0,0.0,0.0,1.0,0.0,0.0
EPL_2021,16/01/2022,39,18,2.0,3.0,2.0,15.0,18.0,5.0,5.0,4.0,3.0,3.0,2.0,0.0,0.0
EPL_2021,18/01/2022,8,11,1.0,1.0,1.0,10.0,15.0,2.0,3.0,5.0,7.0,1.0,2.0,0.0,0.0
EPL_2021,19/01/2022,19,36,2.0,3.0,2.0,14.0,27.0,4.0,10.0,3.0,8.0,1.0,2.0,0.0,0.0
EPL_2021,19/01/2022,7,23,1.0,3.0,2.0,18.0,13.0,8.0,5.0,6.0,9.0,0.0,0.0,0.0,0.0
EPL_2021,21/01/2022,37,26,0.0,3.0,2.0,15.0,7.0,4.0,2.0,5.0,1.0,0.0,1.0,1.0,0.0
EPL_2021,22/01/2022,13,1,0.0,1.0,2.0,15.0,8.0,1.0,3.0,9.0,2.0,5.0,3.0,0.0,0.0
EPL_2021,22/01/2022,7,41,1.0,2.0,2.0,11.0,7.0,1.0,2.0,6.0,3.0,2.0,3.0,0.0,0.0
EPL_2021,22/01/2022,18,25,0.0,1.0,2.0,13.0,15.0,4.0,3.0,6.0,7.0,4.0,2.0,0.0,0.0
EPL_2021,22/01/2022,23,39,1.0,0.0,0.0,18.0,6.0,3.0,1.0,3.0,3.0,1.0,1.0,0.0,0.0
EPL_2021,22/01/2022,32,22,1.0,1.0,1.0,7.0,20.0,3.0,5.0,2.0,11.0,3.0,0.0,0.0,0.0
EPL_2021,23/01/2022,0,9,0.0,0.0,1.0,20.0,10.0,5.0,1.0,12.0,4.0,0.0,2.0,0.0,0.0
EPL_2021,23/01/2022,12,20,1.0,3.0,2.0,8.0,15.0,5.0,7.0,2.0,5.0,4.0,1.0,0.0,0.0
EPL_2021,23/01/2022,19,8,1.0,1.0,1.0,15.0,14.0,5.0,5.0,4.0,5.0,0.0,1.0,0.0,0.0
EPL_2021,23/01/2022,11,36,2.0,0.0,0.0,15.0,6.0,7.0,3.0,10.0,3.0,2.0,1.0,0.0,0.0
EPL_2021,05/02/2022,9,37,0.0,0.0,1.0,13.0,11.0,2.0,5.0,4.0,7.0,1.0,2.0,0.0,0.0
EPL_2021,08/02/2022,25,13,3.0,1.0,0.0,20.0,11.0,9.0,3.0,6.0,2.0,2.0,3.0,0.0,0.0
EPL_2021,08/02/2022,39,37,1.0,0.0,0.0,9.0,6.0,3.0,1.0,5.0,6.0,1.0,0.0,0.0,0.0
EPL_2021,08/02/2022,9,23,1.0,1.0,1.0,9.0,22.0,3.0,5.0,2.0,10.0,2.0,1.0,0.0,0.0
EPL_2021,09/02/2022,22,7,2.0,0.0,0.0,15.0,6.0,7.0,2.0,9.0,3.0,0.0,0.0,0.0,0.0
EPL_2021,09/02/2022,26,12,1.0,1.0,1.0,5.0,13.0,1.0,5.0,4.0,6.0,1.0,2.0,0.0,0.0
EPL_2021,09/02/2022,36,32,2.0,3.0,2.0,8.0,23.0,3.0,10.0,2.0,8.0,2.0,3.0,0.0,0.0
EPL_2021,09/02/2022,1,18,3.0,3.0,1.0,12.0,16.0,4.0,8.0,6.0,11.0,1.0,3.0,1.0,0.0
EPL_2021,10/02/2022,20,19,2.0,0.0,0.0,22.0,5.0,11.0,1.0,7.0,6.0,1.0,0.0,0.0,0.0
EPL_2021,10/02/2022,41,0,0.0,1.0,2.0,15.0,12.0,4.0,2.0,7.0,4.0,2.0,3.0,0.0,1.0
EPL_2021,12/02/2022,23,32,1.0,1.0,1.0,12.0,13.0,8.0,4.0,1.0,4.0,4.0,0.0,0.0,0.0
EPL_2021,12/02/2022,7,12,0.0,0.0,1.0,9.0,6.0,2.0,3.0,3.0,9.0,1.0,0.0,0.0,0.0
EPL_2021,12/02/2022,13,18,3.0,0.0,0.0,21.0,7.0,10.0,0.0,5.0,3.0,1.0,1.0,0.0,0.0
EPL_2021,12/02/2022,37,8,0.0,2.0,2.0,9.0,11.0,1.0,6.0,4.0,5.0,3.0,2.0,0.0,0.0
EPL_2021,12/02/2022,26,22,0.0,4.0,2.0,8.0,22.0,3.0,9.0,4.0,12.0,0.0,2.0,0.0,0.0
EPL_2021,13/02/2022,9,20,0.0,1.0,2.0,8.0,12.0,5.0,4.0,5.0,8.0,0.0,1.0,0.0,0.0
EPL_2021,13/02/2022,25,1,1.0,0.0,0.0,10.0,11.0,2.0,1.0,3.0,6.0,3.0,4.0,0.0,0.0
EPL_2021,13/02/2022,36,41,0.0,2.0,2.0,17.0,11.0,7.0,7.0,7.0,3.0,3.0,1.0,0.0,0.0
EPL_2021,13/02/2022,19,39,2.0,2.0,1.0,13.0,8.0,2.0,3.0,5.0,4.0,1.0,2.0,0.0,0.0
EPL_2021,15/02/2022,23,8,2.0,0.0,0.0,19.0,10.0,7.0,3.0,10.0,2.0,3.0,1.0,0.0,1.0
EPL_2021,19/02/2022,39,25,1.0,1.0,1.0,11.0,14.0,3.0,3.0,3.0,7.0,3.0,3.0,0.0,0.0
EPL_2021,19/02/2022,0,7,2.0,1.0,0.0,24.0,6.0,8.0,2.0,14.0,0.0,1.0,1.0,0.0,0.0
EPL_2021,19/02/2022,1,37,0.0,1.0,2.0,20.0,8.0,1.0,4.0,10.0,5.0,1.0,2.0,0.0,0.0
EPL_2021,19/02/2022,8,9,0.0,3.0,2.0,11.0,10.0,1.0,4.0,4.0,4.0,1.0,4.0,0.0,0.0
EPL_2021,19/02/2022,12,11,0.0,1.0,2.0,7.0,9.0,0.0,3.0,4.0,4.0,1.0,3.0,0.0,0.0
EPL_2021,19/02/2022,20,26,3.0,1.0,0.0,29.0,6.0,8.0,1.0,9.0,4.0,0.0,1.0,0.0,0.0
EPL_2021,19/02/2022,32,13,2.0,0.0,0.0,19.0,9.0,11.0,0.0,4.0,4.0,0.0,2.0,0.0,0.0
EPL_2021,19/02/2022,22,36,2.0,3.0,2.0,21.0,6.0,4.0,5.0,10.0,0.0,0.0,3.0,0.0,0.0
EPL_2021,20/02/2022,18,23,2.0,4.0,2.0,16.0,15.0,6.0,9.0,3.0,3.0,6.0,3.0,0.0,0.0
EPL_2021,20/02/2022,41,19,2.0,1.0,0.0,11.0,17.0,3.0,7.0,7.0,10.0,4.0,4.0,0.0,0.0
EPL_2021,23/02/2022,9,36,1.0,0.0,0.0,15.0,12.0,4.0,2.0,3.0,7.0,0.0,0.0,0.0,0.0
EPL_2021,23/02/2022,37,12,1.0,4.0,2.0,8.0,7.0,1.0,5.0,6.0,4.0,2.0,1.0,0.0,0.0
EPL_2021,23/02/2022,20,18,6.0,0.0,0.0,23.0,3.0,15.0,2.0,4.0,0.0,0.0,3.0,0.0,0.0
EPL_2021,24/02/2022,0,41,2.0,1.0,0.0,26.0,6.0,5.0,2.0,5.0,4.0,1.0,1.0,0.0,0.0
EPL_2021,25/02/2022,32,26,2.0,0.0,0.0,27.0,8.0,9.0,1.0,13.0,6.0,1.0,2.0,0.0,0.0
EPL_2021,26/02/2022,18,36,0.0,4.0,2.0,19.0,15.0,3.0,11.0,3.0,6.0,4.0,2.0,0.0,0.0
EPL_2021,26/02/2022,7,25,0.0,2.0,2.0,6.0,26.0,1.0,11.0,6.0,6.0,3.0,1.0,1.0,0.0
EPL_2021,26/02/2022,12,9,1.0,1.0,1.0,11.0,5.0,4.0,1.0,5.0,4.0,0.0,2.0,0.0,0.0
EPL_2021,26/02/2022,23,37,0.0,0.0,1.0,22.0,10.0,3.0,2.0,4.0,3.0,0.0,0.0,0.0,0.0
EPL_2021,26/02/2022,8,1,0.0,2.0,2.0,12.0,9.0,1.0,4.0,7.0,2.0,4.0,5.0,0.0,0.0
EPL_2021,26/02/2022,13,22,0.0,1.0,2.0,6.0,13.0,2.0,8.0,3.0,4.0,3.0,2.0,0.0,0.0
EPL_2021,27/02/2022,39,41,1.0,0.0,0.0,13.0,14.0,4.0,1.0,3.0,5.0,1.0,0.0,0.0,0.0
EPL_2021,01/03/2022,9,19,0.0,2.0,2.0,9.0,22.0,2.0,6.0,6.0,8.0,1.0,1.0,0.0,0.0
EPL_2021,05/03/2022,19,18,1.0,0.0,0.0,7.0,19.0,4.0,4.0,5.0,10.0,1.0,2.0,0.0,0.0
EPL_2021,05/03/2022,1,32,4.0,0.0,0.0,14.0,11.0,9.0,1.0,4.0,7.0,1.0,1.0,0.0,0.0
EPL_2021,05/03/2022,9,11,0.0,4.0,2.0,6.0,11.0,1.0,5.0,5.0,2.0,2.0,0.0,0.0,0.0
EPL_2021,05/03/2022,25,8,2.0,1.0,0.0,10.0,15.0,4.0,4.0,4.0,7.0,1.0,1.0,0.0,0.0
EPL_2021,05/03/2022,26,7,1.0,3.0,2.0,15.0,10.0,7.0,6.0,5.0,5.0,2.0,5.0,0.0,0.0
EPL_2021,05/03/2022,41,12,0.0,2.0,2.0,12.0,12.0,5.0,8.0,7.0,7.0,0.0,3.0,0.0,0.0
EPL_2021,05/03/2022,20,39,1.0,0.0,0.0,22.0,13.0,5.0,5.0,4.0,6.0,2.0,1.0,0.0,0.0
EPL_2021,06/03/2022,37,0,2.0,3.0,2.0,13.0,16.0,7.0,4.0,1.0,5.0,1.0,2.0,0.0,0.0
EPL_2021,06/03/2022,22,23,4.0,1.0,0.0,24.0,5.0,10.0,2.0,9.0,3.0,0.0,1.0,0.0,0.0
EPL_2021,07/03/2022,36,13,5.0,0.0,0.0,14.0,6.0,7.0,0.0,5.0,2.0,2.0,0.0,0.0,0.0
EPL_2021,10/03/2022,26,11,1.0,3.0,2.0,9.0,15.0,3.0,7.0,3.0,8.0,0.0,2.0,0.0,0.0
EPL_2021,10/03/2022,32,25,1.0,2.0,2.0,14.0,8.0,5.0,4.0,12.0,5.0,1.0,1.0,0.0,0.0
EPL_2021,10/03/2022,41,37,4.0,0.0,0.0,10.0,9.0,5.0,0.0,5.0,2.0,2.0,2.0,0.0,0.0
EPL_2021,10/03/2022,18,1,0.0,3.0,2.0,4.0,15.0,1.0,9.0,3.0,5.0,5.0,3.0,0.0,0.0
EPL_2021,12/03/2022,8,20,0.0,2.0,2.0,8.0,18.0,3.0,9.0,7.0,6.0,3.0,1.0,0.0,0.0
EPL_2021,12/03/2022,7,9,2.0,0.0,0.0,13.0,7.0,4.0,1.0,2.0,9.0,1.0,1.0,0.0,1.0
EPL_2021,12/03/2022,23,36,3.0,2.0,0.0,10.0,10.0,6.0,3.0,4.0,5.0,2.0,1.0,0.0,0.0
EPL_2021,13/03/2022,11,25,1.0,0.0,0.0,8.0,7.0,3.0,2.0,7.0,2.0,4.0,3.0,0.0,0.0
EPL_2021,13/03/2022,13,41,0.0,1.0,2.0,8.0,14.0,2.0,3.0,5.0,2.0,2.0,1.0,1.0,0.0
EPL_2021,13/03/2022,18,26,2.0,1.0,0.0,13.0,12.0,7.0,4.0,6.0,2.0,3.0,1.0,0.0,0.0
EPL_2021,13/03/2022,32,37,1.0,2.0,2.0,13.0,9.0,7.0,5.0,11.0,3.0,3.0,2.0,0.0,0.0
EPL_2021,13/03/2022,39,1,2.0,1.0,0.0,11.0,13.0,4.0,7.0,5.0,7.0,1.0,0.0,0.0,0.0
EPL_2021,13/03/2022,0,19,2.0,0.0,0.0,21.0,6.0,8.0,3.0,2.0,6.0,0.0,3.0,0.0,0.0
EPL_2021,14/03/2022,12,22,0.0,0.0,1.0,7.0,18.0,1.0,4.0,2.0,6.0,3.0,1.0,0.0,0.0
EPL_2021,16/03/2022,8,36,0.0,2.0,2.0,15.0,17.0,0.0,7.0,6.0,3.0,2.0,2.0,0.0,0.0
EPL_2021,16/03/2022,0,20,0.0,2.0,2.0,9.0,9.0,2.0,3.0,1.0,6.0,0.0,1.0,0.0,0.0
EPL_2021,17/03/2022,13,25,1.0,0.0,0.0,9.0,17.0,3.0,6.0,5.0,7.0,2.0,1.0,1.0,0.0
EPL_2021,18/03/2022,41,18,2.0,3.0,2.0,14.0,15.0,8.0,6.0,2.0,5.0,1.0,4.0,1.0,0.0
EPL_2021,19/03/2022,1,0,0.0,1.0,2.0,8.0,10.0,1.0,3.0,6.0,5.0,3.0,3.0,0.0,0.0
EPL_2021,20/03/2022,19,7,2.0,1.0,0.0,12.0,15.0,4.0,6.0,2.0,5.0,1.0,2.0,0.0,0.0
EPL_2021,20/03/2022,36,39,3.0,1.0,0.0,17.0,6.0,4.0,1.0,5.0,3.0,0.0,1.0,0.0,0.0
EPL_2021,02/04/2022,20,37,2.0,0.0,0.0,20.0,5.0,3.0,2.0,9.0,3.0,1.0,1.0,0.0,0.0
EPL_2021,02/04/2022,8,26,0.0,0.0,1.0,31.0,6.0,4.0,0.0,11.0,2.0,1.0,1.0,0.0,0.0
EPL_2021,02/04/2022,9,22,0.0,2.0,2.0,3.0,18.0,1.0,6.0,1.0,8.0,1.0,0.0,0.0,0.0
EPL_2021,02/04/2022,11,7,1.0,4.0,2.0,21.0,17.0,8.0,6.0,12.0,7.0,0.0,0.0,0.0,0.0
EPL_2021,02/04/2022,18,32,1.0,1.0,1.0,12.0,14.0,3.0,6.0,4.0,7.0,1.0,1.0,0.0,0.0
EPL_2021,02/04/2022,41,1,2.0,1.0,0.0,11.0,15.0,5.0,5.0,4.0,9.0,4.0,3.0,0.0,0.0
EPL_2021,02/04/2022,23,19,1.0,1.0,1.0,11.0,11.0,5.0,3.0,6.0,5.0,2.0,2.0,0.0,0.0
EPL_2021,03/04/2022,39,13,2.0,1.0,0.0,11.0,13.0,5.0,2.0,2.0,4.0,1.0,1.0,0.0,1.0
EPL_2021,03/04/2022,36,25,5.0,1.0,0.0,19.0,8.0,6.0,1.0,2.0,3.0,2.0,3.0,0.0,0.0
EPL_2021,04/04/2022,12,0,3.0,0.0,0.0,6.0,12.0,5.0,3.0,0.0,2.0,0.0,2.0,0.0,0.0
EPL_2021,06/04/2022,9,13,3.0,2.0,0.0,13.0,16.0,4.0,4.0,9.0,6.0,2.0,2.0,0.0,0.0
EPL_2021,08/04/2022,25,41,1.0,0.0,0.0,12.0,5.0,4.0,2.0,1.0,2.0,1.0,1.0,0.0,0.0
EPL_2021,09/04/2022,13,23,1.0,0.0,0.0,7.0,12.0,3.0,4.0,5.0,7.0,2.0,2.0,0.0,0.0
EPL_2021,09/04/2022,0,8,1.0,2.0,2.0,20.0,8.0,4.0,3.0,11.0,2.0,3.0,4.0,0.0,0.0
EPL_2021,09/04/2022,32,11,0.0,6.0,2.0,4.0,24.0,1.0,14.0,3.0,3.0,1.0,0.0,0.0,0.0
EPL_2021,09/04/2022,37,18,0.0,3.0,2.0,8.0,10.0,1.0,5.0,3.0,8.0,2.0,0.0,0.0,0.0
EPL_2021,09/04/2022,1,36,0.0,4.0,2.0,9.0,11.0,8.0,5.0,9.0,3.0,2.0,3.0,0.0,0.0
EPL_2021,10/04/2022,7,39,2.0,0.0,0.0,15.0,5.0,7.0,1.0,4.0,6.0,0.0,1.0,0.0,0.0
EPL_2021,10/04/2022,19,12,2.0,1.0,0.0,12.0,11.0,3.0,3.0,3.0,4.0,1.0,1.0,0.0,0.0
EPL_2021,10/04/2022,26,9,2.0,0.0,0.0,17.0,18.0,6.0,4.0,6.0,7.0,1.0,1.0,0.0,0.0
EPL_2021,10/04/2022,22,20,2.0,2.0,1.0,11.0,6.0,5.0,4.0,4.0,1.0,1.0,4.0,0.0,0.0
EPL_2021,16/04/2022,36,8,0.0,1.0,2.0,5.0,12.0,0.0,5.0,4.0,4.0,3.0,3.0,0.0,0.0
EPL_2021,16/04/2022,23,26,3.0,2.0,0.0,20.0,15.0,9.0,4.0,6.0,7.0,0.0,0.0,0.0,0.0
EPL_2021,16/04/2022,32,0,1.0,0.0,0.0,9.0,23.0,3.0,6.0,6.0,8.0,2.0,1.0,0.0,0.0
EPL_2021,16/04/2022,37,7,1.0,2.0,2.0,17.0,16.0,4.0,5.0,6.0,5.0,2.0,1.0,0.0,0.0
EPL_2021,17/04/2022,25,19,2.0,1.0,0.0,16.0,8.0,7.0,2.0,3.0,5.0,2.0,2.0,0.0,0.0
EPL_2021,17/04/2022,39,9,1.0,1.0,1.0,21.0,9.0,8.0,1.0,13.0,4.0,2.0,2.0,0.0,0.0
EPL_2021,19/04/2022,20,23,4.0,0.0,0.0,14.0,2.0,5.0,1.0,10.0,2.0,1.0,2.0,0.0,0.0
EPL_2021,20/04/2022,11,0,2.0,4.0,2.0,11.0,14.0,2.0,4.0,6.0,1.0,3.0,1.0,0.0,0.0
EPL_2021,20/04/2022,13,19,1.0,1.0,1.0,13.0,11.0,3.0,3.0,5.0,4.0,3.0,1.0,0.0,0.0
EPL_2021,20/04/2022,25,12,1.0,0.0,0.0,13.0,10.0,4.0,2.0,2.0,5.0,1.0,1.0,0.0,0.0
EPL_2021,20/04/2022,22,8,3.0,0.0,0.0,17.0,2.0,5.0,1.0,7.0,4.0,0.0,3.0,0.0,0.0
EPL_2021,21/04/2022,9,32,2.0,0.0,0.0,16.0,11.0,6.0,3.0,10.0,10.0,2.0,2.0,0.0,0.0
EPL_2021,23/04/2022,0,23,3.0,1.0,0.0,14.0,14.0,7.0,5.0,1.0,7.0,3.0,4.0,0.0,0.0
EPL_2021,23/04/2022,19,1,0.0,0.0,1.0,5.0,11.0,2.0,3.0,7.0,6.0,3.0,2.0,0.0,0.0
EPL_2021,23/04/2022,22,37,5.0,1.0,0.0,21.0,5.0,8.0,2.0,11.0,4.0,1.0,0.0,0.0,0.0
EPL_2021,23/04/2022,26,25,0.0,3.0,2.0,5.0,13.0,2.0,7.0,2.0,3.0,0.0,2.0,0.0,0.0
EPL_2021,23/04/2022,7,36,0.0,0.0,1.0,15.0,9.0,2.0,0.0,12.0,8.0,2.0,1.0,0.0,0.0
EPL_2021,24/04/2022,8,32,2.0,2.0,1.0,8.0,18.0,5.0,5.0,6.0,6.0,1.0,0.0,0.0,0.0
EPL_2021,24/04/2022,9,41,1.0,0.0,0.0,14.0,10.0,5.0,4.0,3.0,6.0,3.0,1.0,0.0,0.0
EPL_2021,24/04/2022,11,39,1.0,0.0,0.0,26.0,6.0,5.0,2.0,3.0,1.0,1.0,0.0,0.0,1.0
EPL_2021,24/04/2022,20,13,2.0,0.0,0.0,18.0,9.0,4.0,1.0,13.0,1.0,2.0,5.0,0.0,0.0
EPL_2021,25/04/2022,12,18,0.0,0.0,1.0,17.0,9.0,7.0,2.0,6.0,3.0,2.0,2.0,0.0,0.0
EPL_2021,28/04/2022,23,11,1.0,1.0,1.0,6.0,21.0,3.0,6.0,2.0,9.0,0.0,1.0,0.0,0.0
EPL_2021,30/04/2022,25,20,0.0,1.0,2.0,4.0,24.0,2.0,10.0,0.0,6.0,1.0,3.0,0.0,0.0
EPL_2021,30/04/2022,1,26,2.0,0.0,0.0,21.0,9.0,6.0,3.0,2.0,3.0,4.0,1.0,0.0,0.0
EPL_2021,30/04/2022,32,12,1.0,2.0,2.0,8.0,14.0,3.0,5.0,6.0,7.0,1.0,3.0,0.0,0.0
EPL_2021,30/04/2022,37,9,1.0,2.0,2.0,13.0,17.0,1.0,6.0,5.0,6.0,1.0,2.0,0.0,0.0
EPL_2021,30/04/2022,41,8,0.0,3.0,2.0,11.0,17.0,1.0,9.0,7.0,3.0,2.0,1.0,0.0,0.0
EPL_2021,30/04/2022,18,22,0.0,4.0,2.0,7.0,19.0,2.0,6.0,3.0,6.0,1.0,2.0,0.0,0.0
EPL_2021,01/05/2022,13,11,1.0,0.0,0.0,9.0,17.0,4.0,5.0,3.0,8.0,3.0,5.0,0.0,0.0
EPL_2021,01/05/2022,36,19,3.0,1.0,0.0,13.0,6.0,7.0,2.0,7.0,3.0,2.0,3.0,0.0,0.0
EPL_2021,01/05/2022,39,0,1.0,2.0,2.0,8.0,13.0,3.0,7.0,3.0,7.0,2.0,2.0,0.0,0.0
EPL_2021,02/05/2022,23,7,3.0,0.0,0.0,9.0,12.0,5.0,4.0,3.0,8.0,1.0,0.0,0.0,0.0
EPL_2021,07/05/2022,7,32,3.0,0.0,0.0,18.0,19.0,5.0,4.0,4.0,7.0,0.0,1.0,0.0,0.0
EPL_2021,07/05/2022,9,1,1.0,3.0,2.0,14.0,12.0,6.0,7.0,4.0,5.0,1.0,2.0,0.0,0.0
EPL_2021,07/05/2022,11,41,2.0,2.0,1.0,19.0,14.0,6.0,4.0,9.0,3.0,1.0,3.0,0.0,0.0
EPL_2021,07/05/2022,12,37,1.0,0.0,0.0,15.0,6.0,7.0,1.0,8.0,5.0,2.0,1.0,0.0,1.0
EPL_2021,07/05/2022,8,23,4.0,0.0,0.0,17.0,15.0,6.0,5.0,7.0,6.0,0.0,2.0,0.0,0.0
EPL_2021,07/05/2022,20,36,1.0,1.0,1.0,22.0,8.0,3.0,3.0,11.0,5.0,3.0,2.0,0.0,0.0
EPL_2021,08/05/2022,0,18,2.0,1.0,0.0,19.0,3.0,9.0,2.0,8.0,2.0,2.0,2.0,0.0,1.0
EPL_2021,08/05/2022,19,13,1.0,2.0,2.0,16.0,10.0,9.0,4.0,6.0,1.0,3.0,0.0,0.0,0.0
EPL_2021,08/05/2022,26,39,0.0,4.0,2.0,8.0,13.0,2.0,5.0,9.0,5.0,1.0,1.0,0.0,0.0
EPL_2021,08/05/2022,22,25,5.0,0.0,0.0,21.0,7.0,9.0,3.0,8.0,2.0,1.0,3.0,0.0,0.0
EPL_2021,10/05/2022,1,20,1.0,2.0,2.0,9.0,17.0,4.0,6.0,2.0,3.0,0.0,0.0,0.0,0.0
EPL_2021,11/05/2022,18,11,0.0,3.0,2.0,5.0,17.0,0.0,4.0,1.0,5.0,1.0,0.0,1.0,0.0
EPL_2021,11/05/2022,19,26,3.0,0.0,0.0,20.0,9.0,8.0,5.0,10.0,2.0,0.0,0.0,0.0,0.0
EPL_2021,11/05/2022,37,13,0.0,0.0,1.0,6.0,16.0,0.0,5.0,1.0,13.0,1.0,2.0,0.0,0.0
EPL_2021,11/05/2022,41,22,1.0,5.0,2.0,7.0,16.0,3.0,5.0,6.0,2.0,0.0,1.0,0.0,0.0
EPL_2021,12/05/2022,36,0,3.0,0.0,0.0,16.0,8.0,6.0,4.0,2.0,2.0,1.0,3.0,0.0,1.0
EPL_2021,15/05/2022,36,9,1.0,0.0,0.0,21.0,8.0,8.0,1.0,8.0,2.0,3.0,2.0,0.0,0.0
EPL_2021,15/05/2022,1,12,1.0,1.0,1.0,13.0,16.0,4.0,4.0,1.0,5.0,1.0,3.0,0.0,0.0
EPL_2021,15/05/2022,18,8,1.0,1.0,1.0,19.0,16.0,5.0,6.0,8.0,1.0,3.0,2.0,0.0,0.0
EPL_2021,15/05/2022,37,19,1.0,5.0,2.0,13.0,13.0,5.0,7.0,7.0,3.0,0.0,1.0,0.0,0.0
EPL_2021,15/05/2022,39,22,2.0,2.0,1.0,6.0,31.0,2.0,8.0,4.0,9.0,3.0,1.0,0.0,0.0
EPL_2021,15/05/2022,41,26,1.0,1.0,1.0,17.0,11.0,4.0,2.0,5.0,3.0,0.0,3.0,0.0,0.0
EPL_2021,15/05/2022,13,7,2.0,3.0,2.0,10.0,18.0,5.0,7.0,5.0,2.0,0.0,3.0,2.0,0.0
EPL_2021,16/05/2022,25,0,2.0,0.0,0.0,16.0,11.0,4.0,2.0,12.0,8.0,0.0,3.0,0.0,0.0
EPL_2021,17/05/2022,32,20,1.0,2.0,2.0,4.0,24.0,2.0,5.0,1.0,9.0,2.0,0.0,0.0,0.0
EPL_2021,19/05/2022,13,12,3.0,2.0,0.0,12.0,7.0,6.0,5.0,4.0,5.0,2.0,3.0,0.0,0.0
EPL_2021,19/05/2022,1,9,1.0,1.0,1.0,22.0,10.0,9.0,5.0,13.0,6.0,0.0,1.0,0.0,1.0
EPL_2021,19/05/2022,11,19,1.0,1.0,1.0,20.0,2.0,7.0,1.0,6.0,0.0,4.0,1.0,0.0,0.0
EPL_2021,22/05/2022,0,13,5.0,1.0,0.0,26.0,6.0,9.0,2.0,12.0,2.0,0.0,1.0,0.0,0.0
EPL_2021,22/05/2022,7,18,1.0,2.0,2.0,14.0,14.0,5.0,6.0,3.0,2.0,2.0,1.0,1.0,0.0
EPL_2021,22/05/2022,8,39,3.0,1.0,0.0,18.0,7.0,7.0,2.0,5.0,6.0,1.0,1.0,0.0,0.0
EPL_2021,22/05/2022,9,25,1.0,2.0,2.0,12.0,8.0,5.0,6.0,8.0,2.0,1.0,0.0,0.0,0.0
EPL_2021,22/05/2022,11,37,2.0,1.0,0.0,19.0,8.0,8.0,3.0,3.0,3.0,0.0,0.0,0.0,0.0
EPL_2021,22/05/2022,12,23,1.0,0.0,0.0,6.0,10.0,3.0,4.0,3.0,6.0,2.0,4.0,0.0,0.0
EPL_2021,22/05/2022,19,32,4.0,1.0,0.0,12.0,7.0,6.0,2.0,3.0,3.0,0.0,1.0,0.0,0.0
EPL_2021,22/05/2022,20,41,3.0,1.0,0.0,29.0,7.0,8.0,5.0,5.0,3.0,1.0,0.0,0.0,0.0
EPL_2021,22/05/2022,22,1,3.0,2.0,0.0,24.0,4.0,5.0,2.0,13.0,1.0,0.0,1.0,0.0,0.0
EPL_2021,22/05/2022,26,36,0.0,5.0,2.0,9.0,19.0,0.0,13.0,3.0,2.0,3.0,1.0,0.0,0.0
EPL_2022,05/08/2022,12,0,0.0,2.0,2.0,10.0,10.0,2.0,2.0,3.0,5.0,1.0,2.0,0.0,0.0
EPL_2022,06/08/2022,14,20,2.0,2.0,1.0,9.0,11.0,3.0,4.0,4.0,4.0,2.0,0.0,0.0,0.0
EPL_2022,06/08/2022,6,1,2.0,0.0,0.0,7.0,15.0,3.0,2.0,5.0,5.0,3.0,3.0,0.0,0.0
EPL_2022,06/08/2022,18,41,2.0,1.0,0.0,12.0,15.0,4.0,6.0,6.0,4.0,2.0,0.0,0.0,0.0
EPL_2022,06/08/2022,25,27,2.0,0.0,0.0,23.0,5.0,10.0,0.0,11.0,1.0,0.0,3.0,0.0,0.0
EPL_2022,06/08/2022,36,32,4.0,1.0,0.0,18.0,10.0,8.0,2.0,10.0,2.0,3.0,0.0,0.0,0.0
EPL_2022,06/08/2022,13,11,0.0,1.0,2.0,8.0,15.0,4.0,6.0,4.0,16.0,3.0,2.0,0.0,0.0
EPL_2022,07/08/2022,19,7,2.0,2.0,1.0,14.0,8.0,5.0,3.0,5.0,6.0,0.0,0.0,0.0,0.0
EPL_2022,07/08/2022,23,8,1.0,2.0,2.0,17.0,15.0,5.0,4.0,6.0,2.0,4.0,1.0,0.0,0.0
EPL_2022,07/08/2022,39,22,0.0,2.0,2.0,6.0,14.0,1.0,2.0,1.0,4.0,0.0,1.0,0.0,0.0
EPL_2022,13/08/2022,1,13,2.0,1.0,0.0,12.0,15.0,4.0,4.0,5.0,8.0,4.0,1.0,0.0,0.0
EPL_2022,13/08/2022,0,19,4.0,2.0,0.0,19.0,6.0,7.0,2.0,6.0,2.0,1.0,1.0,0.0,0.0
EPL_2022,13/08/2022,8,25,0.0,0.0,1.0,13.0,4.0,7.0,1.0,7.0,3.0,2.0,3.0,0.0,0.0
EPL_2022,13/08/2022,22,6,4.0,0.0,0.0,19.0,3.0,7.0,1.0,11.0,1.0,0.0,3.0,0.0,0.0
EPL_2022,13/08/2022,32,18,2.0,2.0,1.0,14.0,13.0,4.0,5.0,2.0,5.0,1.0,3.0,0.0,0.0
EPL_2022,13/08/2022,41,14,0.0,0.0,1.0,7.0,9.0,1.0,3.0,5.0,3.0,3.0,3.0,0.0,0.0
EPL_2022,13/08/2022,7,23,4.0,0.0,0.0,13.0,15.0,7.0,4.0,8.0,2.0,0.0,4.0,0.0,0.0
EPL_2022,14/08/2022,27,39,1.0,0.0,0.0,13.0,19.0,6.0,5.0,6.0,7.0,4.0,1.0,0.0,0.0
EPL_2022,14/08/2022,11,36,2.0,2.0,1.0,16.0,10.0,3.0,5.0,8.0,5.0,3.0,0.0,0.0,0.0
EPL_2022,15/08/2022,20,12,1.0,1.0,1.0,24.0,7.0,4.0,3.0,4.0,2.0,2.0,4.0,1.0,0.0
EPL_2022,20/08/2022,36,41,1.0,0.0,0.0,11.0,20.0,4.0,3.0,8.0,6.0,2.0,2.0,0.0,0.0
EPL_2022,20/08/2022,12,1,3.0,1.0,0.0,17.0,13.0,9.0,5.0,4.0,2.0,2.0,1.0,0.0,0.0
EPL_2022,20/08/2022,13,27,1.0,1.0,1.0,19.0,14.0,8.0,5.0,6.0,2.0,3.0,2.0,0.0,0.0
EPL_2022,20/08/2022,14,7,3.0,2.0,0.0,18.0,13.0,9.0,5.0,6.0,3.0,3.0,2.0,0.0,0.0
EPL_2022,20/08/2022,19,32,1.0,2.0,2.0,6.0,9.0,1.0,3.0,2.0,5.0,2.0,3.0,0.0,0.0
EPL_2022,20/08/2022,6,0,0.0,3.0,2.0,6.0,14.0,1.0,6.0,3.0,4.0,2.0,1.0,0.0,0.0
EPL_2022,21/08/2022,18,11,3.0,0.0,0.0,12.0,14.0,6.0,3.0,4.0,6.0,0.0,1.0,0.0,1.0
EPL_2022,21/08/2022,39,8,0.0,2.0,2.0,13.0,11.0,3.0,2.0,5.0,4.0,2.0,0.0,0.0,0.0
EPL_2022,21/08/2022,25,22,3.0,3.0,1.0,12.0,21.0,6.0,10.0,5.0,5.0,4.0,2.0,0.0,0.0
EPL_2022,22/08/2022,23,20,2.0,1.0,0.0,12.0,17.0,4.0,5.0,6.0,8.0,3.0,1.0,0.0,0.0
EPL_2022,27/08/2022,32,23,0.0,1.0,2.0,17.0,11.0,5.0,6.0,5.0,3.0,0.0,3.0,0.0,0.0
EPL_2022,27/08/2022,7,13,1.0,1.0,1.0,19.0,14.0,5.0,7.0,8.0,5.0,2.0,2.0,0.0,0.0
EPL_2022,27/08/2022,8,18,1.0,0.0,0.0,13.0,10.0,4.0,2.0,5.0,3.0,2.0,3.0,0.0,0.0
EPL_2022,27/08/2022,11,19,2.0,1.0,0.0,7.0,17.0,3.0,5.0,3.0,11.0,1.0,2.0,1.0,0.0
EPL_2022,27/08/2022,20,6,9.0,0.0,0.0,19.0,5.0,12.0,2.0,8.0,1.0,0.0,1.0,0.0,0.0
EPL_2022,27/08/2022,22,12,4.0,2.0,0.0,18.0,2.0,5.0,2.0,6.0,1.0,1.0,2.0,0.0,0.0
EPL_2022,27/08/2022,0,14,2.0,1.0,0.0,22.0,11.0,8.0,3.0,9.0,2.0,2.0,3.0,0.0,0.0
EPL_2022,28/08/2022,1,39,0.0,1.0,2.0,9.0,7.0,3.0,2.0,3.0,2.0,2.0,0.0,0.0,0.0
EPL_2022,28/08/2022,41,25,1.0,1.0,1.0,10.0,21.0,4.0,6.0,4.0,13.0,2.0,1.0,0.0,0.0
EPL_2022,28/08/2022,27,36,0.0,2.0,2.0,17.0,18.0,1.0,7.0,6.0,1.0,6.0,1.0,0.0,0.0
EPL_2022,30/08/2022,12,7,1.0,1.0,1.0,13.0,9.0,4.0,3.0,4.0,6.0,1.0,2.0,0.0,0.0
EPL_2022,30/08/2022,14,8,2.0,1.0,0.0,10.0,7.0,3.0,4.0,3.0,3.0,2.0,1.0,0.0,0.0
EPL_2022,30/08/2022,32,11,2.0,1.0,0.0,9.0,10.0,7.0,4.0,5.0,3.0,2.0,1.0,0.0,0.0
EPL_2022,30/08/2022,18,13,1.0,1.0,1.0,14.0,7.0,5.0,2.0,10.0,2.0,3.0,3.0,0.0,0.0
EPL_2022,31/08/2022,0,1,2.0,1.0,0.0,22.0,4.0,9.0,3.0,10.0,3.0,2.0,3.0,0.0,0.0
EPL_2022,31/08/2022,6,41,0.0,0.0,1.0,5.0,17.0,2.0,4.0,2.0,5.0,2.0,1.0,0.0,0.0
EPL_2022,31/08/2022,22,27,6.0,0.0,0.0,17.0,8.0,9.0,1.0,10.0,1.0,0.0,1.0,0.0,0.0
EPL_2022,31/08/2022,39,36,1.0,1.0,1.0,14.0,13.0,4.0,4.0,3.0,4.0,2.0,5.0,0.0,0.0
EPL_2022,31/08/2022,20,25,2.0,1.0,0.0,23.0,5.0,6.0,2.0,13.0,0.0,0.0,2.0,0.0,0.0
EPL_2022,01/09/2022,19,23,0.0,1.0,2.0,10.0,9.0,2.0,2.0,1.0,3.0,1.0,3.0,0.0,0.0
EPL_2022,03/09/2022,13,20,0.0,0.0,1.0,14.0,23.0,3.0,8.0,7.0,9.0,2.0,2.0,0.0,0.0
EPL_2022,03/09/2022,7,18,5.0,2.0,0.0,14.0,17.0,8.0,6.0,2.0,6.0,2.0,2.0,0.0,0.0
EPL_2022,03/09/2022,11,39,2.0,1.0,0.0,8.0,6.0,3.0,3.0,10.0,3.0,4.0,2.0,0.0,0.0
EPL_2022,03/09/2022,25,12,0.0,0.0,1.0,23.0,19.0,6.0,9.0,13.0,5.0,2.0,1.0,0.0,0.0
EPL_2022,03/09/2022,27,6,2.0,3.0,2.0,11.0,8.0,3.0,3.0,4.0,6.0,2.0,1.0,0.0,0.0
EPL_2022,03/09/2022,36,14,2.0,1.0,0.0,23.0,9.0,10.0,3.0,10.0,3.0,3.0,4.0,0.0,0.0
EPL_2022,03/09/2022,41,32,1.0,0.0,0.0,7.0,12.0,2.0,1.0,5.0,6.0,4.0,2.0,0.0,0.0
EPL_2022,03/09/2022,1,22,1.0,1.0,1.0,3.0,13.0,1.0,4.0,1.0,4.0,2.0,0.0,0.0,0.0
EPL_2022,04/09/2022,8,19,5.0,2.0,0.0,23.0,6.0,11.0,4.0,10.0,1.0,1.0,1.0,0.0,0.0
EPL_2022,04/09/2022,23,0,3.0,1.0,0.0,10.0,16.0,6.0,3.0,2.0,5.0,3.0,3.0,0.0,0.0
EPL_2022,16/09/2022,1,32,1.0,0.0,0.0,11.0,7.0,3.0,1.0,6.0,3.0,3.0,1.0,0.0,0.0
EPL_2022,16/09/2022,27,14,2.0,3.0,2.0,11.0,15.0,3.0,7.0,2.0,10.0,2.0,4.0,0.0,0.0
EPL_2022,17/09/2022,41,22,0.0,3.0,2.0,6.0,16.0,1.0,7.0,5.0,7.0,2.0,1.0,1.0,0.0
EPL_2022,17/09/2022,25,6,1.0,1.0,1.0,20.0,10.0,7.0,3.0,8.0,1.0,2.0,2.0,0.0,0.0
EPL_2022,17/09/2022,36,19,6.0,2.0,0.0,16.0,19.0,11.0,7.0,6.0,1.0,1.0,2.0,0.0,0.0
EPL_2022,18/09/2022,7,0,0.0,3.0,2.0,5.0,13.0,2.0,7.0,3.0,3.0,0.0,2.0,0.0,0.0
EPL_2022,18/09/2022,13,39,1.0,0.0,0.0,7.0,14.0,2.0,4.0,5.0,14.0,3.0,1.0,0.0,0.0
EPL_2022,01/10/2022,0,36,3.0,1.0,0.0,22.0,7.0,9.0,3.0,5.0,2.0,2.0,1.0,0.0,1.0
EPL_2022,01/10/2022,6,7,0.0,0.0,1.0,7.0,13.0,1.0,4.0,7.0,8.0,1.0,2.0,0.0,0.0
EPL_2022,01/10/2022,12,11,1.0,2.0,2.0,7.0,13.0,3.0,3.0,5.0,2.0,1.0,3.0,0.0,0.0
EPL_2022,01/10/2022,14,25,1.0,4.0,2.0,3.0,19.0,1.0,10.0,1.0,8.0,2.0,0.0,1.0,0.0
EPL_2022,01/10/2022,20,8,3.0,3.0,1.0,15.0,6.0,7.0,6.0,9.0,2.0,1.0,1.0,0.0,0.0
EPL_2022,01/10/2022,32,13,1.0,2.0,2.0,22.0,12.0,6.0,5.0,7.0,6.0,2.0,2.0,0.0,0.0
EPL_2022,01/10/2022,39,41,2.0,0.0,0.0,18.0,15.0,5.0,4.0,1.0,6.0,2.0,2.0,0.0,0.0
EPL_2022,02/10/2022,22,23,6.0,3.0,0.0,22.0,12.0,10.0,8.0,5.0,1.0,0.0,3.0,0.0,0.0
EPL_2022,02/10/2022,18,1,0.0,0.0,1.0,9.0,19.0,1.0,7.0,2.0,9.0,3.0,2.0,1.0,0.0
EPL_2022,03/10/2022,19,27,4.0,0.0,0.0,17.0,10.0,7.0,3.0,6.0,6.0,2.0,4.0,0.0,0.0
EPL_2022,08/10/2022,6,19,2.0,1.0,0.0,10.0,9.0,4.0,5.0,7.0,2.0,1.0,2.0,0.0,0.0
EPL_2022,08/10/2022,11,41,3.0,0.0,0.0,20.0,8.0,7.0,2.0,4.0,2.0,2.0,0.0,0.0,0.0
EPL_2022,08/10/2022,22,32,4.0,0.0,0.0,21.0,5.0,8.0,0.0,9.0,1.0,0.0,1.0,0.0,0.0
EPL_2022,08/10/2022,25,7,5.0,1.0,0.0,16.0,6.0,6.0,3.0,9.0,5.0,0.0,1.0,0.0,0.0
EPL_2022,08/10/2022,8,36,0.0,1.0,2.0,14.0,8.0,4.0,3.0,6.0,2.0,1.0,2.0,0.0,0.0
EPL_2022,09/10/2022,12,18,2.0,1.0,0.0,13.0,10.0,5.0,4.0,5.0,3.0,3.0,3.0,0.0,0.0
EPL_2022,09/10/2022,39,14,3.0,1.0,0.0,17.0,8.0,8.0,2.0,4.0,2.0,1.0,3.0,0.0,0.0
EPL_2022,09/10/2022,0,20,3.0,2.0,0.0,11.0,8.0,7.0,3.0,4.0,3.0,1.0,2.0,0.0,0.0
EPL_2022,09/10/2022,13,23,1.0,2.0,2.0,11.0,12.0,2.0,4.0,5.0,4.0,2.0,1.0,0.0,0.0
EPL_2022,10/10/2022,27,1,1.0,1.0,1.0,6.0,12.0,3.0,2.0,1.0,4.0,3.0,3.0,0.0,0.0
EPL_2022,14/10/2022,7,8,2.0,0.0,0.0,7.0,21.0,3.0,7.0,2.0,11.0,3.0,1.0,0.0,0.0
EPL_2022,15/10/2022,19,12,0.0,0.0,1.0,14.0,8.0,5.0,1.0,9.0,2.0,2.0,2.0,0.0,0.0
EPL_2022,15/10/2022,14,6,2.0,2.0,1.0,19.0,10.0,4.0,6.0,5.0,6.0,2.0,0.0,0.0,0.0
EPL_2022,15/10/2022,41,27,1.0,0.0,0.0,9.0,10.0,2.0,2.0,4.0,5.0,2.0,2.0,0.0,0.0
EPL_2022,15/10/2022,36,13,2.0,0.0,0.0,21.0,4.0,7.0,0.0,7.0,1.0,1.0,4.0,0.0,0.0
EPL_2022,16/10/2022,1,11,0.0,2.0,2.0,18.0,8.0,7.0,4.0,7.0,1.0,0.0,3.0,0.0,0.0
EPL_2022,16/10/2022,18,0,0.0,1.0,2.0,16.0,9.0,4.0,4.0,6.0,3.0,0.0,2.0,0.0,0.0
EPL_2022,16/10/2022,23,25,0.0,0.0,1.0,15.0,9.0,2.0,2.0,4.0,4.0,3.0,1.0,0.0,0.0
EPL_2022,16/10/2022,32,39,1.0,1.0,1.0,10.0,25.0,8.0,4.0,4.0,14.0,1.0,1.0,0.0,0.0
EPL_2022,16/10/2022,20,22,1.0,0.0,0.0,13.0,16.0,2.0,6.0,5.0,6.0,3.0,1.0,0.0,0.0
EPL_2022,18/10/2022,8,27,0.0,0.0,1.0,19.0,3.0,7.0,0.0,9.0,1.0,3.0,1.0,0.0,0.0
EPL_2022,18/10/2022,12,41,2.0,1.0,0.0,14.0,10.0,4.0,4.0,4.0,3.0,3.0,1.0,0.0,0.0
EPL_2022,19/10/2022,6,32,0.0,1.0,2.0,15.0,9.0,3.0,3.0,7.0,3.0,1.0,3.0,0.0,0.0
EPL_2022,19/10/2022,7,11,0.0,0.0,1.0,8.0,14.0,5.0,5.0,6.0,2.0,0.0,0.0,0.0,0.0
EPL_2022,19/10/2022,20,39,1.0,0.0,0.0,22.0,8.0,7.0,3.0,8.0,3.0,0.0,0.0,0.0,0.0
EPL_2022,19/10/2022,25,13,1.0,0.0,0.0,16.0,1.0,4.0,0.0,8.0,2.0,2.0,4.0,0.0,0.0
EPL_2022,19/10/2022,23,36,2.0,0.0,0.0,28.0,9.0,10.0,2.0,8.0,3.0,1.0,0.0,0.0,0.0
EPL_2022,20/10/2022,14,1,3.0,0.0,0.0,18.0,12.0,8.0,6.0,9.0,7.0,0.0,2.0,0.0,1.0
EPL_2022,20/10/2022,19,18,2.0,0.0,0.0,5.0,14.0,1.0,2.0,2.0,9.0,2.0,1.0,0.0,0.0
EPL_2022,22/10/2022,27,20,1.0,0.0,0.0,10.0,15.0,7.0,7.0,2.0,11.0,2.0,1.0,0.0,0.0
EPL_2022,22/10/2022,13,12,3.0,0.0,0.0,9.0,9.0,6.0,2.0,3.0,4.0,3.0,4.0,0.0,0.0
EPL_2022,22/10/2022,22,8,3.0,1.0,0.0,10.0,8.0,4.0,2.0,7.0,3.0,1.0,3.0,0.0,0.0
EPL_2022,22/10/2022,11,23,1.0,1.0,1.0,6.0,13.0,2.0,6.0,6.0,4.0,1.0,4.0,0.0,0.0
EPL_2022,23/10/2022,1,7,4.0,0.0,0.0,19.0,12.0,11.0,3.0,7.0,6.0,1.0,0.0,0.0,0.0
EPL_2022,23/10/2022,18,14,2.0,3.0,2.0,14.0,11.0,5.0,5.0,3.0,6.0,1.0,1.0,0.0,0.0
EPL_2022,23/10/2022,32,0,1.0,1.0,1.0,10.0,12.0,3.0,3.0,9.0,4.0,2.0,1.0,0.0,0.0
EPL_2022,23/10/2022,41,19,0.0,4.0,2.0,21.0,5.0,5.0,4.0,9.0,2.0,2.0,1.0,0.0,0.0
EPL_2022,23/10/2022,36,25,1.0,2.0,2.0,17.0,13.0,5.0,5.0,6.0,7.0,4.0,2.0,0.0,0.0
EPL_2022,24/10/2022,39,6,2.0,0.0,0.0,20.0,5.0,4.0,3.0,5.0,0.0,0.0,2.0,0.0,0.0
EPL_2022,29/10/2022,19,22,0.0,1.0,2.0,10.0,15.0,5.0,5.0,3.0,10.0,0.0,0.0,0.0,0.0
EPL_2022,29/10/2022,6,36,2.0,3.0,2.0,6.0,23.0,4.0,7.0,2.0,19.0,1.0,2.0,0.0,0.0
EPL_2022,29/10/2022,7,41,1.0,1.0,1.0,12.0,14.0,3.0,4.0,3.0,6.0,3.0,3.0,0.0,1.0
EPL_2022,29/10/2022,8,11,4.0,1.0,0.0,19.0,15.0,9.0,7.0,8.0,7.0,1.0,2.0,0.0,0.0
EPL_2022,29/10/2022,12,32,1.0,0.0,0.0,12.0,14.0,3.0,4.0,8.0,4.0,3.0,3.0,0.0,0.0
EPL_2022,29/10/2022,25,1,4.0,0.0,0.0,20.0,3.0,7.0,0.0,3.0,0.0,1.0,1.0,0.0,0.0
EPL_2022,29/10/2022,14,13,0.0,0.0,1.0,24.0,9.0,6.0,4.0,13.0,4.0,2.0,1.0,0.0,0.0
EPL_2022,29/10/2022,20,18,1.0,2.0,2.0,22.0,14.0,10.0,6.0,14.0,5.0,0.0,1.0,0.0,0.0
EPL_2022,30/10/2022,0,27,5.0,0.0,0.0,24.0,5.0,10.0,2.0,9.0,4.0,0.0,1.0,0.0,0.0
EPL_2022,30/10/2022,23,39,1.0,0.0,0.0,16.0,13.0,3.0,5.0,5.0,10.0,1.0,3.0,0.0,0.0
EPL_2022,05/11/2022,18,6,4.0,3.0,0.0,18.0,9.0,4.0,6.0,13.0,3.0,2.0,2.0,0.0,0.0
EPL_2022,05/11/2022,22,14,2.0,1.0,0.0,16.0,4.0,5.0,2.0,9.0,0.0,2.0,4.0,1.0,0.0
EPL_2022,05/11/2022,27,7,2.0,2.0,1.0,15.0,6.0,7.0,2.0,3.0,3.0,2.0,2.0,0.0,0.0
EPL_2022,05/11/2022,41,8,2.0,3.0,2.0,8.0,19.0,5.0,8.0,4.0,9.0,2.0,0.0,1.0,0.0
EPL_2022,05/11/2022,13,19,0.0,2.0,2.0,12.0,22.0,2.0,8.0,8.0,3.0,0.0,0.0,0.0,0.0
EPL_2022,06/11/2022,11,0,0.0,1.0,2.0,5.0,14.0,1.0,2.0,4.0,6.0,5.0,2.0,0.0,0.0
EPL_2022,06/11/2022,1,23,3.0,1.0,0.0,6.0,8.0,4.0,3.0,3.0,5.0,3.0,3.0,0.0,0.0
EPL_2022,06/11/2022,32,25,1.0,4.0,2.0,16.0,7.0,5.0,4.0,8.0,2.0,1.0,0.0,0.0,0.0
EPL_2022,06/11/2022,39,12,1.0,2.0,2.0,5.0,15.0,2.0,6.0,2.0,5.0,1.0,1.0,0.0,0.0
EPL_2022,06/11/2022,36,20,1.0,2.0,2.0,14.0,13.0,5.0,6.0,5.0,3.0,0.0,0.0,0.0,0.0
EPL_2022,12/11/2022,22,7,1.0,2.0,2.0,29.0,10.0,6.0,8.0,10.0,2.0,2.0,2.0,0.0,0.0
EPL_2022,12/11/2022,6,13,3.0,0.0,0.0,16.0,15.0,9.0,3.0,3.0,5.0,2.0,0.0,0.0,0.0
EPL_2022,12/11/2022,20,32,3.0,1.0,0.0,15.0,9.0,7.0,5.0,6.0,0.0,0.0,2.0,0.0,0.0
EPL_2022,12/11/2022,27,12,1.0,0.0,0.0,9.0,8.0,2.0,0.0,1.0,5.0,1.0,4.0,0.0,0.0
EPL_2022,12/11/2022,36,18,4.0,3.0,0.0,14.0,12.0,8.0,5.0,9.0,2.0,1.0,1.0,0.0,1.0
EPL_2022,12/11/2022,39,19,0.0,2.0,2.0,18.0,9.0,6.0,6.0,7.0,2.0,3.0,1.0,0.0,0.0
EPL_2022,12/11/2022,25,11,1.0,0.0,0.0,10.0,5.0,3.0,2.0,5.0,3.0,3.0,2.0,0.0,0.0
EPL_2022,12/11/2022,41,0,0.0,2.0,2.0,11.0,14.0,2.0,4.0,6.0,4.0,3.0,2.0,0.0,0.0
EPL_2022,13/11/2022,8,1,1.0,2.0,2.0,7.0,8.0,2.0,2.0,11.0,4.0,2.0,7.0,0.0,0.0
EPL_2022,13/11/2022,14,23,1.0,2.0,2.0,14.0,14.0,7.0,9.0,10.0,3.0,1.0,1.0,0.0,0.0
EPL_2022,26/12/2022,7,36,2.0,2.0,1.0,9.0,16.0,5.0,8.0,6.0,5.0,3.0,1.0,0.0,0.0
EPL_2022,26/12/2022,12,14,0.0,3.0,2.0,4.0,23.0,0.0,11.0,1.0,8.0,0.0,0.0,2.0,0.0
EPL_2022,26/12/2022,13,41,1.0,2.0,2.0,12.0,7.0,6.0,4.0,2.0,2.0,1.0,6.0,0.0,0.0
EPL_2022,26/12/2022,19,25,0.0,3.0,2.0,8.0,12.0,2.0,5.0,5.0,5.0,0.0,0.0,0.0,0.0
EPL_2022,26/12/2022,32,8,1.0,3.0,2.0,14.0,7.0,4.0,4.0,4.0,2.0,1.0,2.0,0.0,0.0
EPL_2022,26/12/2022,1,20,1.0,3.0,2.0,12.0,16.0,6.0,9.0,0.0,6.0,0.0,0.0,0.0,0.0
EPL_2022,26/12/2022,0,39,3.0,1.0,0.0,16.0,8.0,5.0,4.0,7.0,5.0,0.0,2.0,0.0,0.0
EPL_2022,27/12/2022,11,6,2.0,0.0,0.0,15.0,9.0,5.0,4.0,6.0,8.0,0.0,0.0,0.0,0.0
EPL_2022,27/12/2022,23,27,3.0,0.0,0.0,17.0,8.0,8.0,3.0,9.0,9.0,3.0,1.0,0.0,0.0
EPL_2022,28/12/2022,18,22,1.0,3.0,2.0,9.0,26.0,1.0,9.0,3.0,5.0,3.0,3.0,0.0,0.0
EPL_2022,30/12/2022,39,7,0.0,2.0,2.0,20.0,9.0,5.0,6.0,8.0,1.0,1.0,0.0,0.0,0.0
EPL_2022,30/12/2022,20,19,2.0,1.0,0.0,21.0,7.0,5.0,2.0,4.0,5.0,0.0,1.0,0.0,0.0
EPL_2022,31/12/2022,41,23,0.0,1.0,2.0,10.0,16.0,3.0,6.0,7.0,5.0,1.0,3.0,0.0,0.0
EPL_2022,31/12/2022,6,12,0.0,2.0,2.0,6.0,15.0,2.0,6.0,2.0,7.0,4.0,1.0,0.0,0.0
EPL_2022,31/12/2022,14,32,2.0,1.0,0.0,8.0,9.0,2.0,3.0,4.0,4.0,0.0,1.0,0.0,0.0
EPL_2022,31/12/2022,22,13,1.0,1.0,1.0,16.0,2.0,3.0,1.0,7.0,1.0,3.0,4.0,0.0,0.0
EPL_2022,31/12/2022,25,18,0.0,0.0,1.0,16.0,8.0,5.0,1.0,9.0,3.0,3.0,5.0,0.0,0.0
EPL_2022,31/12/2022,8,0,2.0,4.0,2.0,9.0,14.0,5.0,7.0,7.0,4.0,3.0,3.0,0.0,0.0
EPL_2022,01/01/2023,36,1,0.0,2.0,2.0,6.0,13.0,2.0,4.0,5.0,3.0,4.0,3.0,0.0,0.0
EPL_2022,01/01/2023,27,11,1.0,1.0,1.0,12.0,7.0,5.0,2.0,1.0,2.0,2.0,2.0,0.0,0.0
EPL_2022,02/01/2023,7,20,3.0,1.0,0.0,10.0,16.0,7.0,6.0,4.0,9.0,1.0,3.0,0.0,0.0
EPL_2022,03/01/2023,0,25,0.0,0.0,1.0,17.0,8.0,4.0,1.0,5.0,5.0,4.0,4.0,0.0,0.0
EPL_2022,03/01/2023,13,8,1.0,4.0,2.0,10.0,19.0,4.0,8.0,5.0,2.0,3.0,1.0,0.0,0.0
EPL_2022,03/01/2023,19,14,0.0,1.0,2.0,15.0,11.0,6.0,2.0,6.0,3.0,2.0,6.0,0.0,0.0
EPL_2022,03/01/2023,23,6,3.0,0.0,0.0,18.0,7.0,6.0,4.0,6.0,5.0,0.0,3.0,0.0,0.0
EPL_2022,04/01/2023,32,27,0.0,1.0,2.0,8.0,11.0,0.0,1.0,6.0,2.0,2.0,2.0,0.0,0.0
EPL_2022,04/01/2023,18,39,2.0,2.0,1.0,14.0,15.0,6.0,2.0,8.0,1.0,3.0,1.0,0.0,0.0
EPL_2022,04/01/2023,1,41,1.0,1.0,1.0,13.0,10.0,4.0,3.0,7.0,8.0,1.0,3.0,0.0,0.0
EPL_2022,04/01/2023,12,36,0.0,4.0,2.0,19.0,14.0,4.0,6.0,10.0,4.0,1.0,2.0,0.0,0.0
EPL_2022,05/01/2023,11,22,0.0,1.0,2.0,8.0,12.0,2.0,3.0,3.0,2.0,2.0,0.0,0.0,0.0
EPL_2022,12/01/2023,14,11,2.0,1.0,0.0,8.0,20.0,3.0,10.0,5.0,7.0,4.0,3.0,0.0,1.0
EPL_2022,13/01/2023,1,18,2.0,1.0,0.0,11.0,16.0,5.0,4.0,0.0,11.0,2.0,2.0,0.0,0.0
EPL_2022,14/01/2023,23,22,2.0,1.0,0.0,8.0,5.0,4.0,1.0,1.0,2.0,3.0,0.0,0.0,0.0
EPL_2022,14/01/2023,8,20,3.0,0.0,0.0,16.0,6.0,9.0,2.0,7.0,1.0,1.0,3.0,0.0,0.0
EPL_2022,14/01/2023,13,32,1.0,2.0,2.0,12.0,13.0,4.0,5.0,6.0,4.0,0.0,3.0,0.0,0.0
EPL_2022,14/01/2023,27,19,2.0,0.0,0.0,15.0,6.0,5.0,1.0,3.0,5.0,1.0,2.0,0.0,0.0
EPL_2022,14/01/2023,41,39,1.0,0.0,0.0,17.0,16.0,4.0,4.0,4.0,3.0,0.0,2.0,0.0,0.0
EPL_2022,14/01/2023,7,6,2.0,0.0,0.0,12.0,7.0,4.0,2.0,5.0,3.0,1.0,1.0,0.0,0.0
EPL_2022,15/01/2023,11,12,1.0,0.0,0.0,15.0,10.0,5.0,5.0,11.0,7.0,2.0,5.0,0.0,0.0
EPL_2022,15/01/2023,25,14,1.0,0.0,0.0,20.0,5.0,5.0,0.0,10.0,5.0,1.0,3.0,0.0,0.0
EPL_2022,15/01/2023,36,0,0.0,2.0,2.0,17.0,14.0,7.0,5.0,4.0,3.0,4.0,2.0,0.0,0.0
EPL_2022,18/01/2023,12,23,1.0,1.0,1.0,10.0,15.0,5.0,4.0,3.0,3.0,1.0,2.0,0.0,0.0
EPL_2022,19/01/2023,22,36,4.0,2.0,0.0,16.0,9.0,6.0,3.0,8.0,3.0,1.0,2.0,0.0,0.0
EPL_2022,21/01/2023,20,11,0.0,0.0,1.0,15.0,11.0,3.0,2.0,5.0,5.0,3.0,1.0,0.0,0.0
EPL_2022,21/01/2023,6,27,1.0,1.0,1.0,16.0,20.0,4.0,5.0,4.0,6.0,1.0,2.0,0.0,0.0
EPL_2022,21/01/2023,19,8,2.0,2.0,1.0,9.0,13.0,2.0,4.0,5.0,6.0,0.0,1.0,0.0,0.0
EPL_2022,21/01/2023,32,1,0.0,1.0,2.0,8.0,16.0,5.0,5.0,2.0,2.0,1.0,2.0,0.0,0.0
EPL_2022,21/01/2023,39,13,2.0,0.0,0.0,11.0,5.0,4.0,2.0,4.0,9.0,1.0,1.0,0.0,0.0
EPL_2022,21/01/2023,12,25,0.0,0.0,1.0,6.0,16.0,1.0,7.0,3.0,15.0,4.0,2.0,0.0,0.0
EPL_2022,22/01/2023,18,7,0.0,0.0,1.0,9.0,6.0,5.0,0.0,2.0,3.0,2.0,2.0,0.0,0.0
EPL_2022,22/01/2023,22,41,3.0,0.0,0.0,13.0,10.0,7.0,1.0,5.0,7.0,1.0,2.0,0.0,0.0
EPL_2022,22/01/2023,0,23,3.0,2.0,0.0,25.0,6.0,5.0,4.0,12.0,4.0,1.0,2.0,0.0,0.0
EPL_2022,23/01/2023,14,36,0.0,1.0,2.0,10.0,10.0,5.0,3.0,3.0,8.0,1.0,3.0,0.0,0.0
EPL_2022,03/02/2023,11,14,0.0,0.0,1.0,12.0,10.0,3.0,4.0,6.0,2.0,1.0,4.0,0.0,0.0
EPL_2022,04/02/2023,13,0,1.0,0.0,0.0,12.0,15.0,4.0,3.0,7.0,5.0,4.0,1.0,0.0,0.0
EPL_2022,04/02/2023,1,19,2.0,4.0,2.0,19.0,9.0,4.0,5.0,11.0,3.0,0.0,2.0,0.0,0.0
EPL_2022,04/02/2023,7,32,3.0,0.0,0.0,14.0,14.0,4.0,6.0,4.0,4.0,1.0,2.0,0.0,0.0
EPL_2022,04/02/2023,8,6,1.0,0.0,0.0,20.0,12.0,6.0,2.0,7.0,3.0,3.0,1.0,0.0,0.0
EPL_2022,04/02/2023,23,12,2.0,1.0,0.0,14.0,10.0,5.0,3.0,5.0,5.0,1.0,2.0,1.0,0.0
EPL_2022,04/02/2023,41,20,3.0,0.0,0.0,12.0,22.0,6.0,4.0,2.0,7.0,1.0,1.0,0.0,0.0
EPL_2022,04/02/2023,25,39,1.0,1.0,1.0,8.0,10.0,2.0,1.0,4.0,2.0,2.0,1.0,0.0,0.0
EPL_2022,05/02/2023,27,18,1.0,0.0,0.0,6.0,10.0,2.0,4.0,0.0,2.0,4.0,2.0,0.0,0.0
EPL_2022,05/02/2023,36,22,1.0,0.0,0.0,12.0,15.0,3.0,5.0,4.0,6.0,2.0,3.0,1.0,0.0
EPL_2022,08/02/2023,23,18,2.0,2.0,1.0,24.0,8.0,7.0,2.0,6.0,5.0,1.0,3.0,0.0,0.0
EPL_2022,11/02/2023,39,11,1.0,1.0,1.0,10.0,12.0,2.0,4.0,5.0,6.0,1.0,1.0,0.0,0.0
EPL_2022,11/02/2023,0,7,1.0,1.0,1.0,23.0,9.0,7.0,2.0,7.0,4.0,0.0,2.0,0.0,0.0
EPL_2022,11/02/2023,12,8,1.0,1.0,1.0,6.0,17.0,1.0,7.0,1.0,6.0,4.0,1.0,0.0,0.0
EPL_2022,11/02/2023,14,27,2.0,0.0,0.0,16.0,10.0,3.0,1.0,5.0,4.0,0.0,1.0,0.0,0.0
EPL_2022,11/02/2023,19,36,4.0,1.0,0.0,15.0,11.0,7.0,4.0,1.0,5.0,5.0,2.0,0.0,0.0
EPL_2022,11/02/2023,32,41,1.0,2.0,2.0,17.0,11.0,2.0,2.0,5.0,2.0,2.0,2.0,0.0,1.0
EPL_2022,11/02/2023,6,25,1.0,1.0,1.0,11.0,15.0,5.0,7.0,4.0,6.0,2.0,3.0,0.0,0.0
EPL_2022,12/02/2023,18,23,0.0,2.0,2.0,16.0,11.0,6.0,5.0,7.0,3.0,2.0,1.0,0.0,0.0
EPL_2022,12/02/2023,22,1,3.0,1.0,0.0,17.0,6.0,9.0,2.0,8.0,4.0,1.0,2.0,0.0,0.0
EPL_2022,13/02/2023,20,13,2.0,0.0,0.0,15.0,6.0,6.0,1.0,3.0,3.0,1.0,3.0,0.0,0.0
EPL_2022,15/02/2023,0,22,1.0,3.0,2.0,10.0,9.0,1.0,6.0,1.0,3.0,2.0,3.0,0.0,0.0
EPL_2022,18/02/2023,1,0,2.0,4.0,2.0,7.0,20.0,5.0,5.0,2.0,9.0,2.0,1.0,0.0,0.0
EPL_2022,18/02/2023,7,12,1.0,1.0,1.0,12.0,10.0,5.0,4.0,2.0,6.0,2.0,2.0,0.0,0.0
EPL_2022,18/02/2023,8,14,0.0,1.0,2.0,21.0,5.0,7.0,2.0,10.0,2.0,0.0,5.0,0.0,0.0
EPL_2022,18/02/2023,11,32,0.0,1.0,2.0,17.0,8.0,5.0,5.0,8.0,2.0,3.0,6.0,0.0,0.0
EPL_2022,18/02/2023,13,18,1.0,0.0,0.0,15.0,8.0,6.0,0.0,6.0,4.0,2.0,3.0,0.0,0.0
EPL_2022,18/02/2023,27,22,1.0,1.0,1.0,4.0,26.0,1.0,6.0,0.0,10.0,1.0,0.0,0.0,0.0
EPL_2022,18/02/2023,41,6,0.0,1.0,2.0,15.0,5.0,4.0,1.0,12.0,2.0,3.0,3.0,0.0,0.0
EPL_2022,18/02/2023,25,20,0.0,2.0,2.0,14.0,13.0,4.0,7.0,6.0,7.0,1.0,1.0,1.0,0.0
EPL_2022,19/02/2023,23,19,3.0,0.0,0.0,26.0,19.0,8.0,3.0,6.0,6.0,0.0,2.0,0.0,0.0
EPL_2022,19/02/2023,36,39,2.0,0.0,0.0,16.0,6.0,6.0,1.0,4.0,7.0,2.0,1.0,0.0,0.0
EPL_2022,24/02/2023,14,41,1.0,1.0,1.0,10.0,8.0,5.0,2.0,4.0,3.0,2.0,0.0,0.0,0.0
EPL_2022,25/02/2023,13,1,0.0,2.0,2.0,15.0,9.0,5.0,5.0,5.0,1.0,2.0,1.0,0.0,0.0
EPL_2022,25/02/2023,18,32,1.0,0.0,0.0,14.0,8.0,4.0,2.0,9.0,2.0,2.0,4.0,0.0,0.0
EPL_2022,25/02/2023,19,0,0.0,1.0,2.0,1.0,10.0,0.0,2.0,0.0,8.0,0.0,1.0,0.0,0.0
EPL_2022,25/02/2023,39,27,4.0,0.0,0.0,18.0,8.0,5.0,3.0,12.0,3.0,0.0,0.0,0.0,0.0
EPL_2022,25/02/2023,6,22,1.0,4.0,2.0,13.0,20.0,2.0,5.0,4.0,6.0,2.0,2.0,0.0,0.0
EPL_2022,25/02/2023,12,20,0.0,0.0,1.0,6.0,12.0,0.0,4.0,5.0,3.0,2.0,5.0,0.0,0.0
EPL_2022,26/02/2023,36,11,2.0,0.0,0.0,8.0,10.0,3.0,2.0,4.0,4.0,2.0,3.0,0.0,0.0
EPL_2022,01/03/2023,0,13,4.0,0.0,0.0,15.0,8.0,5.0,5.0,5.0,1.0,0.0,2.0,0.0,0.0
EPL_2022,01/03/2023,20,41,2.0,0.0,0.0,15.0,4.0,6.0,1.0,5.0,2.0,2.0,3.0,0.0,0.0
EPL_2022,04/03/2023,22,25,2.0,0.0,0.0,11.0,5.0,3.0,2.0,8.0,4.0,2.0,4.0,0.0,0.0
EPL_2022,04/03/2023,0,6,3.0,2.0,0.0,31.0,4.0,9.0,4.0,17.0,1.0,0.0,2.0,0.0,0.0
EPL_2022,04/03/2023,1,12,1.0,0.0,0.0,8.0,3.0,1.0,0.0,2.0,4.0,2.0,3.0,0.0,1.0
EPL_2022,04/03/2023,8,39,4.0,0.0,0.0,20.0,3.0,9.0,2.0,7.0,3.0,0.0,3.0,0.0,0.0
EPL_2022,04/03/2023,11,18,1.0,0.0,0.0,13.0,11.0,3.0,2.0,5.0,7.0,2.0,0.0,0.0,0.0
EPL_2022,04/03/2023,41,36,1.0,0.0,0.0,8.0,21.0,5.0,6.0,4.0,8.0,1.0,1.0,0.0,0.0
EPL_2022,04/03/2023,32,19,1.0,0.0,0.0,11.0,11.0,5.0,0.0,3.0,4.0,4.0,2.0,0.0,0.0
EPL_2022,05/03/2023,27,13,2.0,2.0,1.0,10.0,10.0,4.0,3.0,3.0,3.0,3.0,5.0,0.0,0.0
EPL_2022,05/03/2023,20,23,7.0,0.0,0.0,18.0,8.0,8.0,4.0,4.0,3.0,2.0,3.0,0.0,0.0
EPL_2022,06/03/2023,7,14,3.0,2.0,0.0,14.0,9.0,6.0,5.0,2.0,3.0,0.0,3.0,0.0,0.0
EPL_2022,11/03/2023,6,20,1.0,0.0,0.0,5.0,15.0,2.0,6.0,3.0,8.0,2.0,1.0,0.0,0.0
EPL_2022,11/03/2023,13,7,1.0,0.0,0.0,13.0,12.0,6.0,4.0,5.0,8.0,2.0,1.0,0.0,0.0
EPL_2022,11/03/2023,18,8,2.0,2.0,1.0,12.0,14.0,4.0,2.0,4.0,7.0,1.0,1.0,0.0,0.0
EPL_2022,11/03/2023,19,11,1.0,3.0,2.0,17.0,12.0,7.0,6.0,2.0,5.0,1.0,2.0,1.0,0.0
EPL_2022,11/03/2023,36,27,3.0,1.0,0.0,15.0,9.0,7.0,5.0,2.0,10.0,3.0,1.0,0.0,0.0
EPL_2022,11/03/2023,12,22,0.0,1.0,2.0,4.0,14.0,0.0,4.0,2.0,6.0,2.0,2.0,0.0,0.0
EPL_2022,12/03/2023,14,0,0.0,3.0,2.0,12.0,15.0,2.0,7.0,4.0,8.0,0.0,1.0,0.0,0.0
EPL_2022,12/03/2023,23,32,0.0,0.0,1.0,10.0,17.0,4.0,4.0,7.0,8.0,2.0,0.0,0.0,0.0
EPL_2022,12/03/2023,39,1,1.0,1.0,1.0,17.0,12.0,6.0,4.0,13.0,2.0,1.0,0.0,0.0,0.0
EPL_2022,12/03/2023,25,41,2.0,1.0,0.0,19.0,7.0,8.0,4.0,10.0,3.0,1.0,2.0,0.0,0.0
EPL_2022,15/03/2023,8,12,1.0,0.0,0.0,11.0,11.0,5.0,3.0,1.0,4.0,1.0,2.0,0.0,0.0
EPL_2022,15/03/2023,32,7,0.0,2.0,2.0,7.0,11.0,1.0,5.0,3.0,3.0,1.0,2.0,0.0,0.0
EPL_2022,17/03/2023,27,25,1.0,2.0,2.0,5.0,15.0,3.0,4.0,3.0,7.0,5.0,1.0,0.0,0.0
EPL_2022,18/03/2023,1,6,3.0,0.0,0.0,20.0,10.0,9.0,3.0,9.0,6.0,1.0,4.0,0.0,0.0
EPL_2022,18/03/2023,7,19,1.0,1.0,1.0,11.0,14.0,2.0,1.0,8.0,4.0,1.0,2.0,1.0,0.0
EPL_2022,18/03/2023,32,36,3.0,3.0,1.0,19.0,17.0,7.0,3.0,10.0,3.0,1.0,1.0,0.0,0.0
EPL_2022,18/03/2023,41,18,2.0,4.0,2.0,23.0,11.0,8.0,4.0,5.0,4.0,3.0,5.0,1.0,0.0
EPL_2022,18/03/2023,11,13,2.0,2.0,1.0,20.0,12.0,7.0,3.0,8.0,2.0,2.0,2.0,0.0,0.0
EPL_2022,19/03/2023,0,12,4.0,1.0,0.0,15.0,8.0,5.0,4.0,5.0,4.0,0.0,1.0,0.0,0.0
EPL_2022,01/04/2023,22,20,4.0,1.0,0.0,17.0,4.0,8.0,1.0,7.0,1.0,1.0,1.0,0.0,0.0
EPL_2022,01/04/2023,0,18,4.0,1.0,0.0,13.0,7.0,6.0,5.0,4.0,3.0,0.0,2.0,0.0,0.0
EPL_2022,01/04/2023,6,14,2.0,1.0,0.0,12.0,10.0,7.0,2.0,4.0,3.0,1.0,4.0,0.0,0.0
EPL_2022,01/04/2023,8,7,3.0,3.0,1.0,33.0,7.0,15.0,5.0,14.0,0.0,2.0,1.0,0.0,0.0
EPL_2022,01/04/2023,12,19,2.0,1.0,0.0,31.0,3.0,9.0,2.0,10.0,1.0,3.0,4.0,0.0,0.0
EPL_2022,01/04/2023,27,41,1.0,1.0,1.0,17.0,8.0,7.0,1.0,4.0,3.0,3.0,5.0,0.0,0.0
EPL_2022,01/04/2023,11,1,0.0,2.0,2.0,27.0,5.0,8.0,2.0,13.0,2.0,3.0,3.0,0.0,0.0
EPL_2022,02/04/2023,39,32,1.0,0.0,0.0,12.0,9.0,2.0,3.0,5.0,3.0,0.0,2.0,0.0,0.0
EPL_2022,02/04/2023,25,23,2.0,0.0,0.0,22.0,6.0,6.0,1.0,7.0,4.0,0.0,0.0,0.0,0.0
EPL_2022,03/04/2023,13,36,1.0,1.0,1.0,15.0,8.0,6.0,2.0,3.0,3.0,0.0,3.0,1.0,1.0
EPL_2022,04/04/2023,6,8,0.0,2.0,2.0,14.0,16.0,3.0,6.0,5.0,5.0,1.0,1.0,0.0,0.0
EPL_2022,04/04/2023,18,27,2.0,1.0,0.0,21.0,13.0,6.0,1.0,11.0,4.0,1.0,4.0,0.0,0.0
EPL_2022,04/04/2023,19,1,1.0,2.0,2.0,9.0,15.0,4.0,5.0,4.0,8.0,2.0,0.0,1.0,0.0
EPL_2022,04/04/2023,11,20,0.0,0.0,1.0,12.0,7.0,3.0,4.0,3.0,5.0,1.0,4.0,0.0,0.0
EPL_2022,05/04/2023,23,7,1.0,0.0,0.0,18.0,6.0,3.0,1.0,12.0,3.0,3.0,2.0,0.0,0.0
EPL_2022,05/04/2023,39,25,1.0,5.0,2.0,7.0,15.0,2.0,8.0,7.0,6.0,2.0,1.0,0.0,0.0
EPL_2022,08/04/2023,23,13,2.0,0.0,0.0,29.0,15.0,11.0,1.0,10.0,4.0,0.0,0.0,0.0,0.0
EPL_2022,08/04/2023,1,27,2.0,0.0,0.0,8.0,6.0,3.0,2.0,1.0,8.0,3.0,4.0,0.0,0.0
EPL_2022,08/04/2023,7,25,1.0,2.0,2.0,12.0,10.0,6.0,4.0,6.0,5.0,0.0,0.0,0.0,0.0
EPL_2022,08/04/2023,14,39,0.0,1.0,2.0,16.0,9.0,3.0,5.0,11.0,4.0,1.0,1.0,0.0,0.0
EPL_2022,08/04/2023,19,6,0.0,1.0,2.0,14.0,19.0,4.0,7.0,6.0,6.0,0.0,3.0,0.0,0.0
EPL_2022,08/04/2023,36,8,2.0,1.0,0.0,9.0,17.0,3.0,4.0,3.0,7.0,3.0,1.0,0.0,0.0
EPL_2022,08/04/2023,41,11,1.0,0.0,0.0,9.0,13.0,4.0,1.0,8.0,8.0,2.0,5.0,0.0,0.0
EPL_2022,08/04/2023,32,22,1.0,4.0,2.0,4.0,13.0,1.0,8.0,0.0,10.0,0.0,2.0,0.0,0.0
EPL_2022,09/04/2023,18,12,1.0,5.0,2.0,11.0,16.0,7.0,8.0,2.0,4.0,3.0,1.0,0.0,0.0
EPL_2022,09/04/2023,20,0,2.0,2.0,1.0,21.0,9.0,6.0,5.0,5.0,4.0,4.0,4.0,0.0,0.0
EPL_2022,15/04/2023,1,25,3.0,0.0,0.0,16.0,8.0,6.0,2.0,7.0,2.0,1.0,1.0,0.0,0.0
EPL_2022,15/04/2023,11,8,1.0,2.0,2.0,8.0,26.0,2.0,10.0,2.0,8.0,2.0,2.0,0.0,0.0
EPL_2022,15/04/2023,13,14,1.0,3.0,2.0,15.0,21.0,7.0,7.0,4.0,8.0,3.0,2.0,0.0,0.0
EPL_2022,15/04/2023,32,12,0.0,2.0,2.0,11.0,9.0,4.0,2.0,6.0,2.0,3.0,1.0,0.0,0.0
EPL_2022,15/04/2023,36,6,2.0,3.0,2.0,24.0,6.0,8.0,6.0,8.0,1.0,1.0,2.0,0.0,0.0
EPL_2022,15/04/2023,41,7,2.0,0.0,0.0,11.0,10.0,9.0,3.0,5.0,2.0,1.0,1.0,0.0,0.0
EPL_2022,15/04/2023,22,19,3.0,1.0,0.0,12.0,10.0,4.0,4.0,6.0,2.0,1.0,1.0,0.0,0.0
EPL_2022,16/04/2023,39,0,2.0,2.0,1.0,16.0,11.0,3.0,5.0,7.0,2.0,1.0,2.0,0.0,0.0
EPL_2022,16/04/2023,27,23,0.0,2.0,2.0,6.0,22.0,0.0,8.0,4.0,9.0,2.0,2.0,0.0,0.0
EPL_2022,17/04/2023,18,20,1.0,6.0,2.0,13.0,13.0,3.0,7.0,4.0,2.0,0.0,1.0,0.0,0.0
EPL_2022,21/04/2023,0,32,3.0,3.0,1.0,25.0,8.0,6.0,6.0,7.0,2.0,1.0,5.0,0.0,0.0
EPL_2022,22/04/2023,14,18,2.0,1.0,0.0,12.0,10.0,5.0,2.0,8.0,6.0,1.0,4.0,0.0,0.0
EPL_2022,22/04/2023,7,1,1.0,1.0,1.0,6.0,14.0,5.0,2.0,8.0,4.0,3.0,2.0,0.0,0.0
EPL_2022,22/04/2023,12,13,0.0,0.0,1.0,12.0,10.0,2.0,5.0,8.0,1.0,1.0,1.0,0.0,1.0
EPL_2022,22/04/2023,19,41,2.0,1.0,0.0,15.0,16.0,8.0,3.0,1.0,7.0,1.0,3.0,0.0,0.0
EPL_2022,22/04/2023,20,27,3.0,2.0,0.0,18.0,11.0,6.0,5.0,9.0,3.0,0.0,1.0,0.0,0.0
EPL_2022,23/04/2023,6,39,0.0,4.0,2.0,17.0,18.0,5.0,10.0,8.0,5.0,1.0,2.0,0.0,0.0
EPL_2022,23/04/2023,25,36,6.0,1.0,0.0,25.0,11.0,8.0,3.0,9.0,3.0,0.0,3.0,0.0,0.0
EPL_2022,25/04/2023,41,12,2.0,0.0,0.0,9.0,14.0,3.0,4.0,6.0,11.0,5.0,4.0,0.0,0.0
EPL_2022,25/04/2023,1,14,1.0,0.0,0.0,14.0,1.0,3.0,0.0,8.0,2.0,3.0,2.0,0.0,0.0
EPL_2022,25/04/2023,18,19,1.0,1.0,1.0,13.0,15.0,3.0,3.0,3.0,6.0,4.0,2.0,0.0,0.0
EPL_2022,26/04/2023,27,8,3.0,1.0,0.0,12.0,17.0,5.0,7.0,2.0,7.0,2.0,0.0,0.0,0.0
EPL_2022,26/04/2023,11,7,0.0,2.0,2.0,15.0,7.0,4.0,1.0,5.0,2.0,1.0,2.0,0.0,0.0
EPL_2022,26/04/2023,39,20,1.0,2.0,2.0,7.0,20.0,2.0,4.0,3.0,6.0,0.0,0.0,0.0,0.0
EPL_2022,26/04/2023,22,0,4.0,1.0,0.0,14.0,8.0,9.0,2.0,1.0,3.0,3.0,1.0,0.0,0.0
EPL_2022,27/04/2023,13,25,1.0,4.0,2.0,13.0,15.0,5.0,8.0,3.0,14.0,2.0,1.0,0.0,0.0
EPL_2022,27/04/2023,32,6,0.0,1.0,2.0,11.0,16.0,2.0,2.0,6.0,4.0,0.0,3.0,0.0,0.0
EPL_2022,27/04/2023,36,23,2.0,2.0,1.0,18.0,17.0,7.0,8.0,6.0,8.0,1.0,2.0,0.0,0.0
EPL_2022,29/04/2023,12,39,4.0,3.0,0.0,16.0,8.0,6.0,4.0,8.0,5.0,1.0,2.0,0.0,0.0
EPL_2022,29/04/2023,7,27,2.0,1.0,0.0,14.0,5.0,8.0,3.0,6.0,0.0,1.0,2.0,0.0,0.0
EPL_2022,29/04/2023,8,41,6.0,0.0,0.0,22.0,10.0,8.0,2.0,2.0,5.0,1.0,1.0,0.0,0.0
EPL_2022,30/04/2023,6,18,4.0,1.0,0.0,12.0,15.0,7.0,6.0,2.0,6.0,1.0,0.0,0.0,0.0
EPL_2022,30/04/2023,14,22,1.0,2.0,2.0,4.0,12.0,1.0,9.0,2.0,5.0,1.0,3.0,0.0,0.0
EPL_2022,30/04/2023,23,1,1.0,0.0,0.0,14.0,7.0,6.0,1.0,1.0,4.0,2.0,0.0,0.0,0.0
EPL_2022,30/04/2023,25,32,3.0,1.0,0.0,22.0,4.0,5.0,3.0,11.0,2.0,1.0,4.0,0.0,0.0
EPL_2022,30/04/2023,20,36,4.0,3.0,0.0,12.0,10.0,4.0,7.0,5.0,2.0,3.0,2.0,0.0,0.0
EPL_2022,01/05/2023,19,13,2.0,2.0,1.0,15.0,23.0,6.0,8.0,2.0,9.0,4.0,1.0,0.0,0.0
EPL_2022,02/05/2023,0,11,3.0,1.0,0.0,16.0,7.0,10.0,4.0,7.0,2.0,0.0,2.0,0.0,0.0
EPL_2022,03/05/2023,20,14,1.0,0.0,0.0,15.0,9.0,3.0,3.0,7.0,5.0,0.0,0.0,0.0,0.0
EPL_2022,03/05/2023,22,39,3.0,0.0,0.0,16.0,6.0,7.0,2.0,6.0,3.0,0.0,1.0,0.0,0.0
EPL_2022,04/05/2023,8,23,1.0,0.0,0.0,22.0,16.0,6.0,5.0,8.0,6.0,4.0,4.0,0.0,0.0
EPL_2022,06/05/2023,6,11,1.0,3.0,2.0,10.0,11.0,4.0,5.0,7.0,7.0,1.0,3.0,0.0,0.0
EPL_2022,06/05/2023,22,18,2.0,1.0,0.0,18.0,4.0,6.0,2.0,10.0,1.0,0.0,3.0,0.0,0.0
EPL_2022,06/05/2023,36,12,1.0,0.0,0.0,8.0,7.0,3.0,2.0,8.0,4.0,3.0,5.0,0.0,0.0
EPL_2022,06/05/2023,41,1,1.0,0.0,0.0,6.0,16.0,2.0,3.0,5.0,6.0,3.0,3.0,0.0,0.0
EPL_2022,06/05/2023,20,7,1.0,0.0,0.0,15.0,5.0,5.0,1.0,7.0,3.0,4.0,2.0,0.0,0.0
EPL_2022,07/05/2023,25,0,0.0,2.0,2.0,12.0,10.0,5.0,6.0,9.0,4.0,2.0,1.0,0.0,0.0
EPL_2022,07/05/2023,39,23,1.0,0.0,0.0,15.0,19.0,4.0,4.0,5.0,6.0,0.0,2.0,0.0,0.0
EPL_2022,08/05/2023,14,19,5.0,3.0,0.0,17.0,18.0,7.0,9.0,2.0,7.0,0.0,3.0,0.0,0.0
EPL_2022,08/05/2023,8,13,1.0,5.0,2.0,23.0,10.0,5.0,5.0,15.0,1.0,1.0,5.0,0.0,0.0
EPL_2022,08/05/2023,27,32,4.0,3.0,0.0,9.0,19.0,4.0,5.0,2.0,11.0,1.0,0.0,0.0,0.0
EPL_2022,13/05/2023,18,25,2.0,2.0,1.0,9.0,18.0,4.0,5.0,2.0,6.0,3.0,2.0,1.0,0.0
EPL_2022,13/05/2023,1,36,2.0,1.0,0.0,8.0,5.0,4.0,2.0,8.0,3.0,3.0,3.0,0.0,0.0
EPL_2022,13/05/2023,11,27,2.0,2.0,1.0,14.0,11.0,6.0,2.0,2.0,5.0,3.0,1.0,0.0,0.0
EPL_2022,13/05/2023,12,6,2.0,0.0,0.0,17.0,5.0,5.0,0.0,11.0,2.0,0.0,2.0,0.0,0.0
EPL_2022,13/05/2023,23,41,2.0,0.0,0.0,27.0,5.0,9.0,0.0,11.0,7.0,3.0,2.0,0.0,0.0
EPL_2022,13/05/2023,32,14,0.0,2.0,2.0,5.0,9.0,1.0,4.0,1.0,8.0,2.0,0.0,0.0,0.0
EPL_2022,14/05/2023,7,39,2.0,0.0,0.0,24.0,4.0,10.0,4.0,7.0,5.0,1.0,0.0,0.0,0.0
EPL_2022,14/05/2023,13,22,0.0,3.0,2.0,7.0,9.0,3.0,4.0,8.0,6.0,1.0,0.0,0.0,0.0
EPL_2022,14/05/2023,0,8,0.0,3.0,2.0,14.0,12.0,2.0,6.0,5.0,2.0,1.0,2.0,0.0,0.0
EPL_2022,15/05/2023,19,20,0.0,3.0,2.0,4.0,16.0,4.0,5.0,4.0,4.0,2.0,1.0,0.0,0.0
EPL_2022,18/05/2023,25,8,4.0,1.0,0.0,22.0,8.0,9.0,2.0,6.0,1.0,2.0,4.0,0.0,0.0
EPL_2022,20/05/2023,36,7,1.0,3.0,2.0,22.0,11.0,8.0,4.0,8.0,2.0,1.0,1.0,0.0,0.0
EPL_2022,20/05/2023,6,23,0.0,1.0,2.0,10.0,20.0,4.0,5.0,3.0,6.0,1.0,0.0,0.0,0.0
EPL_2022,20/05/2023,14,12,2.0,2.0,1.0,11.0,11.0,4.0,5.0,7.0,4.0,3.0,0.0,0.0,0.0
EPL_2022,20/05/2023,20,1,1.0,1.0,1.0,10.0,6.0,5.0,3.0,9.0,4.0,3.0,5.0,0.0,0.0
EPL_2022,20/05/2023,41,13,1.0,1.0,1.0,13.0,19.0,5.0,4.0,1.0,7.0,5.0,1.0,0.0,0.0
EPL_2022,20/05/2023,27,0,1.0,0.0,0.0,6.0,11.0,2.0,3.0,3.0,6.0,3.0,2.0,0.0,0.0
EPL_2022,21/05/2023,39,18,3.0,1.0,0.0,19.0,12.0,9.0,3.0,9.0,5.0,1.0,3.0,0.0,0.0
EPL_2022,21/05/2023,8,32,3.0,1.0,0.0,26.0,5.0,8.0,1.0,4.0,3.0,2.0,5.0,0.0,0.0
EPL_2022,21/05/2023,22,11,1.0,0.0,0.0,15.0,13.0,2.0,6.0,5.0,2.0,0.0,2.0,0.0,0.0
EPL_2022,22/05/2023,25,19,0.0,0.0,1.0,23.0,1.0,4.0,1.0,12.0,1.0,2.0,0.0,0.0,0.0
EPL_2022,24/05/2023,8,22,1.0,1.0,1.0,20.0,13.0,7.0,4.0,5.0,1.0,2.0,1.0,0.0,0.0
EPL_2022,25/05/2023,23,11,4.0,1.0,0.0,18.0,14.0,9.0,5.0,3.0,4.0,1.0,1.0,0.0,0.0
EPL_2022,28/05/2023,0,41,5.0,0.0,0.0,14.0,6.0,8.0,0.0,8.0,4.0,0.0,0.0,0.0,0.0
EPL_2022,28/05/2023,1,8,2.0,1.0,0.0,12.0,8.0,5.0,4.0,4.0,3.0,4.0,4.0,0.0,0.0
EPL_2022,28/05/2023,7,22,1.0,0.0,0.0,11.0,17.0,4.0,3.0,3.0,4.0,4.0,0.0,0.0,0.0
EPL_2022,28/05/2023,11,25,1.0,1.0,1.0,22.0,13.0,5.0,4.0,10.0,3.0,0.0,0.0,0.0,0.0
EPL_2022,28/05/2023,12,27,1.0,1.0,1.0,16.0,7.0,4.0,4.0,5.0,4.0,0.0,2.0,0.0,0.0
EPL_2022,28/05/2023,13,6,1.0,0.0,0.0,13.0,7.0,6.0,2.0,9.0,3.0,1.0,3.0,0.0,0.0
EPL_2022,28/05/2023,18,36,1.0,4.0,2.0,19.0,11.0,2.0,7.0,12.0,3.0,3.0,0.0,0.0,0.0
EPL_2022,28/05/2023,19,39,2.0,1.0,0.0,13.0,16.0,4.0,3.0,3.0,5.0,1.0,1.0,0.0,0.0
EPL_2022,28/05/2023,23,14,2.0,1.0,0.0,21.0,10.0,8.0,3.0,5.0,4.0,1.0,2.0,0.0,0.0
EPL_2022,28/05/2023,32,20,4.0,4.0,1.0,15.0,30.0,10.0,8.0,2.0,9.0,0.0,2.0,0.0,0.0
EPL_2023,11/08/2023,9,22,0.0,3.0,2.0,6.0,17.0,1.0,8.0,6.0,5.0,0.0,0.0,1.0,0.0
EPL_2023,12/08/2023,0,27,2.0,1.0,0.0,15.0,6.0,7.0,2.0,8.0,3.0,2.0,2.0,0.0,0.0
EPL_2023,12/08/2023,6,39,1.0,1.0,1.0,14.0,16.0,5.0,3.0,10.0,4.0,1.0,4.0,0.0,0.0
EPL_2023,12/08/2023,8,21,4.0,1.0,0.0,27.0,9.0,12.0,3.0,6.0,7.0,2.0,2.0,0.0,0.0
EPL_2023,12/08/2023,13,14,0.0,1.0,2.0,19.0,9.0,9.0,2.0,10.0,4.0,0.0,2.0,0.0,0.0
EPL_2023,12/08/2023,31,12,0.0,1.0,2.0,8.0,24.0,1.0,8.0,5.0,5.0,3.0,0.0,0.0,0.0
EPL_2023,12/08/2023,25,1,5.0,1.0,0.0,17.0,16.0,13.0,6.0,6.0,5.0,4.0,4.0,0.0,0.0
EPL_2023,13/08/2023,7,36,2.0,2.0,1.0,11.0,18.0,6.0,6.0,3.0,6.0,1.0,4.0,0.0,0.0
EPL_2023,13/08/2023,11,20,1.0,1.0,1.0,10.0,13.0,4.0,1.0,4.0,4.0,3.0,3.0,0.0,0.0
EPL_2023,14/08/2023,23,41,1.0,0.0,0.0,15.0,23.0,3.0,6.0,8.0,7.0,2.0,3.0,0.0,0.0
EPL_2023,18/08/2023,27,31,2.0,1.0,0.0,16.0,7.0,4.0,3.0,6.0,7.0,2.0,3.0,0.0,0.0
EPL_2023,19/08/2023,14,7,0.0,3.0,2.0,10.0,17.0,2.0,8.0,5.0,5.0,2.0,2.0,1.0,0.0
EPL_2023,19/08/2023,20,6,3.0,1.0,0.0,26.0,13.0,10.0,5.0,10.0,2.0,1.0,3.0,1.0,0.0
EPL_2023,19/08/2023,41,8,1.0,4.0,2.0,16.0,16.0,5.0,8.0,5.0,3.0,3.0,6.0,1.0,0.0
EPL_2023,19/08/2023,36,23,2.0,0.0,0.0,17.0,22.0,6.0,6.0,5.0,6.0,1.0,3.0,0.0,0.0
EPL_2023,19/08/2023,22,25,1.0,0.0,0.0,14.0,7.0,4.0,1.0,3.0,0.0,1.0,5.0,0.0,0.0
EPL_2023,20/08/2023,1,13,4.0,0.0,0.0,13.0,9.0,7.0,2.0,7.0,6.0,3.0,4.0,0.0,0.0
EPL_2023,20/08/2023,39,11,3.0,1.0,0.0,12.0,17.0,6.0,4.0,3.0,9.0,2.0,3.0,1.0,0.0
EPL_2023,21/08/2023,12,0,0.0,1.0,2.0,14.0,14.0,2.0,3.0,1.0,8.0,2.0,1.0,0.0,1.0
EPL_2023,25/08/2023,11,21,3.0,0.0,0.0,19.0,11.0,8.0,1.0,6.0,4.0,2.0,3.0,0.0,0.0
EPL_2023,26/08/2023,6,36,0.0,2.0,2.0,11.0,17.0,3.0,6.0,6.0,2.0,1.0,3.0,0.0,0.0
EPL_2023,26/08/2023,0,14,2.0,2.0,1.0,19.0,8.0,11.0,3.0,8.0,3.0,0.0,3.0,0.0,1.0
EPL_2023,26/08/2023,7,12,1.0,1.0,1.0,12.0,15.0,1.0,5.0,8.0,6.0,0.0,0.0,0.0,0.0
EPL_2023,26/08/2023,13,41,0.0,1.0,2.0,15.0,11.0,7.0,2.0,7.0,0.0,3.0,4.0,0.0,0.0
EPL_2023,26/08/2023,23,27,3.0,2.0,0.0,18.0,9.0,9.0,4.0,11.0,3.0,4.0,4.0,0.0,1.0
EPL_2023,26/08/2023,8,39,1.0,3.0,2.0,25.0,12.0,10.0,3.0,17.0,4.0,1.0,3.0,0.0,0.0
EPL_2023,27/08/2023,9,1,1.0,3.0,2.0,9.0,16.0,2.0,6.0,4.0,6.0,2.0,0.0,0.0,0.0
EPL_2023,27/08/2023,31,22,1.0,2.0,2.0,6.0,30.0,2.0,9.0,1.0,12.0,3.0,0.0,0.0,0.0
EPL_2023,27/08/2023,25,20,1.0,2.0,2.0,23.0,9.0,8.0,4.0,5.0,9.0,1.0,2.0,0.0,1.0
EPL_2023,01/09/2023,21,39,1.0,2.0,2.0,16.0,9.0,1.0,3.0,9.0,6.0,1.0,1.0,0.0,0.0
EPL_2023,02/09/2023,31,13,2.0,2.0,1.0,13.0,16.0,8.0,6.0,4.0,6.0,1.0,2.0,0.0,0.0
EPL_2023,02/09/2023,7,6,2.0,2.0,1.0,21.0,12.0,7.0,5.0,5.0,2.0,1.0,2.0,0.0,0.0
EPL_2023,02/09/2023,9,36,2.0,5.0,2.0,16.0,20.0,4.0,10.0,7.0,4.0,4.0,3.0,0.0,0.0
EPL_2023,02/09/2023,11,27,0.0,1.0,2.0,21.0,7.0,2.0,3.0,8.0,0.0,3.0,4.0,0.0,0.0
EPL_2023,02/09/2023,22,14,5.0,1.0,0.0,7.0,6.0,5.0,4.0,4.0,5.0,2.0,4.0,0.0,0.0
EPL_2023,02/09/2023,8,25,3.0,1.0,0.0,15.0,9.0,6.0,2.0,5.0,3.0,4.0,4.0,0.0,0.0
EPL_2023,03/09/2023,12,41,3.0,2.0,0.0,16.0,12.0,11.0,4.0,4.0,2.0,1.0,3.0,0.0,0.0
EPL_2023,03/09/2023,20,1,3.0,0.0,0.0,17.0,9.0,4.0,3.0,7.0,3.0,0.0,1.0,0.0,0.0
EPL_2023,03/09/2023,0,23,3.0,1.0,0.0,17.0,10.0,5.0,2.0,12.0,3.0,2.0,3.0,0.0,0.0
EPL_2023,16/09/2023,41,20,1.0,3.0,2.0,11.0,16.0,2.0,6.0,4.0,4.0,1.0,3.0,0.0,0.0
EPL_2023,16/09/2023,1,12,3.0,1.0,0.0,16.0,6.0,5.0,3.0,4.0,2.0,5.0,3.0,0.0,0.0
EPL_2023,16/09/2023,14,21,1.0,0.0,0.0,13.0,7.0,2.0,2.0,6.0,2.0,2.0,2.0,0.0,0.0
EPL_2023,16/09/2023,23,8,1.0,3.0,2.0,14.0,10.0,4.0,8.0,8.0,1.0,2.0,2.0,0.0,0.0
EPL_2023,16/09/2023,36,31,2.0,1.0,0.0,28.0,7.0,10.0,5.0,15.0,2.0,6.0,5.0,0.0,1.0
EPL_2023,16/09/2023,39,22,1.0,3.0,2.0,6.0,29.0,3.0,15.0,4.0,11.0,3.0,2.0,0.0,0.0
EPL_2023,16/09/2023,25,7,1.0,0.0,0.0,9.0,11.0,2.0,2.0,8.0,3.0,3.0,5.0,0.0,0.0
EPL_2023,17/09/2023,6,11,0.0,0.0,1.0,13.0,14.0,4.0,6.0,1.0,7.0,1.0,5.0,0.0,0.0
EPL_2023,17/09/2023,13,0,0.0,1.0,2.0,8.0,13.0,1.0,4.0,1.0,11.0,1.0,1.0,0.0,0.0
EPL_2023,18/09/2023,27,9,1.0,1.0,1.0,14.0,10.0,4.0,3.0,5.0,4.0,2.0,3.0,0.0,1.0
EPL_2023,23/09/2023,12,14,0.0,0.0,1.0,7.0,10.0,3.0,5.0,3.0,2.0,3.0,2.0,0.0,0.0
EPL_2023,23/09/2023,21,41,1.0,1.0,1.0,20.0,3.0,4.0,3.0,10.0,1.0,0.0,2.0,0.0,1.0
EPL_2023,23/09/2023,22,27,2.0,0.0,0.0,7.0,10.0,4.0,3.0,6.0,6.0,3.0,7.0,1.0,0.0
EPL_2023,23/09/2023,7,13,1.0,3.0,2.0,12.0,18.0,2.0,6.0,1.0,4.0,2.0,2.0,0.0,0.0
EPL_2023,23/09/2023,9,23,0.0,1.0,2.0,12.0,11.0,4.0,4.0,9.0,5.0,1.0,2.0,0.0,0.0
EPL_2023,24/09/2023,0,36,2.0,2.0,1.0,13.0,13.0,6.0,5.0,11.0,4.0,3.0,4.0,0.0,0.0
EPL_2023,24/09/2023,8,6,3.0,1.0,0.0,13.0,12.0,4.0,4.0,4.0,4.0,3.0,3.0,0.0,0.0
EPL_2023,24/09/2023,11,1,0.0,1.0,2.0,10.0,15.0,4.0,7.0,5.0,11.0,2.0,3.0,0.0,0.0
EPL_2023,24/09/2023,20,39,3.0,1.0,0.0,22.0,11.0,7.0,4.0,7.0,4.0,0.0,2.0,0.0,0.0
EPL_2023,24/09/2023,31,25,0.0,8.0,2.0,9.0,22.0,1.0,15.0,2.0,6.0,3.0,0.0,0.0,0.0
EPL_2023,30/09/2023,1,8,6.0,1.0,0.0,19.0,11.0,9.0,3.0,1.0,3.0,4.0,4.0,0.0,0.0
EPL_2023,30/09/2023,6,0,0.0,4.0,2.0,8.0,15.0,1.0,8.0,6.0,6.0,0.0,1.0,0.0,0.0
EPL_2023,30/09/2023,13,21,1.0,2.0,2.0,23.0,9.0,5.0,2.0,3.0,6.0,0.0,1.0,0.0,0.0
EPL_2023,30/09/2023,23,12,0.0,1.0,2.0,19.0,8.0,4.0,2.0,10.0,4.0,3.0,2.0,0.0,0.0
EPL_2023,30/09/2023,25,9,2.0,0.0,0.0,20.0,8.0,8.0,2.0,5.0,3.0,1.0,3.0,0.0,0.0
EPL_2023,30/09/2023,39,31,2.0,0.0,0.0,20.0,16.0,9.0,2.0,7.0,4.0,1.0,1.0,0.0,0.0
EPL_2023,30/09/2023,41,22,2.0,1.0,0.0,3.0,23.0,1.0,8.0,0.0,6.0,5.0,4.0,0.0,0.0
EPL_2023,30/09/2023,36,20,2.0,1.0,0.0,24.0,12.0,8.0,4.0,12.0,5.0,5.0,4.0,0.0,2.0
EPL_2023,01/10/2023,27,7,1.0,1.0,1.0,6.0,18.0,1.0,5.0,1.0,11.0,1.0,2.0,1.0,0.0
EPL_2023,02/10/2023,14,11,0.0,2.0,2.0,10.0,11.0,3.0,4.0,8.0,1.0,1.0,4.0,0.0,0.0
EPL_2023,03/10/2023,21,9,1.0,2.0,2.0,18.0,14.0,3.0,4.0,7.0,6.0,4.0,2.0,0.0,0.0
EPL_2023,07/10/2023,21,36,0.0,1.0,2.0,12.0,15.0,2.0,4.0,5.0,6.0,2.0,1.0,0.0,1.0
EPL_2023,07/10/2023,9,11,1.0,4.0,2.0,10.0,9.0,3.0,5.0,7.0,3.0,2.0,4.0,0.0,0.0
EPL_2023,07/10/2023,13,6,3.0,0.0,0.0,25.0,11.0,8.0,4.0,8.0,7.0,1.0,2.0,0.0,0.0
EPL_2023,07/10/2023,14,31,3.0,1.0,0.0,20.0,5.0,6.0,2.0,9.0,4.0,1.0,2.0,0.0,0.0
EPL_2023,07/10/2023,23,7,2.0,1.0,0.0,21.0,11.0,8.0,3.0,7.0,5.0,0.0,5.0,0.0,0.0
EPL_2023,07/10/2023,12,27,0.0,0.0,1.0,8.0,16.0,2.0,5.0,3.0,7.0,0.0,1.0,0.0,0.0
EPL_2023,08/10/2023,8,20,2.0,2.0,1.0,14.0,14.0,3.0,4.0,8.0,1.0,1.0,2.0,0.0,0.0
EPL_2023,08/10/2023,39,25,2.0,2.0,1.0,5.0,10.0,3.0,3.0,4.0,2.0,3.0,3.0,0.0,0.0
EPL_2023,08/10/2023,41,1,1.0,1.0,1.0,8.0,18.0,3.0,4.0,2.0,10.0,2.0,2.0,1.0,0.0
EPL_2023,08/10/2023,0,22,1.0,0.0,0.0,12.0,4.0,2.0,1.0,5.0,4.0,2.0,3.0,0.0,0.0
EPL_2023,21/10/2023,20,13,2.0,0.0,0.0,26.0,6.0,6.0,1.0,12.0,4.0,1.0,1.0,0.0,1.0
EPL_2023,21/10/2023,6,41,1.0,2.0,2.0,7.0,20.0,4.0,7.0,3.0,12.0,2.0,6.0,1.0,0.0
EPL_2023,21/10/2023,7,9,3.0,0.0,0.0,23.0,6.0,10.0,1.0,5.0,5.0,5.0,2.0,0.0,1.0
EPL_2023,21/10/2023,22,8,2.0,1.0,0.0,10.0,5.0,6.0,3.0,2.0,2.0,2.0,2.0,1.0,0.0
EPL_2023,21/10/2023,25,12,4.0,0.0,0.0,10.0,17.0,7.0,3.0,6.0,8.0,2.0,3.0,0.0,0.0
EPL_2023,21/10/2023,27,21,2.0,2.0,1.0,19.0,13.0,8.0,4.0,4.0,2.0,3.0,0.0,0.0,0.0
EPL_2023,21/10/2023,11,0,2.0,2.0,1.0,11.0,13.0,5.0,3.0,2.0,7.0,3.0,3.0,0.0,0.0
EPL_2023,21/10/2023,31,23,1.0,2.0,2.0,12.0,14.0,6.0,5.0,5.0,4.0,3.0,1.0,0.0,0.0
EPL_2023,22/10/2023,1,39,4.0,1.0,0.0,15.0,14.0,7.0,4.0,8.0,7.0,0.0,1.0,0.0,0.0
EPL_2023,23/10/2023,36,14,2.0,0.0,0.0,15.0,10.0,5.0,3.0,3.0,5.0,2.0,0.0,0.0,0.0
EPL_2023,27/10/2023,12,36,1.0,2.0,2.0,13.0,10.0,3.0,1.0,11.0,2.0,2.0,1.0,0.0,0.0
EPL_2023,28/10/2023,11,7,0.0,2.0,2.0,17.0,7.0,2.0,5.0,10.0,1.0,1.0,4.0,0.0,0.0
EPL_2023,28/10/2023,0,31,5.0,0.0,0.0,13.0,2.0,8.0,0.0,6.0,1.0,0.0,3.0,0.0,0.0
EPL_2023,28/10/2023,6,9,2.0,1.0,0.0,13.0,6.0,6.0,3.0,10.0,5.0,2.0,3.0,0.0,0.0
EPL_2023,28/10/2023,41,25,2.0,2.0,1.0,11.0,13.0,6.0,5.0,8.0,7.0,1.0,4.0,0.0,0.0
EPL_2023,29/10/2023,39,13,0.0,1.0,2.0,12.0,10.0,2.0,4.0,4.0,3.0,4.0,1.0,0.0,0.0
EPL_2023,29/10/2023,1,21,3.0,1.0,0.0,17.0,7.0,6.0,1.0,6.0,4.0,3.0,2.0,0.0,0.0
EPL_2023,29/10/2023,8,14,1.0,1.0,1.0,18.0,10.0,7.0,5.0,7.0,3.0,0.0,3.0,0.0,0.0
EPL_2023,29/10/2023,20,27,3.0,0.0,0.0,21.0,9.0,8.0,1.0,8.0,3.0,2.0,3.0,0.0,0.0
EPL_2023,29/10/2023,23,22,0.0,3.0,2.0,7.0,21.0,3.0,10.0,7.0,12.0,4.0,1.0,0.0,0.0
EPL_2023,04/11/2023,14,23,0.0,1.0,2.0,18.0,12.0,3.0,5.0,9.0,4.0,5.0,2.0,0.0,0.0
EPL_2023,04/11/2023,7,39,3.0,2.0,0.0,16.0,12.0,4.0,2.0,4.0,3.0,1.0,4.0,0.0,0.0
EPL_2023,04/11/2023,9,12,0.0,2.0,2.0,17.0,4.0,5.0,3.0,12.0,1.0,0.0,5.0,0.0,0.0
EPL_2023,04/11/2023,13,8,1.0,1.0,1.0,10.0,7.0,4.0,2.0,3.0,3.0,4.0,2.0,0.0,0.0
EPL_2023,04/11/2023,22,6,6.0,1.0,0.0,21.0,5.0,8.0,1.0,12.0,1.0,0.0,1.0,0.0,0.0
EPL_2023,04/11/2023,31,41,2.0,1.0,0.0,11.0,10.0,2.0,3.0,4.0,4.0,2.0,3.0,0.0,0.0
EPL_2023,04/11/2023,25,0,1.0,0.0,0.0,9.0,14.0,2.0,1.0,0.0,11.0,5.0,1.0,0.0,0.0
EPL_2023,05/11/2023,27,1,2.0,0.0,0.0,5.0,13.0,3.0,3.0,0.0,10.0,1.0,1.0,0.0,0.0
EPL_2023,05/11/2023,21,20,1.0,1.0,1.0,8.0,24.0,5.0,6.0,4.0,7.0,1.0,1.0,0.0,0.0
EPL_2023,06/11/2023,36,11,1.0,4.0,2.0,8.0,17.0,5.0,8.0,1.0,6.0,1.0,5.0,2.0,0.0
EPL_2023,11/11/2023,41,36,2.0,1.0,0.0,17.0,6.0,4.0,2.0,11.0,3.0,4.0,3.0,0.0,0.0
EPL_2023,11/11/2023,0,9,3.0,1.0,0.0,16.0,8.0,6.0,5.0,3.0,3.0,0.0,1.0,1.0,0.0
EPL_2023,11/11/2023,12,13,2.0,3.0,2.0,13.0,8.0,4.0,4.0,9.0,2.0,1.0,4.0,0.0,0.0
EPL_2023,11/11/2023,23,21,1.0,0.0,0.0,15.0,10.0,4.0,4.0,11.0,3.0,0.0,2.0,0.0,0.0
EPL_2023,11/11/2023,6,25,2.0,0.0,0.0,19.0,8.0,10.0,5.0,6.0,5.0,2.0,1.0,0.0,0.0
EPL_2023,12/11/2023,1,14,3.0,1.0,0.0,12.0,9.0,6.0,5.0,2.0,2.0,2.0,5.0,0.0,0.0
EPL_2023,12/11/2023,8,31,1.0,1.0,1.0,11.0,9.0,6.0,1.0,6.0,3.0,3.0,2.0,1.0,0.0
EPL_2023,12/11/2023,20,7,3.0,0.0,0.0,17.0,16.0,10.0,3.0,6.0,8.0,1.0,2.0,0.0,0.0
EPL_2023,12/11/2023,39,27,3.0,2.0,0.0,16.0,10.0,6.0,5.0,9.0,4.0,2.0,2.0,0.0,0.0
EPL_2023,12/11/2023,11,22,4.0,4.0,1.0,17.0,15.0,9.0,10.0,3.0,3.0,5.0,3.0,0.0,0.0
EPL_2023,25/11/2023,22,20,1.0,1.0,1.0,16.0,8.0,5.0,3.0,9.0,6.0,1.0,3.0,0.0,0.0
EPL_2023,25/11/2023,9,39,1.0,2.0,2.0,11.0,11.0,5.0,3.0,4.0,5.0,1.0,3.0,0.0,0.0
EPL_2023,25/11/2023,21,12,2.0,1.0,0.0,8.0,16.0,3.0,8.0,4.0,5.0,6.0,1.0,0.0,0.0
EPL_2023,25/11/2023,25,11,4.0,1.0,0.0,14.0,7.0,5.0,4.0,4.0,2.0,4.0,4.0,0.0,1.0
EPL_2023,25/11/2023,27,8,2.0,3.0,2.0,18.0,11.0,5.0,5.0,6.0,4.0,2.0,4.0,0.0,1.0
EPL_2023,25/11/2023,31,6,1.0,3.0,2.0,10.0,23.0,2.0,11.0,4.0,7.0,4.0,1.0,0.0,0.0
EPL_2023,25/11/2023,7,0,0.0,1.0,2.0,9.0,15.0,3.0,4.0,1.0,8.0,1.0,1.0,0.0,0.0
EPL_2023,26/11/2023,36,1,1.0,2.0,2.0,18.0,15.0,8.0,5.0,9.0,3.0,0.0,4.0,0.0,0.0
EPL_2023,26/11/2023,13,23,0.0,3.0,2.0,24.0,9.0,6.0,4.0,6.0,5.0,3.0,0.0,0.0,0.0
EPL_2023,27/11/2023,14,41,3.0,2.0,0.0,12.0,10.0,6.0,6.0,6.0,2.0,2.0,2.0,0.0,0.0
EPL_2023,02/12/2023,0,41,2.0,1.0,0.0,19.0,6.0,6.0,3.0,4.0,0.0,1.0,2.0,0.0,0.0
EPL_2023,02/12/2023,7,21,3.0,1.0,0.0,27.0,7.0,6.0,1.0,7.0,5.0,1.0,2.0,0.0,0.0
EPL_2023,02/12/2023,9,31,5.0,0.0,0.0,19.0,6.0,7.0,3.0,6.0,1.0,2.0,5.0,0.0,1.0
EPL_2023,02/12/2023,27,13,0.0,1.0,2.0,13.0,12.0,2.0,3.0,4.0,3.0,1.0,0.0,0.0,0.0
EPL_2023,02/12/2023,25,23,1.0,0.0,0.0,22.0,8.0,4.0,1.0,7.0,3.0,1.0,2.0,0.0,0.0
EPL_2023,03/12/2023,6,1,2.0,2.0,1.0,15.0,11.0,7.0,3.0,7.0,7.0,5.0,3.0,0.0,0.0
EPL_2023,03/12/2023,11,8,3.0,2.0,0.0,8.0,18.0,5.0,9.0,5.0,8.0,3.0,5.0,1.0,0.0
EPL_2023,03/12/2023,20,14,4.0,3.0,0.0,26.0,9.0,12.0,5.0,3.0,4.0,0.0,0.0,0.0,0.0
EPL_2023,03/12/2023,39,12,1.0,1.0,1.0,9.0,9.0,3.0,2.0,2.0,3.0,2.0,0.0,0.0,0.0
EPL_2023,03/12/2023,22,36,3.0,3.0,1.0,18.0,8.0,4.0,4.0,10.0,8.0,4.0,4.0,0.0,0.0
EPL_2023,05/12/2023,41,9,1.0,0.0,0.0,7.0,12.0,4.0,3.0,6.0,8.0,2.0,4.0,0.0,0.0
EPL_2023,05/12/2023,21,0,3.0,4.0,2.0,6.0,23.0,4.0,9.0,3.0,8.0,2.0,1.0,0.0,0.0
EPL_2023,06/12/2023,8,7,2.0,1.0,0.0,18.0,8.0,7.0,2.0,7.0,3.0,3.0,1.0,0.0,0.0
EPL_2023,06/12/2023,12,6,0.0,2.0,2.0,16.0,11.0,3.0,4.0,3.0,9.0,1.0,3.0,0.0,0.0
EPL_2023,06/12/2023,14,27,5.0,0.0,0.0,14.0,4.0,6.0,1.0,6.0,1.0,0.0,1.0,0.0,0.0
EPL_2023,06/12/2023,31,20,0.0,2.0,2.0,6.0,15.0,1.0,8.0,2.0,12.0,2.0,3.0,0.0,0.0
EPL_2023,06/12/2023,1,22,1.0,0.0,0.0,22.0,2.0,7.0,2.0,6.0,0.0,2.0,2.0,0.0,0.0
EPL_2023,06/12/2023,23,11,2.0,1.0,0.0,28.0,13.0,9.0,3.0,12.0,4.0,4.0,0.0,0.0,0.0
EPL_2023,07/12/2023,13,25,3.0,0.0,0.0,21.0,13.0,6.0,3.0,5.0,2.0,3.0,0.0,0.0,0.0
EPL_2023,07/12/2023,36,39,1.0,2.0,2.0,23.0,11.0,7.0,5.0,8.0,4.0,3.0,3.0,0.0,0.0
EPL_2023,09/12/2023,12,20,1.0,2.0,2.0,8.0,14.0,4.0,2.0,6.0,5.0,5.0,2.0,1.0,0.0
EPL_2023,09/12/2023,8,9,1.0,1.0,1.0,29.0,6.0,11.0,3.0,9.0,1.0,0.0,4.0,0.0,0.0
EPL_2023,09/12/2023,23,6,0.0,3.0,2.0,20.0,10.0,3.0,4.0,10.0,4.0,3.0,1.0,0.0,0.0
EPL_2023,09/12/2023,31,7,1.0,0.0,0.0,9.0,10.0,4.0,4.0,3.0,4.0,5.0,1.0,0.0,0.0
EPL_2023,09/12/2023,41,27,1.0,1.0,1.0,10.0,8.0,4.0,2.0,4.0,3.0,0.0,1.0,0.0,0.0
EPL_2023,09/12/2023,1,0,1.0,0.0,0.0,10.0,12.0,3.0,5.0,3.0,3.0,4.0,2.0,0.0,0.0
EPL_2023,10/12/2023,13,11,2.0,0.0,0.0,9.0,16.0,5.0,4.0,4.0,8.0,2.0,2.0,0.0,0.0
EPL_2023,10/12/2023,14,39,5.0,0.0,0.0,14.0,9.0,8.0,5.0,3.0,6.0,2.0,1.0,0.0,0.0
EPL_2023,10/12/2023,21,22,1.0,2.0,2.0,4.0,18.0,2.0,6.0,6.0,3.0,2.0,1.0,0.0,0.0
EPL_2023,10/12/2023,36,25,4.0,1.0,0.0,23.0,9.0,12.0,3.0,3.0,6.0,1.0,3.0,0.0,0.0
EPL_2023,15/12/2023,27,36,0.0,2.0,2.0,15.0,12.0,1.0,6.0,6.0,4.0,2.0,4.0,0.0,1.0
EPL_2023,16/12/2023,11,31,2.0,0.0,0.0,15.0,6.0,6.0,1.0,7.0,6.0,1.0,3.0,0.0,0.0
EPL_2023,16/12/2023,22,12,2.0,2.0,1.0,19.0,5.0,9.0,2.0,6.0,1.0,1.0,1.0,0.0,0.0
EPL_2023,16/12/2023,25,14,3.0,0.0,0.0,27.0,6.0,10.0,4.0,5.0,1.0,0.0,2.0,0.0,1.0
EPL_2023,16/12/2023,9,13,0.0,2.0,2.0,14.0,9.0,2.0,6.0,8.0,6.0,0.0,1.0,0.0,0.0
EPL_2023,17/12/2023,0,8,2.0,0.0,0.0,26.0,6.0,9.0,1.0,10.0,1.0,1.0,3.0,0.0,0.0
EPL_2023,17/12/2023,7,1,1.0,2.0,2.0,4.0,15.0,3.0,5.0,7.0,12.0,6.0,4.0,1.0,1.0
EPL_2023,17/12/2023,39,41,3.0,0.0,0.0,13.0,14.0,4.0,3.0,6.0,6.0,3.0,1.0,0.0,0.0
EPL_2023,17/12/2023,20,23,0.0,0.0,1.0,34.0,6.0,8.0,1.0,12.0,0.0,2.0,4.0,0.0,1.0
EPL_2023,21/12/2023,12,8,1.0,1.0,1.0,11.0,18.0,3.0,6.0,3.0,1.0,5.0,2.0,0.0,0.0
EPL_2023,22/12/2023,1,31,1.0,1.0,1.0,12.0,5.0,4.0,2.0,9.0,1.0,3.0,3.0,0.0,0.0
EPL_2023,23/12/2023,39,23,2.0,0.0,0.0,12.0,11.0,5.0,3.0,4.0,4.0,2.0,3.0,0.0,0.0
EPL_2023,23/12/2023,14,9,0.0,2.0,2.0,19.0,7.0,5.0,2.0,8.0,6.0,2.0,1.0,0.0,0.0
EPL_2023,23/12/2023,21,25,1.0,0.0,0.0,16.0,15.0,5.0,2.0,6.0,7.0,2.0,1.0,0.0,0.0
EPL_2023,23/12/2023,27,6,2.0,3.0,2.0,11.0,18.0,5.0,7.0,6.0,6.0,0.0,3.0,1.0,0.0
EPL_2023,23/12/2023,36,13,2.0,1.0,0.0,13.0,18.0,6.0,8.0,3.0,8.0,1.0,4.0,0.0,0.0
EPL_2023,23/12/2023,20,0,1.0,1.0,1.0,13.0,13.0,3.0,2.0,4.0,5.0,2.0,5.0,0.0,0.0
EPL_2023,24/12/2023,41,11,2.0,1.0,0.0,14.0,16.0,6.0,5.0,10.0,6.0,3.0,5.0,0.0,0.0
EPL_2023,26/12/2023,25,27,1.0,3.0,2.0,19.0,15.0,7.0,6.0,10.0,2.0,3.0,3.0,0.0,0.0
EPL_2023,26/12/2023,6,14,3.0,0.0,0.0,16.0,8.0,4.0,3.0,6.0,5.0,0.0,2.0,0.0,0.0
EPL_2023,26/12/2023,31,21,2.0,3.0,2.0,21.0,12.0,6.0,4.0,9.0,4.0,5.0,0.0,0.0,0.0
EPL_2023,26/12/2023,9,20,0.0,2.0,2.0,9.0,19.0,0.0,10.0,4.0,4.0,2.0,1.0,0.0,0.0
EPL_2023,26/12/2023,23,1,3.0,2.0,0.0,13.0,10.0,7.0,4.0,3.0,6.0,1.0,3.0,0.0,0.0
EPL_2023,27/12/2023,7,41,1.0,4.0,2.0,14.0,11.0,4.0,5.0,8.0,2.0,1.0,1.0,0.0,0.0
EPL_2023,27/12/2023,11,12,2.0,1.0,0.0,9.0,13.0,4.0,5.0,4.0,3.0,3.0,2.0,0.0,0.0
EPL_2023,27/12/2023,13,22,1.0,3.0,2.0,7.0,23.0,2.0,9.0,8.0,4.0,4.0,2.0,0.0,0.0
EPL_2023,28/12/2023,8,36,4.0,2.0,0.0,15.0,19.0,9.0,3.0,7.0,6.0,3.0,2.0,0.0,0.0
EPL_2023,28/12/2023,0,39,0.0,2.0,2.0,30.0,6.0,8.0,3.0,10.0,3.0,2.0,0.0,0.0,0.0
EPL_2023,30/12/2023,21,11,2.0,3.0,2.0,15.0,12.0,6.0,8.0,7.0,2.0,2.0,2.0,0.0,0.0
EPL_2023,30/12/2023,1,9,3.0,2.0,0.0,19.0,9.0,7.0,5.0,6.0,2.0,4.0,1.0,0.0,1.0
EPL_2023,30/12/2023,12,7,3.0,1.0,0.0,13.0,9.0,6.0,4.0,7.0,4.0,0.0,1.0,0.0,0.0
EPL_2023,30/12/2023,22,31,2.0,0.0,0.0,18.0,4.0,4.0,2.0,12.0,2.0,1.0,1.0,0.0,0.0
EPL_2023,30/12/2023,41,13,3.0,0.0,0.0,12.0,10.0,6.0,0.0,5.0,2.0,2.0,3.0,0.0,0.0
EPL_2023,30/12/2023,27,23,2.0,1.0,0.0,8.0,10.0,2.0,5.0,4.0,5.0,2.0,4.0,0.0,0.0
EPL_2023,31/12/2023,14,0,2.0,1.0,0.0,15.0,13.0,4.0,3.0,5.0,4.0,4.0,1.0,0.0,0.0
EPL_2023,31/12/2023,36,6,3.0,1.0,0.0,12.0,24.0,6.0,4.0,4.0,13.0,3.0,3.0,0.0,0.0
EPL_2023,01/01/2024,20,25,4.0,2.0,0.0,34.0,5.0,15.0,3.0,7.0,3.0,3.0,5.0,0.0,0.0
EPL_2023,02/01/2024,39,8,0.0,0.0,1.0,6.0,22.0,2.0,8.0,2.0,0.0,1.0,0.0,0.0,0.0
EPL_2023,12/01/2024,9,21,1.0,1.0,1.0,13.0,14.0,7.0,5.0,2.0,8.0,1.0,0.0,0.0,0.0
EPL_2023,13/01/2024,11,14,1.0,0.0,0.0,17.0,14.0,3.0,4.0,6.0,4.0,5.0,1.0,0.0,0.0
EPL_2023,13/01/2024,25,22,2.0,3.0,2.0,12.0,27.0,5.0,11.0,3.0,13.0,1.0,2.0,0.0,0.0
EPL_2023,14/01/2024,13,1,0.0,0.0,1.0,10.0,16.0,2.0,5.0,4.0,5.0,1.0,4.0,0.0,0.0
EPL_2023,14/01/2024,23,36,2.0,2.0,1.0,9.0,16.0,2.0,6.0,8.0,13.0,2.0,1.0,0.0,0.0
EPL_2023,20/01/2024,0,12,5.0,0.0,0.0,21.0,12.0,6.0,5.0,6.0,7.0,0.0,0.0,0.0,0.0
EPL_2023,20/01/2024,7,27,3.0,2.0,0.0,11.0,12.0,5.0,3.0,6.0,4.0,1.0,3.0,0.0,0.0
EPL_2023,21/01/2024,31,39,2.0,2.0,1.0,21.0,16.0,6.0,5.0,4.0,1.0,3.0,1.0,1.0,1.0
EPL_2023,21/01/2024,6,20,0.0,4.0,2.0,11.0,14.0,1.0,7.0,8.0,5.0,1.0,2.0,0.0,0.0
EPL_2023,22/01/2024,8,41,0.0,0.0,1.0,11.0,8.0,4.0,3.0,8.0,2.0,1.0,4.0,0.0,0.0
EPL_2023,30/01/2024,27,0,1.0,2.0,2.0,9.0,19.0,3.0,3.0,2.0,11.0,0.0,1.0,0.0,0.0
EPL_2023,30/01/2024,14,13,0.0,0.0,1.0,25.0,21.0,6.0,4.0,15.0,6.0,1.0,2.0,0.0,0.0
EPL_2023,30/01/2024,21,8,4.0,0.0,0.0,18.0,9.0,8.0,2.0,7.0,4.0,2.0,2.0,0.0,0.0
EPL_2023,30/01/2024,12,31,3.0,2.0,0.0,12.0,9.0,4.0,5.0,11.0,1.0,1.0,4.0,0.0,0.0
EPL_2023,30/01/2024,1,25,1.0,3.0,2.0,12.0,14.0,6.0,5.0,8.0,7.0,4.0,1.0,0.0,0.0
EPL_2023,31/01/2024,22,9,3.0,1.0,0.0,14.0,8.0,4.0,3.0,7.0,3.0,2.0,2.0,0.0,0.0
EPL_2023,31/01/2024,36,7,3.0,2.0,0.0,19.0,9.0,5.0,5.0,5.0,3.0,2.0,3.0,0.0,0.0
EPL_2023,31/01/2024,20,11,4.0,1.0,0.0,28.0,4.0,13.0,3.0,8.0,1.0,2.0,4.0,0.0,0.0
EPL_2023,01/02/2024,39,6,1.0,1.0,1.0,9.0,9.0,3.0,4.0,1.0,5.0,1.0,3.0,0.0,0.0
EPL_2023,01/02/2024,41,23,3.0,4.0,2.0,16.0,21.0,7.0,8.0,4.0,5.0,2.0,5.0,0.0,0.0
EPL_2023,03/02/2024,13,36,2.0,2.0,1.0,14.0,9.0,5.0,6.0,9.0,5.0,3.0,0.0,0.0,0.0
EPL_2023,03/02/2024,8,12,4.0,1.0,0.0,13.0,7.0,6.0,5.0,3.0,2.0,1.0,3.0,0.0,0.0
EPL_2023,03/02/2024,9,14,2.0,2.0,1.0,12.0,15.0,4.0,7.0,2.0,13.0,2.0,2.0,0.0,0.0
EPL_2023,03/02/2024,25,21,4.0,4.0,1.0,19.0,11.0,6.0,8.0,8.0,2.0,2.0,2.0,0.0,0.0
EPL_2023,03/02/2024,31,1,0.0,5.0,2.0,10.0,14.0,5.0,10.0,3.0,4.0,1.0,0.0,0.0,0.0
EPL_2023,04/02/2024,6,27,1.0,1.0,1.0,9.0,8.0,2.0,6.0,11.0,6.0,3.0,2.0,1.0,0.0
EPL_2023,04/02/2024,11,41,2.0,4.0,2.0,15.0,14.0,6.0,7.0,10.0,1.0,3.0,2.0,0.0,0.0
EPL_2023,04/02/2024,23,39,3.0,0.0,0.0,12.0,22.0,5.0,3.0,5.0,8.0,0.0,1.0,0.0,0.0
EPL_2023,04/02/2024,0,20,3.0,1.0,0.0,15.0,10.0,7.0,1.0,2.0,4.0,6.0,2.0,0.0,1.0
EPL_2023,05/02/2024,7,22,1.0,3.0,2.0,9.0,25.0,3.0,15.0,8.0,13.0,1.0,0.0,0.0,0.0
EPL_2023,10/02/2024,22,13,2.0,0.0,0.0,19.0,5.0,3.0,1.0,9.0,0.0,0.0,2.0,0.0,0.0
EPL_2023,10/02/2024,14,6,3.0,1.0,0.0,7.0,25.0,6.0,4.0,1.0,14.0,1.0,2.0,0.0,0.0
EPL_2023,10/02/2024,20,9,3.0,1.0,0.0,25.0,9.0,10.0,4.0,9.0,3.0,3.0,2.0,0.0,0.0
EPL_2023,10/02/2024,21,31,1.0,3.0,2.0,20.0,7.0,5.0,3.0,13.0,1.0,1.0,2.0,0.0,0.0
EPL_2023,10/02/2024,36,8,2.0,1.0,0.0,16.0,6.0,6.0,3.0,9.0,6.0,2.0,3.0,0.0,0.0
EPL_2023,10/02/2024,41,7,0.0,2.0,2.0,17.0,9.0,5.0,6.0,7.0,4.0,2.0,3.0,0.0,0.0
EPL_2023,10/02/2024,27,25,2.0,3.0,2.0,13.0,7.0,3.0,5.0,4.0,4.0,1.0,2.0,0.0,0.0
EPL_2023,11/02/2024,39,0,0.0,6.0,2.0,5.0,25.0,1.0,12.0,2.0,6.0,4.0,0.0,0.0,0.0
EPL_2023,11/02/2024,1,23,1.0,2.0,2.0,23.0,17.0,10.0,5.0,10.0,8.0,3.0,2.0,0.0,0.0
EPL_2023,12/02/2024,12,11,1.0,3.0,2.0,13.0,14.0,4.0,5.0,1.0,7.0,2.0,2.0,0.0,0.0
EPL_2023,17/02/2024,7,20,1.0,4.0,2.0,15.0,15.0,6.0,8.0,1.0,6.0,2.0,1.0,0.0,0.0
EPL_2023,17/02/2024,9,0,0.0,5.0,2.0,8.0,16.0,0.0,7.0,4.0,6.0,2.0,1.0,0.0,0.0
EPL_2023,17/02/2024,14,1,1.0,2.0,2.0,15.0,12.0,4.0,3.0,4.0,4.0,5.0,2.0,0.0,0.0
EPL_2023,17/02/2024,25,6,2.0,2.0,1.0,17.0,12.0,5.0,7.0,4.0,2.0,1.0,3.0,0.0,0.0
EPL_2023,17/02/2024,27,39,2.0,0.0,0.0,19.0,10.0,8.0,3.0,5.0,3.0,4.0,4.0,0.0,1.0
EPL_2023,17/02/2024,36,41,1.0,2.0,2.0,15.0,12.0,4.0,7.0,10.0,4.0,0.0,1.0,0.0,0.0
EPL_2023,17/02/2024,22,11,1.0,1.0,1.0,31.0,9.0,5.0,6.0,12.0,1.0,1.0,3.0,0.0,0.0
EPL_2023,18/02/2024,31,8,0.0,5.0,2.0,6.0,24.0,1.0,10.0,5.0,10.0,1.0,4.0,1.0,0.0
EPL_2023,18/02/2024,21,23,1.0,2.0,2.0,22.0,21.0,4.0,9.0,8.0,6.0,3.0,5.0,0.0,0.0
EPL_2023,19/02/2024,13,12,1.0,1.0,1.0,19.0,10.0,4.0,4.0,3.0,6.0,0.0,2.0,0.0,0.0
EPL_2023,20/02/2024,22,7,1.0,0.0,0.0,25.0,6.0,11.0,2.0,10.0,1.0,2.0,4.0,0.0,0.0
EPL_2023,21/02/2024,20,21,4.0,1.0,0.0,29.0,12.0,13.0,3.0,13.0,4.0,1.0,4.0,0.0,0.0
EPL_2023,24/02/2024,1,27,4.0,2.0,0.0,16.0,10.0,6.0,3.0,7.0,2.0,1.0,2.0,0.0,0.0
EPL_2023,24/02/2024,8,13,1.0,1.0,1.0,23.0,6.0,7.0,3.0,11.0,3.0,2.0,3.0,1.0,0.0
EPL_2023,24/02/2024,12,9,3.0,0.0,0.0,15.0,2.0,6.0,0.0,12.0,3.0,3.0,1.0,0.0,1.0
EPL_2023,24/02/2024,23,14,1.0,2.0,2.0,21.0,17.0,9.0,5.0,10.0,9.0,2.0,5.0,0.0,0.0
EPL_2023,24/02/2024,6,22,0.0,1.0,2.0,13.0,15.0,4.0,6.0,3.0,8.0,2.0,2.0,0.0,0.0
EPL_2023,24/02/2024,0,25,4.0,1.0,0.0,18.0,3.0,8.0,2.0,9.0,0.0,1.0,0.0,0.0,0.0
EPL_2023,25/02/2024,41,31,1.0,0.0,0.0,13.0,12.0,2.0,4.0,5.0,6.0,2.0,1.0,0.0,0.0
EPL_2023,26/02/2024,39,7,4.0,2.0,0.0,17.0,14.0,6.0,8.0,1.0,7.0,1.0,2.0,0.0,0.0
EPL_2023,02/03/2024,7,11,2.0,2.0,1.0,14.0,17.0,5.0,6.0,0.0,6.0,3.0,1.0,0.0,0.0
EPL_2023,02/03/2024,13,39,1.0,3.0,2.0,22.0,12.0,11.0,5.0,4.0,5.0,1.0,2.0,0.0,0.0
EPL_2023,02/03/2024,14,8,3.0,0.0,0.0,12.0,15.0,5.0,5.0,2.0,6.0,1.0,2.0,0.0,0.0
EPL_2023,02/03/2024,25,41,3.0,0.0,0.0,14.0,12.0,7.0,3.0,3.0,5.0,0.0,1.0,0.0,0.0
EPL_2023,02/03/2024,27,20,0.0,1.0,2.0,8.0,22.0,2.0,2.0,3.0,12.0,2.0,2.0,0.0,0.0
EPL_2023,02/03/2024,36,12,3.0,1.0,0.0,14.0,4.0,6.0,1.0,11.0,1.0,1.0,2.0,0.0,0.0
EPL_2023,02/03/2024,21,1,2.0,3.0,2.0,13.0,12.0,5.0,8.0,8.0,6.0,1.0,4.0,0.0,0.0
EPL_2023,03/03/2024,9,6,0.0,2.0,2.0,20.0,10.0,6.0,3.0,7.0,2.0,2.0,4.0,0.0,0.0
EPL_2023,03/03/2024,22,23,3.0,1.0,0.0,27.0,3.0,8.0,1.0,15.0,2.0,0.0,1.0,0.0,0.0
EPL_2023,04/03/2024,31,0,0.0,6.0,2.0,4.0,22.0,0.0,10.0,0.0,7.0,1.0,0.0,0.0,0.0
EPL_2023,09/03/2024,23,13,2.0,0.0,0.0,15.0,23.0,8.0,6.0,5.0,8.0,1.0,2.0,0.0,0.0
EPL_2023,09/03/2024,6,31,2.0,2.0,1.0,32.0,13.0,12.0,9.0,10.0,3.0,3.0,5.0,0.0,0.0
EPL_2023,09/03/2024,12,21,1.0,1.0,1.0,21.0,8.0,4.0,2.0,8.0,6.0,2.0,3.0,0.0,0.0
EPL_2023,09/03/2024,41,14,2.0,1.0,0.0,8.0,23.0,3.0,6.0,3.0,4.0,2.0,2.0,0.0,0.0
EPL_2023,09/03/2024,0,7,2.0,1.0,0.0,17.0,9.0,6.0,4.0,10.0,4.0,2.0,4.0,0.0,0.0
EPL_2023,10/03/2024,1,36,0.0,4.0,2.0,10.0,9.0,1.0,5.0,6.0,4.0,0.0,2.0,1.0,0.0
EPL_2023,10/03/2024,8,27,1.0,0.0,0.0,10.0,9.0,3.0,4.0,6.0,3.0,4.0,4.0,0.0,0.0
EPL_2023,10/03/2024,39,9,2.0,2.0,1.0,22.0,11.0,4.0,4.0,4.0,4.0,2.0,4.0,0.0,0.0
EPL_2023,10/03/2024,20,22,1.0,1.0,1.0,19.0,10.0,6.0,6.0,7.0,4.0,0.0,3.0,0.0,0.0
EPL_2023,11/03/2024,11,25,3.0,2.0,0.0,12.0,11.0,8.0,3.0,0.0,4.0,3.0,1.0,0.0,0.0
EPL_2023,13/03/2024,6,21,4.0,3.0,0.0,24.0,8.0,10.0,4.0,11.0,3.0,1.0,2.0,0.0,0.0
EPL_2023,16/03/2024,9,7,2.0,1.0,0.0,17.0,9.0,6.0,5.0,5.0,4.0,2.0,4.0,0.0,1.0
EPL_2023,16/03/2024,21,27,1.0,1.0,1.0,10.0,16.0,4.0,6.0,6.0,7.0,1.0,2.0,0.0,0.0
EPL_2023,16/03/2024,14,36,3.0,0.0,0.0,16.0,14.0,7.0,5.0,4.0,5.0,2.0,3.0,0.0,0.0
EPL_2023,17/03/2024,39,1,1.0,1.0,1.0,13.0,13.0,5.0,5.0,7.0,11.0,3.0,3.0,0.0,0.0
EPL_2023,30/03/2024,25,39,4.0,3.0,0.0,24.0,10.0,9.0,4.0,3.0,4.0,1.0,1.0,1.0,0.0
EPL_2023,30/03/2024,6,13,2.0,1.0,0.0,11.0,7.0,4.0,3.0,9.0,8.0,1.0,2.0,0.0,0.0
EPL_2023,30/03/2024,11,9,2.0,2.0,1.0,33.0,18.0,13.0,7.0,12.0,4.0,2.0,2.0,0.0,1.0
EPL_2023,30/03/2024,27,12,1.0,1.0,1.0,12.0,10.0,5.0,3.0,4.0,6.0,1.0,1.0,0.0,0.0
EPL_2023,30/03/2024,31,14,3.0,3.0,1.0,8.0,24.0,4.0,9.0,2.0,15.0,4.0,1.0,0.0,0.0
EPL_2023,30/03/2024,36,21,2.0,1.0,0.0,17.0,7.0,4.0,3.0,3.0,6.0,2.0,4.0,0.0,0.0
EPL_2023,30/03/2024,1,41,2.0,0.0,0.0,11.0,13.0,5.0,3.0,5.0,4.0,3.0,4.0,0.0,0.0
EPL_2023,30/03/2024,7,23,1.0,1.0,1.0,31.0,11.0,5.0,5.0,14.0,4.0,2.0,2.0,0.0,0.0
EPL_2023,31/03/2024,20,8,2.0,1.0,0.0,30.0,9.0,8.0,3.0,8.0,4.0,5.0,3.0,0.0,0.0
EPL_2023,31/03/2024,22,0,0.0,0.0,1.0,12.0,6.0,1.0,2.0,7.0,4.0,0.0,2.0,0.0,0.0
EPL_2023,02/04/2024,25,13,1.0,1.0,1.0,18.0,10.0,6.0,3.0,7.0,3.0,0.0,3.0,0.0,0.0
EPL_2023,02/04/2024,27,14,3.0,1.0,0.0,16.0,18.0,4.0,3.0,3.0,8.0,0.0,0.0,0.0,0.0
EPL_2023,02/04/2024,6,12,1.0,0.0,0.0,11.0,3.0,6.0,2.0,9.0,2.0,3.0,2.0,0.0,0.0
EPL_2023,02/04/2024,9,41,1.0,1.0,1.0,13.0,8.0,6.0,2.0,7.0,4.0,0.0,2.0,0.0,0.0
EPL_2023,02/04/2024,39,36,1.0,1.0,1.0,11.0,13.0,4.0,4.0,9.0,5.0,1.0,4.0,0.0,0.0
EPL_2023,03/04/2024,0,21,2.0,0.0,0.0,13.0,5.0,4.0,1.0,3.0,1.0,1.0,1.0,0.0,0.0
EPL_2023,03/04/2024,7,8,0.0,0.0,1.0,5.0,24.0,2.0,6.0,1.0,5.0,1.0,1.0,0.0,0.0
EPL_2023,03/04/2024,22,1,4.0,1.0,0.0,25.0,8.0,11.0,3.0,2.0,3.0,1.0,2.0,0.0,0.0
EPL_2023,04/04/2024,20,31,3.0,1.0,0.0,29.0,8.0,9.0,3.0,13.0,1.0,0.0,1.0,0.0,0.0
EPL_2023,04/04/2024,11,23,4.0,3.0,0.0,28.0,19.0,10.0,5.0,12.0,3.0,3.0,0.0,0.0,0.0
EPL_2023,06/04/2024,12,22,2.0,4.0,2.0,7.0,18.0,4.0,8.0,2.0,9.0,1.0,1.0,0.0,0.0
EPL_2023,06/04/2024,1,7,3.0,3.0,1.0,11.0,8.0,3.0,3.0,11.0,3.0,2.0,2.0,0.0,0.0
EPL_2023,06/04/2024,13,9,1.0,0.0,0.0,12.0,6.0,3.0,1.0,3.0,5.0,2.0,1.0,0.0,1.0
EPL_2023,06/04/2024,14,25,0.0,1.0,2.0,14.0,12.0,4.0,5.0,14.0,3.0,1.0,2.0,0.0,0.0
EPL_2023,06/04/2024,21,6,2.0,1.0,0.0,19.0,8.0,9.0,1.0,7.0,2.0,0.0,0.0,0.0,0.0
EPL_2023,06/04/2024,41,39,1.0,2.0,2.0,14.0,11.0,7.0,4.0,4.0,4.0,5.0,2.0,0.0,0.0
EPL_2023,06/04/2024,8,0,0.0,3.0,2.0,10.0,20.0,2.0,7.0,8.0,7.0,1.0,2.0,0.0,0.0
EPL_2023,07/04/2024,23,20,2.0,2.0,1.0,9.0,28.0,5.0,7.0,6.0,11.0,5.0,2.0,0.0,0.0
EPL_2023,07/04/2024,31,11,2.0,2.0,1.0,11.0,6.0,6.0,3.0,7.0,6.0,4.0,2.0,0.0,0.0
EPL_2023,07/04/2024,36,27,3.0,1.0,0.0,17.0,13.0,7.0,6.0,12.0,2.0,2.0,3.0,0.0,0.0
EPL_2023,13/04/2024,25,36,4.0,0.0,0.0,18.0,11.0,5.0,2.0,16.0,3.0,0.0,4.0,0.0,0.0
EPL_2023,13/04/2024,7,31,2.0,0.0,0.0,9.0,8.0,5.0,2.0,3.0,6.0,3.0,1.0,0.0,0.0
EPL_2023,13/04/2024,9,8,1.0,1.0,1.0,11.0,20.0,3.0,8.0,4.0,5.0,1.0,2.0,0.0,0.0
EPL_2023,13/04/2024,22,21,5.0,1.0,0.0,33.0,4.0,13.0,2.0,12.0,1.0,1.0,0.0,0.0,0.0
EPL_2023,13/04/2024,27,41,2.0,2.0,1.0,18.0,11.0,9.0,4.0,10.0,1.0,2.0,3.0,0.0,0.0
EPL_2023,13/04/2024,6,23,2.0,2.0,1.0,20.0,8.0,5.0,2.0,7.0,2.0,4.0,0.0,0.0,0.0
EPL_2023,14/04/2024,20,12,0.0,1.0,2.0,21.0,8.0,6.0,5.0,11.0,1.0,1.0,1.0,0.0,0.0
EPL_2023,14/04/2024,39,14,0.0,2.0,2.0,15.0,18.0,4.0,10.0,8.0,3.0,1.0,2.0,0.0,0.0
EPL_2023,14/04/2024,0,1,0.0,2.0,2.0,18.0,11.0,4.0,2.0,4.0,6.0,3.0,1.0,0.0,0.0
EPL_2023,15/04/2024,11,13,6.0,0.0,0.0,14.0,10.0,10.0,2.0,4.0,8.0,1.0,4.0,0.0,0.0
EPL_2023,20/04/2024,21,7,1.0,5.0,2.0,6.0,21.0,3.0,9.0,4.0,9.0,1.0,2.0,0.0,0.0
EPL_2023,20/04/2024,31,9,1.0,4.0,2.0,18.0,16.0,11.0,9.0,11.0,2.0,1.0,0.0,0.0,0.0
EPL_2023,20/04/2024,41,0,0.0,2.0,2.0,5.0,24.0,3.0,9.0,1.0,2.0,3.0,2.0,0.0,0.0
EPL_2023,21/04/2024,13,27,2.0,0.0,0.0,7.0,8.0,4.0,3.0,6.0,4.0,3.0,2.0,0.0,0.0
EPL_2023,21/04/2024,1,6,3.0,1.0,0.0,14.0,14.0,4.0,6.0,8.0,4.0,1.0,3.0,0.0,0.0
EPL_2023,21/04/2024,12,39,5.0,2.0,0.0,18.0,4.0,7.0,1.0,4.0,0.0,3.0,2.0,0.0,0.0
EPL_2023,21/04/2024,14,20,1.0,3.0,2.0,12.0,14.0,5.0,7.0,1.0,4.0,3.0,0.0,0.0,0.0
EPL_2023,23/04/2024,0,11,5.0,0.0,0.0,27.0,7.0,10.0,1.0,4.0,2.0,2.0,2.0,0.0,0.0
EPL_2023,24/04/2024,41,6,0.0,1.0,2.0,15.0,21.0,4.0,6.0,8.0,12.0,4.0,1.0,0.0,1.0
EPL_2023,24/04/2024,12,25,2.0,0.0,0.0,20.0,7.0,7.0,2.0,7.0,2.0,3.0,3.0,0.0,0.0
EPL_2023,24/04/2024,13,20,2.0,0.0,0.0,16.0,23.0,6.0,7.0,4.0,13.0,0.0,3.0,0.0,0.0
EPL_2023,24/04/2024,23,31,4.0,2.0,0.0,25.0,10.0,13.0,4.0,9.0,4.0,0.0,1.0,0.0,0.0
EPL_2023,25/04/2024,8,22,0.0,4.0,2.0,7.0,14.0,3.0,6.0,4.0,4.0,2.0,0.0,0.0,0.0
EPL_2023,27/04/2024,39,20,2.0,2.0,1.0,11.0,28.0,8.0,8.0,5.0,8.0,0.0,2.0,0.0,0.0
EPL_2023,27/04/2024,14,12,1.0,1.0,1.0,9.0,14.0,2.0,4.0,5.0,9.0,0.0,2.0,0.0,0.0
EPL_2023,27/04/2024,23,9,1.0,1.0,1.0,27.0,16.0,10.0,7.0,6.0,5.0,1.0,3.0,0.0,0.0
EPL_2023,27/04/2024,25,31,5.0,1.0,0.0,20.0,15.0,7.0,5.0,4.0,5.0,0.0,0.0,0.0,0.0
EPL_2023,27/04/2024,41,21,2.0,1.0,0.0,13.0,9.0,5.0,6.0,4.0,4.0,3.0,1.0,0.0,0.0
EPL_2023,27/04/2024,13,7,1.0,0.0,0.0,18.0,10.0,1.0,4.0,6.0,6.0,1.0,2.0,0.0,0.0
EPL_2023,27/04/2024,1,11,2.0,2.0,1.0,9.0,21.0,4.0,5.0,2.0,4.0,3.0,5.0,0.0,0.0
EPL_2023,28/04/2024,6,8,3.0,0.0,0.0,15.0,13.0,6.0,1.0,8.0,2.0,2.0,2.0,0.0,0.0
EPL_2023,28/04/2024,36,0,2.0,3.0,2.0,14.0,9.0,2.0,3.0,8.0,6.0,2.0,1.0,0.0,0.0
EPL_2023,28/04/2024,27,22,0.0,2.0,2.0,14.0,11.0,2.0,5.0,4.0,5.0,0.0,0.0,0.0,0.0
EPL_2023,02/05/2024,11,36,2.0,0.0,0.0,16.0,19.0,5.0,3.0,4.0,9.0,0.0,1.0,0.0,0.0
EPL_2023,03/05/2024,21,13,1.0,1.0,1.0,18.0,10.0,5.0,3.0,8.0,7.0,1.0,3.0,0.0,0.0
EPL_2023,04/05/2024,0,6,3.0,0.0,0.0,25.0,7.0,9.0,2.0,6.0,1.0,2.0,3.0,0.0,0.0
EPL_2023,04/05/2024,7,14,0.0,0.0,1.0,7.0,15.0,3.0,3.0,7.0,6.0,1.0,1.0,0.0,0.0
EPL_2023,04/05/2024,9,25,1.0,4.0,2.0,17.0,23.0,5.0,11.0,4.0,11.0,2.0,2.0,0.0,0.0
EPL_2023,04/05/2024,31,27,1.0,3.0,2.0,17.0,15.0,5.0,4.0,5.0,3.0,0.0,1.0,1.0,0.0
EPL_2023,04/05/2024,22,41,5.0,1.0,0.0,20.0,2.0,12.0,1.0,6.0,0.0,0.0,4.0,0.0,0.0
EPL_2023,05/05/2024,8,1,1.0,0.0,0.0,15.0,2.0,8.0,1.0,7.0,3.0,2.0,1.0,0.0,0.0
EPL_2023,05/05/2024,11,39,5.0,0.0,0.0,25.0,13.0,14.0,2.0,8.0,6.0,1.0,3.0,0.0,0.0
EPL_2023,05/05/2024,20,36,4.0,2.0,0.0,25.0,11.0,13.0,6.0,8.0,3.0,1.0,4.0,0.0,0.0
EPL_2023,06/05/2024,12,23,4.0,0.0,0.0,18.0,7.0,10.0,2.0,6.0,3.0,1.0,1.0,0.0,0.0
EPL_2023,11/05/2024,14,22,0.0,4.0,2.0,1.0,16.0,1.0,9.0,1.0,7.0,1.0,0.0,1.0,0.0
EPL_2023,11/05/2024,6,7,1.0,2.0,2.0,13.0,11.0,4.0,5.0,3.0,8.0,2.0,2.0,0.0,0.0
EPL_2023,11/05/2024,13,31,1.0,0.0,0.0,15.0,13.0,6.0,1.0,3.0,6.0,1.0,2.0,0.0,0.0
EPL_2023,11/05/2024,25,8,1.0,1.0,1.0,18.0,15.0,7.0,4.0,8.0,4.0,3.0,4.0,0.0,0.0
EPL_2023,11/05/2024,36,9,2.0,1.0,0.0,21.0,7.0,9.0,3.0,9.0,3.0,3.0,5.0,0.0,0.0
EPL_2023,11/05/2024,39,21,3.0,1.0,0.0,24.0,4.0,8.0,1.0,7.0,6.0,1.0,3.0,0.0,0.0
EPL_2023,11/05/2024,41,12,1.0,3.0,2.0,13.0,13.0,7.0,3.0,8.0,3.0,3.0,2.0,0.0,1.0
EPL_2023,11/05/2024,27,11,2.0,3.0,2.0,20.0,12.0,4.0,5.0,5.0,6.0,2.0,3.0,0.0,0.0
EPL_2023,12/05/2024,23,0,0.0,1.0,2.0,14.0,11.0,2.0,5.0,4.0,7.0,0.0,2.0,0.0,0.0
EPL_2023,13/05/2024,1,20,3.0,3.0,1.0,19.0,14.0,5.0,7.0,5.0,4.0,1.0,1.0,0.0,0.0
EPL_2023,14/05/2024,36,22,0.0,2.0,2.0,10.0,8.0,5.0,5.0,7.0,4.0,3.0,3.0,0.0,0.0
EPL_2023,15/05/2024,8,11,1.0,2.0,2.0,12.0,13.0,2.0,6.0,4.0,6.0,2.0,2.0,0.0,1.0
EPL_2023,15/05/2024,23,25,3.0,2.0,0.0,17.0,21.0,8.0,8.0,9.0,9.0,3.0,3.0,0.0,0.0
EPL_2023,19/05/2024,0,13,2.0,1.0,0.0,26.0,5.0,5.0,2.0,8.0,1.0,4.0,3.0,0.0,0.0
EPL_2023,19/05/2024,7,25,2.0,4.0,2.0,10.0,12.0,5.0,7.0,3.0,0.0,4.0,4.0,0.0,0.0
EPL_2023,19/05/2024,8,23,0.0,2.0,2.0,17.0,11.0,3.0,4.0,7.0,5.0,1.0,3.0,0.0,0.0
EPL_2023,19/05/2024,9,27,1.0,2.0,2.0,20.0,12.0,3.0,6.0,4.0,3.0,1.0,0.0,0.0,0.0
EPL_2023,19/05/2024,11,6,2.0,1.0,0.0,16.0,22.0,6.0,5.0,6.0,5.0,2.0,3.0,0.0,0.0
EPL_2023,19/05/2024,12,1,5.0,0.0,0.0,15.0,8.0,9.0,2.0,2.0,4.0,1.0,4.0,0.0,0.0
EPL_2023,19/05/2024,20,41,2.0,0.0,0.0,36.0,4.0,14.0,3.0,10.0,2.0,1.0,1.0,0.0,1.0
EPL_2023,19/05/2024,21,14,2.0,4.0,2.0,15.0,15.0,6.0,7.0,4.0,4.0,5.0,4.0,0.0,0.0
EPL_2023,19/05/2024,22,39,3.0,1.0,0.0,28.0,3.0,12.0,2.0,11.0,2.0,0.0,1.0,0.0,0.0
EPL_2023,19/05/2024,31,36,0.0,3.0,2.0,6.0,18.0,1.0,9.0,2.0,6.0,2.0,0.0,0.0,0.0
EPL_2024,16/08/2024,23,14,1.0,0.0,0.0,14.0,10.0,5.0,2.0,7.0,8.0,2.0,3.0,0.0,0.0
EPL_2024,17/08/2024,17,20,0.0,2.0,2.0,7.0,18.0,2.0,5.0,2.0,10.0,3.0,1.0,0.0,0.0
EPL_2024,17/08/2024,0,41,2.0,0.0,0.0,18.0,9.0,6.0,3.0,8.0,2.0,2.0,2.0,0.0,0.0
EPL_2024,17/08/2024,13,8,0.0,3.0,2.0,9.0,10.0,1.0,5.0,1.0,5.0,1.0,1.0,1.0,0.0
EPL_2024,17/08/2024,25,32,1.0,0.0,0.0,3.0,19.0,1.0,4.0,3.0,12.0,2.0,4.0,1.0,0.0
EPL_2024,17/08/2024,27,6,1.0,1.0,1.0,14.0,13.0,8.0,4.0,2.0,6.0,1.0,3.0,0.0,0.0
EPL_2024,17/08/2024,39,1,1.0,2.0,2.0,14.0,15.0,3.0,3.0,5.0,3.0,1.0,2.0,0.0,0.0
EPL_2024,18/08/2024,7,12,2.0,1.0,0.0,9.0,14.0,5.0,6.0,4.0,7.0,1.0,5.0,0.0,0.0
EPL_2024,18/08/2024,11,22,0.0,2.0,2.0,10.0,11.0,3.0,5.0,4.0,3.0,1.0,1.0,0.0,0.0
EPL_2024,19/08/2024,19,36,1.0,1.0,1.0,7.0,15.0,3.0,7.0,2.0,13.0,1.0,1.0,0.0,0.0
EPL_2024,24/08/2024,8,23,2.0,1.0,0.0,14.0,11.0,5.0,4.0,4.0,4.0,1.0,2.0,0.0,0.0
EPL_2024,24/08/2024,12,39,0.0,2.0,2.0,14.0,18.0,2.0,3.0,3.0,3.0,1.0,1.0,0.0,0.0
EPL_2024,24/08/2024,14,19,2.0,1.0,0.0,18.0,10.0,6.0,4.0,7.0,5.0,2.0,2.0,0.0,0.0
EPL_2024,24/08/2024,22,17,4.0,1.0,0.0,14.0,1.0,5.0,1.0,10.0,1.0,2.0,3.0,0.0,0.0
EPL_2024,24/08/2024,32,27,0.0,1.0,2.0,5.0,23.0,1.0,8.0,4.0,10.0,3.0,3.0,0.0,0.0
EPL_2024,24/08/2024,36,13,4.0,0.0,0.0,13.0,10.0,7.0,1.0,12.0,5.0,0.0,0.0,0.0,0.0
EPL_2024,24/08/2024,1,0,0.0,2.0,2.0,11.0,9.0,3.0,4.0,4.0,1.0,1.0,3.0,0.0,0.0
EPL_2024,25/08/2024,6,25,1.0,1.0,1.0,16.0,14.0,4.0,5.0,8.0,9.0,2.0,2.0,0.0,0.0
EPL_2024,25/08/2024,41,11,2.0,6.0,2.0,12.0,14.0,4.0,8.0,5.0,5.0,2.0,3.0,0.0,0.0
EPL_2024,25/08/2024,20,7,2.0,0.0,0.0,19.0,8.0,8.0,2.0,9.0,4.0,2.0,3.0,0.0,0.0
EPL_2024,31/08/2024,0,8,1.0,1.0,1.0,11.0,22.0,7.0,4.0,3.0,7.0,3.0,2.0,1.0,0.0
EPL_2024,31/08/2024,7,32,3.0,1.0,0.0,20.0,18.0,7.0,6.0,2.0,8.0,2.0,1.0,0.0,0.0
EPL_2024,31/08/2024,13,6,2.0,3.0,2.0,18.0,17.0,8.0,7.0,8.0,4.0,2.0,1.0,0.0,0.0
EPL_2024,31/08/2024,17,14,1.0,1.0,1.0,11.0,9.0,4.0,4.0,8.0,6.0,2.0,3.0,0.0,0.0
EPL_2024,31/08/2024,19,1,1.0,2.0,2.0,9.0,10.0,3.0,5.0,1.0,4.0,4.0,5.0,0.0,0.0
EPL_2024,31/08/2024,27,41,1.0,1.0,1.0,16.0,11.0,5.0,3.0,7.0,3.0,3.0,4.0,0.0,0.0
EPL_2024,31/08/2024,39,22,1.0,3.0,2.0,10.0,23.0,2.0,8.0,3.0,11.0,3.0,2.0,0.0,0.0
EPL_2024,01/09/2024,11,12,1.0,1.0,1.0,13.0,9.0,7.0,3.0,4.0,5.0,4.0,2.0,0.0,0.0
EPL_2024,01/09/2024,25,36,2.0,1.0,0.0,9.0,20.0,3.0,6.0,7.0,12.0,4.0,4.0,0.0,0.0
EPL_2024,01/09/2024,23,20,0.0,3.0,2.0,8.0,11.0,3.0,3.0,5.0,2.0,4.0,1.0,0.0,0.0
EPL_2024,14/09/2024,32,23,0.0,3.0,2.0,6.0,20.0,4.0,10.0,0.0,7.0,1.0,4.0,1.0,0.0
EPL_2024,14/09/2024,8,17,0.0,0.0,1.0,21.0,6.0,6.0,1.0,9.0,2.0,4.0,3.0,0.0,0.0
EPL_2024,14/09/2024,12,19,2.0,2.0,1.0,20.0,9.0,4.0,4.0,5.0,2.0,0.0,3.0,0.0,0.0
EPL_2024,14/09/2024,14,39,1.0,1.0,1.0,21.0,11.0,5.0,3.0,3.0,2.0,2.0,3.0,0.0,0.0
EPL_2024,14/09/2024,20,27,0.0,1.0,2.0,14.0,5.0,5.0,3.0,7.0,2.0,4.0,4.0,0.0,0.0
EPL_2024,14/09/2024,22,7,2.0,1.0,0.0,18.0,8.0,7.0,5.0,12.0,3.0,3.0,1.0,0.0,0.0
EPL_2024,14/09/2024,1,13,3.0,2.0,0.0,17.0,6.0,8.0,2.0,6.0,2.0,1.0,4.0,0.0,0.0
EPL_2024,14/09/2024,6,11,0.0,1.0,2.0,19.0,10.0,7.0,3.0,6.0,3.0,6.0,8.0,0.0,0.0
EPL_2024,15/09/2024,36,0,0.0,1.0,2.0,15.0,7.0,5.0,4.0,7.0,6.0,5.0,3.0,0.0,0.0
EPL_2024,15/09/2024,41,25,1.0,2.0,2.0,12.0,14.0,5.0,6.0,4.0,7.0,3.0,3.0,0.0,0.0
EPL_2024,21/09/2024,39,11,0.0,3.0,2.0,15.0,12.0,7.0,5.0,6.0,5.0,5.0,2.0,0.0,0.0
EPL_2024,21/09/2024,1,41,3.0,1.0,0.0,9.0,10.0,4.0,4.0,6.0,5.0,3.0,6.0,0.0,0.0
EPL_2024,21/09/2024,14,25,3.0,1.0,0.0,22.0,15.0,11.0,4.0,6.0,0.0,6.0,0.0,0.0,0.0
EPL_2024,21/09/2024,19,13,1.0,1.0,1.0,12.0,16.0,2.0,5.0,6.0,1.0,1.0,2.0,0.0,0.0
EPL_2024,21/09/2024,20,6,3.0,0.0,0.0,19.0,19.0,13.0,6.0,3.0,9.0,1.0,4.0,0.0,0.0
EPL_2024,21/09/2024,32,17,1.0,1.0,1.0,11.0,13.0,3.0,6.0,2.0,10.0,4.0,4.0,0.0,0.0
EPL_2024,21/09/2024,36,7,3.0,1.0,0.0,23.0,6.0,10.0,6.0,9.0,4.0,3.0,1.0,0.0,0.0
EPL_2024,21/09/2024,12,23,0.0,0.0,1.0,9.0,15.0,4.0,6.0,4.0,11.0,3.0,1.0,0.0,0.0
EPL_2024,22/09/2024,8,27,2.0,2.0,1.0,14.0,4.0,3.0,3.0,9.0,1.0,3.0,4.0,0.0,1.0
EPL_2024,22/09/2024,22,0,2.0,2.0,1.0,33.0,5.0,11.0,3.0,8.0,2.0,3.0,4.0,0.0,1.0
EPL_2024,28/09/2024,25,22,1.0,1.0,1.0,11.0,16.0,4.0,6.0,5.0,6.0,4.0,4.0,0.0,0.0
EPL_2024,28/09/2024,0,19,4.0,2.0,0.0,36.0,5.0,16.0,3.0,17.0,0.0,2.0,4.0,0.0,0.0
EPL_2024,28/09/2024,7,39,1.0,1.0,1.0,8.0,19.0,3.0,3.0,7.0,7.0,2.0,3.0,0.0,0.0
EPL_2024,28/09/2024,11,8,4.0,2.0,0.0,15.0,15.0,7.0,5.0,8.0,2.0,3.0,2.0,0.0,0.0
EPL_2024,28/09/2024,13,12,2.0,1.0,0.0,8.0,17.0,2.0,5.0,5.0,8.0,2.0,1.0,0.0,0.0
EPL_2024,28/09/2024,27,14,0.0,1.0,2.0,11.0,14.0,1.0,2.0,6.0,5.0,2.0,4.0,0.0,0.0
EPL_2024,28/09/2024,41,20,1.0,2.0,2.0,8.0,10.0,3.0,6.0,2.0,10.0,2.0,3.0,0.0,0.0
EPL_2024,29/09/2024,17,1,2.0,2.0,1.0,15.0,7.0,5.0,3.0,10.0,0.0,4.0,1.0,0.0,0.0
EPL_2024,29/09/2024,23,36,0.0,3.0,2.0,11.0,24.0,2.0,10.0,5.0,3.0,5.0,3.0,1.0,0.0
EPL_2024,30/09/2024,6,32,3.0,1.0,0.0,14.0,9.0,6.0,3.0,7.0,4.0,2.0,5.0,0.0,0.0
EPL_2024,05/10/2024,12,20,0.0,1.0,2.0,9.0,16.0,5.0,4.0,3.0,8.0,4.0,2.0,0.0,0.0
EPL_2024,05/10/2024,0,32,3.0,1.0,0.0,29.0,8.0,6.0,2.0,13.0,1.0,0.0,3.0,0.0,0.0
EPL_2024,05/10/2024,7,41,5.0,3.0,0.0,19.0,17.0,12.0,6.0,10.0,3.0,2.0,3.0,0.0,0.0
EPL_2024,05/10/2024,19,6,1.0,0.0,0.0,6.0,17.0,2.0,2.0,0.0,9.0,4.0,1.0,0.0,0.0
EPL_2024,05/10/2024,22,14,3.0,2.0,0.0,20.0,11.0,7.0,4.0,8.0,3.0,2.0,1.0,0.0,0.0
EPL_2024,05/10/2024,39,17,4.0,1.0,0.0,23.0,9.0,13.0,2.0,5.0,5.0,0.0,1.0,0.0,0.0
EPL_2024,05/10/2024,13,25,0.0,0.0,1.0,8.0,14.0,2.0,3.0,0.0,10.0,1.0,2.0,0.0,0.0
EPL_2024,06/10/2024,1,23,0.0,0.0,1.0,11.0,10.0,1.0,4.0,6.0,3.0,1.0,5.0,0.0,0.0
EPL_2024,06/10/2024,11,27,1.0,1.0,1.0,22.0,16.0,8.0,9.0,11.0,3.0,6.0,2.0,0.0,1.0
EPL_2024,06/10/2024,8,36,3.0,2.0,0.0,11.0,13.0,4.0,3.0,4.0,7.0,2.0,2.0,0.0,0.0
EPL_2024,19/10/2024,36,39,4.0,1.0,0.0,22.0,11.0,7.0,4.0,13.0,5.0,1.0,3.0,0.0,1.0
EPL_2024,19/10/2024,14,1,1.0,3.0,2.0,10.0,14.0,4.0,5.0,6.0,11.0,3.0,3.0,1.0,1.0
EPL_2024,19/10/2024,17,13,0.0,2.0,2.0,13.0,11.0,2.0,8.0,5.0,8.0,1.0,1.0,0.0,0.0
EPL_2024,19/10/2024,23,7,2.0,1.0,0.0,23.0,8.0,11.0,2.0,9.0,2.0,2.0,2.0,0.0,0.0
EPL_2024,19/10/2024,25,8,0.0,1.0,2.0,21.0,10.0,6.0,5.0,9.0,4.0,2.0,2.0,0.0,0.0
EPL_2024,19/10/2024,32,19,2.0,3.0,2.0,14.0,18.0,7.0,4.0,10.0,6.0,5.0,3.0,1.0,0.0
EPL_2024,19/10/2024,6,0,2.0,0.0,0.0,13.0,6.0,4.0,1.0,7.0,4.0,1.0,1.0,0.0,1.0
EPL_2024,20/10/2024,41,22,1.0,2.0,2.0,3.0,22.0,2.0,7.0,1.0,18.0,4.0,1.0,0.0,0.0
EPL_2024,20/10/2024,20,11,2.0,1.0,0.0,9.0,12.0,5.0,2.0,1.0,6.0,4.0,3.0,0.0,0.0
EPL_2024,21/10/2024,27,12,1.0,0.0,0.0,20.0,20.0,6.0,7.0,6.0,6.0,2.0,3.0,0.0,0.0
EPL_2024,25/10/2024,19,27,1.0,3.0,2.0,11.0,20.0,1.0,5.0,6.0,7.0,5.0,2.0,0.0,0.0
EPL_2024,26/10/2024,1,6,1.0,1.0,1.0,18.0,11.0,8.0,3.0,9.0,7.0,7.0,6.0,0.0,0.0
EPL_2024,26/10/2024,7,17,4.0,3.0,0.0,20.0,11.0,9.0,5.0,5.0,5.0,0.0,1.0,0.0,1.0
EPL_2024,26/10/2024,8,41,2.0,2.0,1.0,19.0,14.0,6.0,7.0,9.0,6.0,3.0,3.0,0.0,0.0
EPL_2024,26/10/2024,22,32,1.0,0.0,0.0,22.0,5.0,8.0,2.0,12.0,1.0,1.0,3.0,0.0,0.0
EPL_2024,26/10/2024,13,14,1.0,1.0,1.0,10.0,14.0,5.0,3.0,4.0,2.0,1.0,0.0,0.0,0.0
EPL_2024,27/10/2024,11,25,2.0,1.0,0.0,17.0,11.0,7.0,3.0,7.0,4.0,6.0,3.0,0.0,0.0
EPL_2024,27/10/2024,12,36,1.0,0.0,0.0,14.0,11.0,6.0,3.0,8.0,8.0,4.0,4.0,0.0,0.0
EPL_2024,27/10/2024,39,23,2.0,1.0,0.0,12.0,18.0,3.0,5.0,6.0,5.0,5.0,1.0,0.0,0.0
EPL_2024,27/10/2024,0,20,2.0,2.0,1.0,9.0,9.0,3.0,4.0,1.0,3.0,2.0,2.0,0.0,0.0
EPL_2024,02/11/2024,25,0,1.0,0.0,0.0,9.0,10.0,4.0,1.0,4.0,6.0,4.0,4.0,0.0,0.0
EPL_2024,02/11/2024,6,22,2.0,1.0,0.0,12.0,18.0,6.0,4.0,3.0,10.0,2.0,1.0,0.0,0.0
EPL_2024,02/11/2024,17,19,1.0,1.0,1.0,14.0,20.0,2.0,6.0,4.0,6.0,4.0,2.0,1.0,0.0
EPL_2024,02/11/2024,20,8,2.0,1.0,0.0,16.0,13.0,8.0,5.0,10.0,7.0,1.0,1.0,0.0,0.0
EPL_2024,02/11/2024,27,39,3.0,0.0,0.0,19.0,4.0,6.0,2.0,11.0,6.0,1.0,2.0,0.0,1.0
EPL_2024,02/11/2024,32,13,1.0,0.0,0.0,9.0,16.0,2.0,5.0,3.0,6.0,4.0,2.0,0.0,0.0
EPL_2024,02/11/2024,41,12,2.0,2.0,1.0,11.0,19.0,6.0,7.0,3.0,6.0,1.0,2.0,0.0,0.0
EPL_2024,03/11/2024,36,1,4.0,1.0,0.0,16.0,12.0,6.0,1.0,6.0,4.0,2.0,0.0,0.0,0.0
EPL_2024,03/11/2024,23,11,1.0,1.0,1.0,11.0,12.0,4.0,3.0,4.0,8.0,6.0,2.0,0.0,0.0
EPL_2024,04/11/2024,14,7,2.0,1.0,0.0,26.0,5.0,12.0,2.0,11.0,3.0,2.0,1.0,0.0,0.0
EPL_2024,09/11/2024,7,6,3.0,2.0,0.0,12.0,15.0,6.0,3.0,6.0,4.0,2.0,4.0,0.0,0.0
EPL_2024,09/11/2024,12,14,0.0,2.0,2.0,13.0,17.0,5.0,7.0,1.0,8.0,1.0,1.0,1.0,0.0
EPL_2024,09/11/2024,39,13,0.0,0.0,1.0,11.0,18.0,6.0,4.0,7.0,6.0,1.0,2.0,0.0,0.0
EPL_2024,09/11/2024,41,32,2.0,0.0,0.0,8.0,9.0,4.0,0.0,1.0,9.0,1.0,4.0,0.0,0.0
EPL_2024,09/11/2024,8,22,2.0,1.0,0.0,10.0,15.0,4.0,6.0,0.0,4.0,3.0,3.0,0.0,0.0
EPL_2024,09/11/2024,20,1,2.0,0.0,0.0,14.0,12.0,5.0,2.0,2.0,9.0,0.0,3.0,0.0,0.0
EPL_2024,10/11/2024,23,19,3.0,0.0,0.0,13.0,6.0,3.0,5.0,1.0,5.0,0.0,1.0,0.0,0.0
EPL_2024,10/11/2024,27,25,1.0,3.0,2.0,9.0,17.0,3.0,6.0,4.0,5.0,1.0,1.0,0.0,0.0
EPL_2024,10/11/2024,36,17,1.0,2.0,2.0,17.0,8.0,5.0,3.0,12.0,2.0,1.0,5.0,0.0,0.0
EPL_2024,10/11/2024,11,0,1.0,1.0,1.0,17.0,13.0,3.0,3.0,4.0,3.0,4.0,2.0,0.0,0.0
EPL_2024,23/11/2024,19,11,1.0,2.0,2.0,4.0,16.0,1.0,7.0,2.0,9.0,4.0,3.0,0.0,0.0
EPL_2024,23/11/2024,0,27,3.0,0.0,0.0,19.0,7.0,7.0,0.0,8.0,1.0,3.0,2.0,0.0,0.0
EPL_2024,23/11/2024,1,12,2.0,2.0,1.0,17.0,13.0,5.0,6.0,10.0,1.0,3.0,2.0,0.0,0.0
EPL_2024,23/11/2024,6,8,1.0,2.0,2.0,19.0,6.0,5.0,4.0,7.0,0.0,2.0,2.0,0.0,1.0
EPL_2024,23/11/2024,13,7,0.0,0.0,1.0,27.0,9.0,5.0,2.0,10.0,4.0,0.0,0.0,0.0,1.0
EPL_2024,23/11/2024,14,41,1.0,4.0,2.0,10.0,10.0,3.0,5.0,7.0,2.0,3.0,0.0,0.0,0.0
EPL_2024,23/11/2024,22,36,0.0,4.0,2.0,23.0,9.0,5.0,7.0,9.0,3.0,4.0,2.0,0.0,0.0
EPL_2024,24/11/2024,32,20,2.0,3.0,2.0,7.0,27.0,5.0,11.0,3.0,10.0,3.0,4.0,0.0,0.0
EPL_2024,24/11/2024,17,23,1.0,1.0,1.0,11.0,11.0,6.0,4.0,4.0,3.0,0.0,0.0,0.0,0.0
EPL_2024,25/11/2024,25,39,0.0,2.0,2.0,18.0,15.0,2.0,6.0,8.0,3.0,1.0,0.0,0.0,0.0
EPL_2024,29/11/2024,8,32,1.0,1.0,1.0,22.0,10.0,5.0,2.0,7.0,6.0,2.0,4.0,0.0,0.0
EPL_2024,30/11/2024,7,19,4.0,1.0,0.0,13.0,7.0,6.0,3.0,5.0,4.0,1.0,1.0,0.0,0.0
EPL_2024,30/11/2024,12,25,1.0,1.0,1.0,16.0,1.0,4.0,0.0,8.0,9.0,3.0,3.0,0.0,0.0
EPL_2024,30/11/2024,27,17,1.0,0.0,0.0,12.0,7.0,5.0,3.0,8.0,7.0,1.0,3.0,0.0,0.0
EPL_2024,30/11/2024,41,6,2.0,4.0,2.0,10.0,12.0,3.0,8.0,3.0,4.0,4.0,1.0,0.0,0.0
EPL_2024,30/11/2024,39,0,2.0,5.0,2.0,12.0,16.0,5.0,7.0,2.0,10.0,4.0,1.0,0.0,0.0
EPL_2024,01/12/2024,11,1,3.0,0.0,0.0,17.0,10.0,8.0,4.0,3.0,4.0,2.0,2.0,0.0,0.0
EPL_2024,01/12/2024,23,13,4.0,0.0,0.0,11.0,8.0,5.0,2.0,2.0,2.0,2.0,3.0,0.0,0.0
EPL_2024,01/12/2024,36,14,1.0,1.0,1.0,8.0,14.0,3.0,6.0,7.0,11.0,0.0,1.0,0.0,1.0
EPL_2024,01/12/2024,20,22,2.0,0.0,0.0,18.0,8.0,7.0,2.0,7.0,4.0,1.0,3.0,0.0,0.0
EPL_2024,03/12/2024,17,12,0.0,1.0,2.0,9.0,13.0,2.0,3.0,4.0,7.0,2.0,4.0,0.0,0.0
EPL_2024,03/12/2024,19,39,3.0,1.0,0.0,8.0,31.0,6.0,10.0,3.0,9.0,2.0,2.0,0.0,0.0
EPL_2024,04/12/2024,13,41,4.0,0.0,0.0,13.0,6.0,4.0,2.0,3.0,4.0,2.0,0.0,0.0,0.0
EPL_2024,04/12/2024,22,27,3.0,0.0,0.0,17.0,12.0,7.0,3.0,8.0,2.0,2.0,4.0,0.0,0.0
EPL_2024,04/12/2024,25,20,3.0,3.0,1.0,17.0,16.0,6.0,5.0,5.0,6.0,2.0,5.0,0.0,0.0
EPL_2024,04/12/2024,32,11,1.0,5.0,2.0,6.0,26.0,4.0,13.0,5.0,7.0,1.0,0.0,1.0,0.0
EPL_2024,04/12/2024,0,23,2.0,0.0,0.0,14.0,5.0,6.0,2.0,13.0,0.0,1.0,3.0,0.0,0.0
EPL_2024,04/12/2024,1,7,3.0,1.0,0.0,20.0,9.0,10.0,1.0,10.0,5.0,2.0,2.0,0.0,0.0
EPL_2024,05/12/2024,14,8,3.0,1.0,0.0,6.0,13.0,2.0,3.0,5.0,6.0,2.0,2.0,0.0,0.0
EPL_2024,05/12/2024,6,36,1.0,0.0,0.0,21.0,12.0,8.0,4.0,5.0,9.0,2.0,2.0,0.0,0.0
EPL_2024,07/12/2024,1,32,1.0,0.0,0.0,18.0,4.0,5.0,0.0,14.0,1.0,1.0,3.0,0.0,0.0
EPL_2024,07/12/2024,7,25,4.0,2.0,0.0,11.0,16.0,8.0,3.0,3.0,4.0,3.0,0.0,0.0,0.0
EPL_2024,07/12/2024,12,22,2.0,2.0,1.0,12.0,12.0,3.0,4.0,6.0,8.0,1.0,0.0,0.0,1.0
EPL_2024,07/12/2024,23,27,2.0,3.0,2.0,17.0,11.0,7.0,3.0,5.0,3.0,0.0,2.0,0.0,0.0
EPL_2024,08/12/2024,14,0,1.0,1.0,1.0,2.0,12.0,2.0,4.0,0.0,6.0,4.0,2.0,0.0,0.0
EPL_2024,08/12/2024,17,6,1.0,2.0,2.0,18.0,22.0,5.0,6.0,6.0,13.0,2.0,1.0,0.0,0.0
EPL_2024,08/12/2024,19,8,2.0,2.0,1.0,10.0,16.0,3.0,7.0,5.0,5.0,1.0,2.0,0.0,0.0
EPL_2024,08/12/2024,36,11,3.0,4.0,2.0,13.0,17.0,5.0,8.0,5.0,10.0,2.0,2.0,0.0,0.0
EPL_2024,09/12/2024,39,41,2.0,1.0,0.0,19.0,19.0,4.0,5.0,11.0,0.0,5.0,4.0,0.0,0.0
EPL_2024,14/12/2024,0,13,0.0,0.0,1.0,13.0,2.0,5.0,0.0,8.0,2.0,0.0,3.0,0.0,0.0
EPL_2024,14/12/2024,20,14,2.0,2.0,1.0,16.0,12.0,4.0,3.0,5.0,4.0,3.0,4.0,1.0,0.0
EPL_2024,14/12/2024,25,19,4.0,0.0,0.0,27.0,4.0,11.0,1.0,5.0,2.0,3.0,3.0,0.0,0.0
EPL_2024,14/12/2024,41,17,1.0,2.0,2.0,16.0,10.0,6.0,5.0,7.0,3.0,0.0,2.0,1.0,0.0
EPL_2024,14/12/2024,27,1,2.0,1.0,0.0,17.0,8.0,6.0,2.0,4.0,3.0,0.0,1.0,0.0,0.0
EPL_2024,15/12/2024,8,12,1.0,3.0,2.0,17.0,13.0,5.0,5.0,8.0,5.0,1.0,4.0,0.0,0.0
EPL_2024,15/12/2024,22,23,1.0,2.0,2.0,10.0,10.0,3.0,3.0,8.0,2.0,1.0,1.0,0.0,0.0
EPL_2024,15/12/2024,11,7,2.0,1.0,0.0,26.0,9.0,8.0,4.0,8.0,5.0,0.0,2.0,1.0,0.0
EPL_2024,15/12/2024,32,36,0.0,5.0,2.0,9.0,18.0,3.0,9.0,2.0,5.0,1.0,3.0,0.0,0.0
EPL_2024,16/12/2024,6,39,1.0,1.0,1.0,29.0,16.0,9.0,3.0,12.0,6.0,0.0,2.0,0.0,0.0
EPL_2024,21/12/2024,1,22,2.0,1.0,0.0,11.0,12.0,6.0,6.0,5.0,4.0,3.0,3.0,0.0,0.0
EPL_2024,21/12/2024,7,27,0.0,2.0,2.0,7.0,10.0,3.0,6.0,9.0,5.0,3.0,4.0,0.0,0.0
EPL_2024,21/12/2024,17,25,0.0,4.0,2.0,10.0,15.0,2.0,7.0,2.0,1.0,2.0,0.0,0.0,0.0
EPL_2024,21/12/2024,39,8,1.0,1.0,1.0,11.0,12.0,4.0,6.0,8.0,4.0,2.0,2.0,0.0,0.0
EPL_2024,21/12/2024,12,0,1.0,5.0,2.0,15.0,14.0,6.0,6.0,3.0,3.0,2.0,2.0,0.0,0.0
EPL_2024,22/12/2024,13,11,0.0,0.0,1.0,5.0,12.0,4.0,5.0,2.0,5.0,4.0,1.0,0.0,0.0
EPL_2024,22/12/2024,14,32,0.0,0.0,1.0,16.0,5.0,5.0,1.0,6.0,5.0,1.0,3.0,0.0,0.0
EPL_2024,22/12/2024,19,41,0.0,3.0,2.0,9.0,8.0,5.0,4.0,6.0,1.0,2.0,0.0,0.0,0.0
EPL_2024,22/12/2024,23,6,0.0,3.0,2.0,23.0,10.0,7.0,5.0,13.0,1.0,1.0,3.0,0.0,0.0
EPL_2024,22/12/2024,36,20,3.0,6.0,2.0,9.0,24.0,5.0,12.0,7.0,5.0,1.0,2.0,0.0,0.0
EPL_2024,26/12/2024,22,13,1.0,1.0,1.0,24.0,8.0,5.0,3.0,8.0,5.0,1.0,4.0,0.0,0.0
EPL_2024,26/12/2024,6,12,0.0,0.0,1.0,18.0,10.0,4.0,4.0,5.0,2.0,2.0,2.0,0.0,0.0
EPL_2024,26/12/2024,11,14,1.0,2.0,2.0,12.0,14.0,8.0,7.0,3.0,1.0,1.0,3.0,0.0,0.0
EPL_2024,26/12/2024,25,1,3.0,0.0,0.0,22.0,4.0,8.0,1.0,9.0,6.0,2.0,1.0,0.0,1.0
EPL_2024,26/12/2024,27,36,1.0,0.0,0.0,10.0,13.0,3.0,4.0,2.0,7.0,3.0,2.0,0.0,1.0
EPL_2024,26/12/2024,32,39,0.0,1.0,2.0,18.0,16.0,5.0,2.0,2.0,2.0,1.0,2.0,0.0,0.0
EPL_2024,26/12/2024,41,23,2.0,0.0,0.0,7.0,11.0,4.0,4.0,4.0,4.0,2.0,2.0,0.0,1.0
EPL_2024,26/12/2024,20,19,3.0,1.0,0.0,19.0,4.0,7.0,1.0,14.0,1.0,3.0,2.0,0.0,0.0
EPL_2024,27/12/2024,8,7,0.0,0.0,1.0,24.0,8.0,7.0,3.0,5.0,3.0,0.0,2.0,0.0,0.0
EPL_2024,27/12/2024,0,17,1.0,0.0,0.0,13.0,3.0,5.0,0.0,5.0,1.0,1.0,1.0,0.0,0.0
EPL_2024,29/12/2024,19,22,0.0,2.0,2.0,11.0,14.0,4.0,5.0,4.0,4.0,2.0,1.0,0.0,0.0
EPL_2024,29/12/2024,12,32,2.0,1.0,0.0,19.0,7.0,10.0,3.0,8.0,7.0,2.0,3.0,0.0,0.0
EPL_2024,29/12/2024,13,27,0.0,2.0,2.0,13.0,11.0,2.0,7.0,5.0,4.0,4.0,1.0,0.0,0.0
EPL_2024,29/12/2024,14,6,2.0,2.0,1.0,11.0,16.0,6.0,9.0,1.0,7.0,1.0,3.0,0.0,0.0
EPL_2024,29/12/2024,36,41,2.0,2.0,1.0,13.0,11.0,3.0,3.0,5.0,5.0,1.0,2.0,0.0,0.0
EPL_2024,29/12/2024,39,20,0.0,5.0,2.0,7.0,22.0,0.0,13.0,3.0,6.0,0.0,0.0,0.0,0.0
EPL_2024,30/12/2024,1,8,2.0,2.0,1.0,20.0,13.0,4.0,4.0,12.0,3.0,2.0,3.0,0.0,0.0
EPL_2024,30/12/2024,17,11,2.0,0.0,0.0,9.0,20.0,6.0,5.0,4.0,7.0,4.0,4.0,0.0,0.0
EPL_2024,30/12/2024,23,25,0.0,2.0,2.0,10.0,12.0,0.0,4.0,2.0,3.0,1.0,1.0,0.0,0.0
EPL_2024,01/01/2025,7,0,1.0,3.0,2.0,5.0,14.0,2.0,5.0,4.0,3.0,1.0,2.0,0.0,0.0
EPL_2024,04/01/2025,36,25,1.0,2.0,2.0,13.0,14.0,4.0,4.0,9.0,10.0,1.0,4.0,0.0,0.0
EPL_2024,04/01/2025,1,19,2.0,1.0,0.0,13.0,4.0,5.0,2.0,7.0,2.0,0.0,1.0,0.0,0.0
EPL_2024,04/01/2025,6,13,1.0,0.0,0.0,19.0,9.0,8.0,0.0,9.0,3.0,2.0,2.0,0.0,0.0
EPL_2024,04/01/2025,12,11,1.0,1.0,1.0,13.0,15.0,6.0,1.0,6.0,6.0,0.0,2.0,0.0,0.0
EPL_2024,04/01/2025,22,39,4.0,1.0,0.0,10.0,17.0,7.0,4.0,7.0,1.0,2.0,1.0,0.0,0.0
EPL_2024,04/01/2025,32,7,0.0,5.0,2.0,8.0,20.0,1.0,11.0,2.0,2.0,2.0,0.0,0.0,0.0
EPL_2024,04/01/2025,8,0,1.0,1.0,1.0,11.0,9.0,4.0,3.0,2.0,5.0,2.0,3.0,0.0,0.0
EPL_2024,05/01/2025,14,17,2.0,2.0,1.0,15.0,7.0,4.0,3.0,9.0,2.0,1.0,5.0,0.0,0.0
EPL_2024,05/01/2025,20,23,2.0,2.0,1.0,19.0,13.0,6.0,4.0,6.0,9.0,2.0,4.0,0.0,0.0
EPL_2024,06/01/2025,41,27,0.0,3.0,2.0,13.0,11.0,6.0,3.0,5.0,3.0,1.0,2.0,0.0,0.0
EPL_2024,14/01/2025,7,22,2.0,2.0,1.0,18.0,21.0,6.0,8.0,4.0,5.0,0.0,0.0,0.0,0.0
EPL_2024,14/01/2025,11,6,2.0,2.0,1.0,26.0,7.0,10.0,3.0,9.0,3.0,2.0,3.0,0.0,0.0
EPL_2024,14/01/2025,39,14,3.0,2.0,0.0,4.0,21.0,3.0,5.0,0.0,3.0,3.0,3.0,0.0,0.0
EPL_2024,14/01/2025,27,20,1.0,1.0,1.0,6.0,23.0,3.0,7.0,0.0,9.0,2.0,1.0,0.0,0.0
EPL_2024,15/01/2025,13,1,0.0,1.0,2.0,10.0,11.0,3.0,3.0,8.0,5.0,2.0,1.0,0.0,0.0
EPL_2024,15/01/2025,19,12,0.0,2.0,2.0,21.0,9.0,4.0,4.0,4.0,3.0,0.0,0.0,0.0,0.0
EPL_2024,15/01/2025,25,41,3.0,0.0,0.0,17.0,13.0,5.0,7.0,4.0,2.0,0.0,2.0,0.0,0.0
EPL_2024,15/01/2025,0,36,2.0,1.0,0.0,14.0,10.0,4.0,2.0,10.0,4.0,3.0,1.0,0.0,0.0
EPL_2024,16/01/2025,17,8,0.0,2.0,2.0,5.0,11.0,3.0,5.0,1.0,9.0,2.0,2.0,0.0,0.0
EPL_2024,16/01/2025,23,32,3.0,1.0,0.0,23.0,13.0,9.0,5.0,5.0,4.0,1.0,3.0,0.0,0.0
EPL_2024,18/01/2025,25,6,1.0,4.0,2.0,13.0,19.0,5.0,10.0,7.0,6.0,1.0,6.0,0.0,0.0
EPL_2024,18/01/2025,7,20,0.0,2.0,2.0,11.0,37.0,6.0,8.0,2.0,15.0,2.0,3.0,0.0,0.0
EPL_2024,18/01/2025,19,14,0.0,2.0,2.0,8.0,17.0,4.0,2.0,5.0,2.0,3.0,1.0,0.0,0.0
EPL_2024,18/01/2025,39,12,0.0,2.0,2.0,7.0,12.0,0.0,7.0,2.0,4.0,1.0,0.0,1.0,0.0
EPL_2024,18/01/2025,0,1,2.0,2.0,1.0,18.0,8.0,6.0,4.0,10.0,1.0,2.0,3.0,0.0,0.0
EPL_2024,19/01/2025,13,36,3.0,2.0,0.0,12.0,11.0,6.0,6.0,3.0,8.0,2.0,1.0,0.0,0.0
EPL_2024,19/01/2025,23,8,1.0,3.0,2.0,10.0,6.0,1.0,3.0,4.0,2.0,3.0,3.0,0.0,0.0
EPL_2024,19/01/2025,27,32,3.0,2.0,0.0,14.0,10.0,5.0,4.0,2.0,8.0,0.0,4.0,0.0,0.0
EPL_2024,19/01/2025,17,22,0.0,6.0,2.0,8.0,17.0,4.0,9.0,4.0,7.0,0.0,1.0,0.0,0.0
EPL_2024,20/01/2025,11,41,3.0,1.0,0.0,19.0,9.0,7.0,4.0,3.0,6.0,4.0,2.0,0.0,0.0
EPL_2024,25/01/2025,6,27,5.0,0.0,0.0,16.0,18.0,10.0,4.0,3.0,9.0,2.0,3.0,0.0,0.0
EPL_2024,25/01/2025,8,13,0.0,1.0,2.0,16.0,3.0,1.0,1.0,9.0,1.0,3.0,4.0,0.0,0.0
EPL_2024,25/01/2025,20,17,4.0,1.0,0.0,16.0,3.0,6.0,3.0,3.0,4.0,0.0,2.0,0.0,0.0
EPL_2024,25/01/2025,32,25,1.0,3.0,2.0,12.0,17.0,5.0,9.0,3.0,8.0,1.0,0.0,0.0,0.0
EPL_2024,25/01/2025,41,0,0.0,1.0,2.0,9.0,9.0,4.0,3.0,1.0,5.0,0.0,1.0,1.0,1.0
EPL_2024,25/01/2025,22,11,3.0,1.0,0.0,15.0,10.0,6.0,4.0,2.0,4.0,3.0,2.0,0.0,0.0
EPL_2024,26/01/2025,12,7,1.0,2.0,2.0,16.0,13.0,5.0,6.0,4.0,7.0,2.0,2.0,0.0,0.0
EPL_2024,26/01/2025,36,19,1.0,2.0,2.0,15.0,12.0,6.0,3.0,6.0,4.0,1.0,5.0,0.0,0.0
EPL_2024,26/01/2025,1,39,1.0,1.0,1.0,14.0,14.0,4.0,4.0,4.0,3.0,2.0,3.0,0.0,0.0
EPL_2024,26/01/2025,14,23,0.0,1.0,2.0,9.0,4.0,3.0,1.0,3.0,0.0,0.0,1.0,0.0,0.0
EPL_2024,01/02/2025,27,8,7.0,0.0,0.0,14.0,10.0,9.0,5.0,4.0,6.0,1.0,3.0,0.0,0.0
EPL_2024,01/02/2025,6,20,0.0,2.0,2.0,14.0,19.0,3.0,7.0,3.0,3.0,2.0,3.0,0.0,0.0
EPL_2024,01/02/2025,13,19,4.0,0.0,0.0,13.0,9.0,7.0,1.0,5.0,6.0,0.0,0.0,0.0,0.0
EPL_2024,01/02/2025,17,32,1.0,2.0,2.0,15.0,9.0,6.0,4.0,1.0,2.0,0.0,3.0,0.0,0.0
EPL_2024,01/02/2025,25,14,1.0,2.0,2.0,11.0,15.0,4.0,4.0,4.0,7.0,4.0,4.0,0.0,0.0
EPL_2024,01/02/2025,41,1,2.0,0.0,0.0,8.0,10.0,5.0,3.0,5.0,8.0,2.0,3.0,0.0,0.0
EPL_2024,02/02/2025,7,36,0.0,2.0,2.0,20.0,13.0,4.0,2.0,10.0,3.0,0.0,1.0,0.0,0.0
EPL_2024,02/02/2025,23,12,0.0,2.0,2.0,17.0,11.0,2.0,3.0,11.0,0.0,3.0,1.0,0.0,0.0
EPL_2024,02/02/2025,0,22,5.0,1.0,0.0,12.0,7.0,7.0,4.0,5.0,2.0,2.0,0.0,0.0,0.0
EPL_2024,03/02/2025,11,39,2.0,1.0,0.0,22.0,14.0,3.0,5.0,4.0,3.0,3.0,1.0,0.0,0.0
EPL_2024,12/02/2025,13,20,2.0,2.0,1.0,10.0,6.0,3.0,4.0,2.0,3.0,2.0,2.0,1.0,1.0
EPL_2024,14/02/2025,8,11,3.0,0.0,0.0,13.0,8.0,5.0,0.0,2.0,9.0,1.0,2.0,0.0,0.0
EPL_2024,15/02/2025,19,0,0.0,2.0,2.0,6.0,11.0,2.0,5.0,3.0,7.0,2.0,1.0,0.0,0.0
EPL_2024,15/02/2025,1,17,1.0,1.0,1.0,25.0,4.0,6.0,3.0,16.0,1.0,0.0,3.0,0.0,1.0
EPL_2024,15/02/2025,14,27,2.0,1.0,0.0,24.0,8.0,10.0,2.0,8.0,4.0,0.0,0.0,0.0,0.0
EPL_2024,15/02/2025,22,25,4.0,0.0,0.0,11.0,3.0,7.0,1.0,7.0,4.0,0.0,1.0,0.0,0.0
EPL_2024,15/02/2025,32,6,1.0,3.0,2.0,11.0,14.0,4.0,7.0,4.0,6.0,1.0,3.0,0.0,0.0
EPL_2024,15/02/2025,39,7,0.0,1.0,2.0,13.0,14.0,3.0,5.0,9.0,2.0,1.0,1.0,0.0,0.0
EPL_2024,15/02/2025,12,13,1.0,2.0,2.0,17.0,11.0,6.0,6.0,6.0,2.0,0.0,1.0,0.0,0.0
EPL_2024,16/02/2025,20,41,2.0,1.0,0.0,10.0,16.0,3.0,4.0,4.0,3.0,2.0,2.0,0.0,0.0
EPL_2024,16/02/2025,36,23,1.0,0.0,0.0,22.0,16.0,7.0,6.0,10.0,5.0,1.0,2.0,0.0,0.0
EPL_2024,19/02/2025,1,20,2.0,2.0,1.0,9.0,17.0,4.0,3.0,6.0,8.0,1.0,0.0,0.0,0.0
EPL_2024,21/02/2025,19,7,0.0,4.0,2.0,8.0,14.0,3.0,6.0,5.0,6.0,4.0,0.0,0.0,0.0
EPL_2024,22/02/2025,13,23,2.0,2.0,1.0,9.0,9.0,8.0,3.0,7.0,9.0,4.0,1.0,0.0,0.0
EPL_2024,22/02/2025,0,39,0.0,1.0,2.0,20.0,5.0,2.0,2.0,2.0,0.0,1.0,3.0,1.0,0.0
EPL_2024,22/02/2025,6,41,0.0,1.0,2.0,8.0,13.0,3.0,5.0,6.0,7.0,3.0,3.0,1.0,0.0
EPL_2024,22/02/2025,14,12,0.0,2.0,2.0,10.0,10.0,0.0,5.0,7.0,7.0,1.0,3.0,0.0,0.0
EPL_2024,22/02/2025,17,36,1.0,4.0,2.0,17.0,10.0,5.0,6.0,4.0,4.0,2.0,1.0,0.0,0.0
EPL_2024,22/02/2025,32,8,0.0,4.0,2.0,6.0,18.0,1.0,12.0,5.0,6.0,2.0,0.0,0.0,0.0
EPL_2024,22/02/2025,1,11,2.0,1.0,0.0,12.0,15.0,6.0,7.0,2.0,3.0,1.0,3.0,0.0,0.0
EPL_2024,23/02/2025,25,27,4.0,3.0,0.0,13.0,17.0,5.0,5.0,7.0,6.0,1.0,4.0,0.0,0.0
EPL_2024,23/02/2025,22,20,0.0,2.0,2.0,16.0,8.0,5.0,4.0,7.0,5.0,0.0,0.0,0.0,0.0
EPL_2024,25/02/2025,8,6,2.0,1.0,0.0,11.0,19.0,4.0,5.0,1.0,9.0,2.0,1.0,0.0,0.0
EPL_2024,25/02/2025,12,1,4.0,1.0,0.0,19.0,6.0,6.0,2.0,3.0,8.0,3.0,1.0,0.0,0.0
EPL_2024,25/02/2025,41,14,1.0,2.0,2.0,18.0,11.0,5.0,5.0,7.0,5.0,1.0,3.0,0.0,0.0
EPL_2024,25/02/2025,11,32,4.0,0.0,0.0,19.0,7.0,10.0,2.0,4.0,2.0,1.0,2.0,0.0,0.0
EPL_2024,26/02/2025,7,13,1.0,1.0,1.0,12.0,14.0,3.0,4.0,2.0,5.0,2.0,1.0,0.0,0.0
EPL_2024,26/02/2025,23,17,3.0,2.0,0.0,10.0,12.0,6.0,3.0,5.0,6.0,4.0,4.0,1.0,0.0
EPL_2024,26/02/2025,27,0,0.0,0.0,1.0,6.0,13.0,2.0,1.0,3.0,11.0,1.0,1.0,0.0,0.0
EPL_2024,26/02/2025,36,22,0.0,1.0,2.0,11.0,12.0,6.0,5.0,8.0,3.0,3.0,0.0,0.0,0.0
EPL_2024,26/02/2025,20,25,2.0,0.0,0.0,12.0,3.0,3.0,0.0,4.0,2.0,0.0,1.0,0.0,0.0
EPL_2024,27/02/2025,39,19,2.0,0.0,0.0,8.0,10.0,2.0,2.0,3.0,3.0,0.0,0.0,0.0,0.0
EPL_2024,08/03/2025,27,22,1.0,0.0,0.0,9.0,14.0,4.0,3.0,3.0,2.0,3.0,2.0,0.0,0.0
EPL_2024,08/03/2025,8,14,2.0,1.0,0.0,9.0,6.0,4.0,1.0,3.0,7.0,0.0,2.0,0.0,0.0
EPL_2024,08/03/2025,12,17,1.0,0.0,0.0,19.0,15.0,4.0,8.0,5.0,4.0,4.0,3.0,0.0,0.0
EPL_2024,08/03/2025,20,32,3.0,1.0,0.0,28.0,6.0,7.0,4.0,6.0,4.0,2.0,1.0,0.0,0.0
EPL_2024,08/03/2025,7,1,0.0,1.0,2.0,13.0,12.0,3.0,4.0,6.0,5.0,2.0,2.0,0.0,0.0
EPL_2024,08/03/2025,41,13,1.0,1.0,1.0,11.0,12.0,3.0,4.0,5.0,5.0,2.0,2.0,0.0,0.0
EPL_2024,09/03/2025,11,19,1.0,0.0,0.0,20.0,3.0,7.0,3.0,12.0,2.0,1.0,0.0,0.0,0.0
EPL_2024,09/03/2025,36,6,2.0,2.0,1.0,12.0,17.0,4.0,8.0,3.0,6.0,3.0,3.0,0.0,0.0
EPL_2024,09/03/2025,23,0,1.0,1.0,1.0,10.0,17.0,6.0,6.0,2.0,9.0,0.0,1.0,0.0,0.0
EPL_2024,10/03/2025,39,25,0.0,1.0,2.0,9.0,9.0,2.0,3.0,3.0,4.0,0.0,1.0,0.0,0.0
EPL_2024,15/03/2025,13,39,1.0,1.0,1.0,13.0,10.0,5.0,5.0,6.0,5.0,1.0,2.0,0.0,0.0
EPL_2024,15/03/2025,17,27,2.0,4.0,2.0,11.0,11.0,4.0,6.0,6.0,3.0,1.0,1.0,0.0,0.0
EPL_2024,15/03/2025,22,8,2.0,2.0,1.0,11.0,15.0,3.0,3.0,4.0,5.0,2.0,5.0,0.0,0.0
EPL_2024,15/03/2025,32,41,1.0,2.0,2.0,10.0,5.0,3.0,3.0,5.0,1.0,0.0,0.0,0.0,0.0
EPL_2024,15/03/2025,6,7,1.0,2.0,2.0,17.0,10.0,5.0,4.0,4.0,3.0,3.0,0.0,0.0,0.0
EPL_2024,16/03/2025,0,11,1.0,0.0,0.0,12.0,8.0,4.0,2.0,5.0,4.0,3.0,3.0,0.0,0.0
EPL_2024,16/03/2025,14,36,2.0,0.0,0.0,13.0,12.0,4.0,4.0,6.0,5.0,0.0,0.0,0.0,0.0
EPL_2024,16/03/2025,19,23,0.0,3.0,2.0,11.0,18.0,3.0,5.0,6.0,4.0,2.0,0.0,0.0,0.0
EPL_2024,01/04/2025,0,14,2.0,1.0,0.0,17.0,9.0,4.0,3.0,5.0,4.0,1.0,2.0,0.0,0.0
EPL_2024,01/04/2025,41,39,1.0,0.0,0.0,9.0,10.0,2.0,1.0,1.0,2.0,4.0,2.0,0.0,0.0
EPL_2024,01/04/2025,27,23,1.0,0.0,0.0,8.0,23.0,2.0,6.0,3.0,10.0,1.0,3.0,0.0,0.0
EPL_2024,02/04/2025,6,17,1.0,2.0,2.0,24.0,10.0,7.0,2.0,8.0,3.0,1.0,2.0,0.0,0.0
EPL_2024,02/04/2025,8,1,0.0,3.0,2.0,11.0,8.0,4.0,5.0,4.0,0.0,1.0,3.0,0.0,0.0
EPL_2024,02/04/2025,22,19,2.0,0.0,0.0,18.0,2.0,5.0,0.0,5.0,0.0,1.0,4.0,0.0,0.0
EPL_2024,02/04/2025,25,7,2.0,1.0,0.0,21.0,12.0,4.0,3.0,4.0,5.0,1.0,1.0,0.0,0.0
EPL_2024,02/04/2025,32,12,1.0,1.0,1.0,8.0,9.0,2.0,3.0,2.0,2.0,2.0,1.0,0.0,0.0
EPL_2024,02/04/2025,20,13,1.0,0.0,0.0,17.0,5.0,3.0,0.0,11.0,5.0,2.0,2.0,0.0,0.0
EPL_2024,03/04/2025,11,36,1.0,0.0,0.0,11.0,8.0,5.0,2.0,4.0,6.0,5.0,5.0,0.0,0.0
EPL_2024,05/04/2025,13,0,1.0,1.0,1.0,5.0,14.0,2.0,5.0,3.0,8.0,3.0,1.0,0.0,0.0
EPL_2024,05/04/2025,12,8,2.0,1.0,0.0,8.0,11.0,3.0,5.0,2.0,4.0,0.0,1.0,2.0,1.0
EPL_2024,05/04/2025,17,41,1.0,2.0,2.0,6.0,22.0,2.0,7.0,4.0,8.0,2.0,2.0,0.0,0.0
EPL_2024,05/04/2025,39,6,2.0,2.0,1.0,9.0,11.0,3.0,4.0,4.0,7.0,2.0,2.0,0.0,0.0
EPL_2024,05/04/2025,1,27,2.0,1.0,0.0,17.0,19.0,8.0,3.0,4.0,4.0,2.0,2.0,0.0,0.0
EPL_2024,06/04/2025,7,11,0.0,0.0,1.0,9.0,21.0,2.0,5.0,3.0,6.0,1.0,3.0,0.0,0.0
EPL_2024,06/04/2025,14,20,3.0,2.0,0.0,12.0,14.0,6.0,6.0,4.0,4.0,3.0,0.0,0.0,0.0
EPL_2024,06/04/2025,36,32,3.0,1.0,0.0,13.0,12.0,8.0,4.0,4.0,1.0,1.0,1.0,0.0,0.0
EPL_2024,06/04/2025,23,22,0.0,0.0,1.0,13.0,9.0,2.0,5.0,5.0,3.0,3.0,2.0,0.0,0.0
EPL_2024,07/04/2025,19,25,0.0,3.0,2.0,7.0,16.0,2.0,5.0,12.0,2.0,2.0,0.0,0.0,0.0
EPL_2024,12/04/2025,22,12,5.0,2.0,0.0,21.0,8.0,9.0,3.0,1.0,4.0,2.0,3.0,0.0,0.0
EPL_2024,12/04/2025,8,19,2.0,2.0,1.0,21.0,15.0,7.0,6.0,3.0,6.0,2.0,5.0,0.0,0.0
EPL_2024,12/04/2025,27,13,0.0,1.0,2.0,10.0,13.0,5.0,5.0,1.0,7.0,0.0,3.0,0.0,0.0
EPL_2024,12/04/2025,32,1,0.0,3.0,2.0,7.0,25.0,2.0,10.0,2.0,14.0,3.0,1.0,0.0,0.0
EPL_2024,12/04/2025,0,7,1.0,1.0,1.0,14.0,3.0,3.0,2.0,13.0,5.0,1.0,3.0,0.0,0.0
EPL_2024,13/04/2025,11,17,2.0,2.0,1.0,34.0,13.0,9.0,4.0,15.0,4.0,2.0,2.0,0.0,0.0
EPL_2024,13/04/2025,20,39,2.0,1.0,0.0,15.0,11.0,6.0,4.0,10.0,3.0,0.0,2.0,0.0,0.0
EPL_2024,13/04/2025,41,36,4.0,2.0,0.0,13.0,11.0,5.0,4.0,1.0,4.0,1.0,2.0,0.0,0.0
EPL_2024,13/04/2025,25,23,4.0,1.0,0.0,13.0,9.0,6.0,5.0,7.0,2.0,0.0,2.0,0.0,0.0
EPL_2024,14/04/2025,6,14,1.0,0.0,0.0,12.0,12.0,3.0,7.0,6.0,9.0,3.0,2.0,0.0,0.0
EPL_2024,16/04/2025,25,12,5.0,0.0,0.0,14.0,11.0,7.0,4.0,5.0,4.0,2.0,3.0,0.0,0.0
EPL_2024,19/04/2025,7,8,4.0,2.0,0.0,16.0,12.0,8.0,3.0,4.0,8.0,3.0,3.0,0.0,1.0
EPL_2024,19/04/2025,12,6,0.0,0.0,1.0,5.0,15.0,0.0,4.0,5.0,4.0,3.0,4.0,1.0,0.0
EPL_2024,19/04/2025,13,22,0.0,2.0,2.0,8.0,12.0,3.0,7.0,2.0,5.0,4.0,0.0,0.0,0.0
EPL_2024,19/04/2025,39,32,1.0,1.0,1.0,12.0,15.0,4.0,4.0,2.0,5.0,2.0,1.0,0.0,0.0
EPL_2024,19/04/2025,1,25,4.0,1.0,0.0,23.0,10.0,9.0,3.0,7.0,7.0,1.0,3.0,0.0,0.0
EPL_2024,20/04/2025,14,11,1.0,2.0,2.0,6.0,13.0,1.0,8.0,6.0,4.0,1.0,3.0,0.0,0.0
EPL_2024,20/04/2025,17,0,0.0,4.0,2.0,4.0,24.0,0.0,7.0,0.0,12.0,0.0,0.0,1.0,0.0
EPL_2024,20/04/2025,23,41,0.0,1.0,2.0,12.0,4.0,2.0,2.0,9.0,2.0,2.0,3.0,0.0,0.0
EPL_2024,20/04/2025,19,20,0.0,1.0,2.0,5.0,28.0,0.0,10.0,1.0,13.0,1.0,2.0,0.0,0.0
EPL_2024,21/04/2025,36,27,1.0,2.0,2.0,22.0,4.0,6.0,3.0,7.0,1.0,1.0,4.0,0.0,0.0
EPL_2024,22/04/2025,22,1,2.0,1.0,0.0,14.0,7.0,6.0,3.0,10.0,2.0,3.0,3.0,0.0,0.0
EPL_2024,23/04/2025,0,12,2.0,2.0,1.0,12.0,15.0,6.0,4.0,3.0,6.0,1.0,1.0,0.0,0.0
EPL_2024,26/04/2025,11,13,1.0,0.0,0.0,10.0,6.0,7.0,3.0,10.0,2.0,0.0,0.0,0.0,0.0
EPL_2024,26/04/2025,8,39,3.0,2.0,0.0,16.0,12.0,9.0,4.0,8.0,1.0,1.0,1.0,0.0,0.0
EPL_2024,26/04/2025,25,17,3.0,0.0,0.0,25.0,4.0,5.0,0.0,11.0,2.0,1.0,2.0,0.0,1.0
EPL_2024,26/04/2025,32,14,1.0,2.0,2.0,7.0,26.0,3.0,5.0,0.0,13.0,1.0,1.0,0.0,0.0
EPL_2024,26/04/2025,41,19,3.0,0.0,0.0,20.0,8.0,6.0,2.0,4.0,2.0,1.0,4.0,0.0,0.0
EPL_2024,27/04/2025,6,23,1.0,1.0,1.0,8.0,25.0,1.0,6.0,5.0,10.0,4.0,2.0,1.0,0.0
EPL_2024,27/04/2025,20,36,5.0,1.0,0.0,25.0,8.0,8.0,3.0,8.0,2.0,2.0,1.0,0.0,0.0
EPL_2024,01/05/2025,27,7,0.0,2.0,2.0,14.0,11.0,5.0,3.0,4.0,5.0,3.0,5.0,0.0,0.0
EPL_2024,02/05/2025,22,41,1.0,0.0,0.0,9.0,6.0,2.0,1.0,4.0,5.0,0.0,0.0,0.0,0.0
EPL_2024,03/05/2025,1,14,1.0,0.0,0.0,10.0,11.0,3.0,3.0,5.0,3.0,0.0,5.0,0.0,0.0
EPL_2024,03/05/2025,13,17,2.0,2.0,1.0,8.0,12.0,3.0,5.0,3.0,3.0,4.0,4.0,0.0,0.0
EPL_2024,03/05/2025,19,32,2.0,0.0,0.0,14.0,8.0,4.0,2.0,7.0,7.0,1.0,3.0,0.0,0.0
EPL_2024,03/05/2025,0,6,1.0,2.0,2.0,13.0,9.0,4.0,2.0,2.0,3.0,0.0,2.0,0.0,0.0
EPL_2024,04/05/2025,7,23,4.0,3.0,0.0,12.0,14.0,6.0,5.0,7.0,4.0,0.0,2.0,0.0,0.0
EPL_2024,04/05/2025,8,25,1.0,1.0,1.0,5.0,13.0,2.0,5.0,1.0,4.0,2.0,1.0,0.0,0.0
EPL_2024,04/05/2025,39,36,1.0,1.0,1.0,11.0,7.0,2.0,2.0,1.0,3.0,2.0,2.0,0.0,0.0
EPL_2024,04/05/2025,11,20,3.0,1.0,0.0,17.0,11.0,7.0,2.0,3.0,6.0,2.0,2.0,0.0,0.0
EPL_2024,05/05/2025,12,27,1.0,1.0,1.0,20.0,12.0,3.0,4.0,7.0,4.0,3.0,8.0,0.0,0.0
EPL_2024,10/05/2025,14,13,1.0,3.0,2.0,18.0,11.0,6.0,7.0,5.0,5.0,1.0,0.0,0.0,0.0
EPL_2024,10/05/2025,17,7,0.0,1.0,2.0,11.0,15.0,4.0,5.0,5.0,6.0,2.0,4.0,0.0,0.0
EPL_2024,10/05/2025,32,22,0.0,0.0,1.0,2.0,26.0,0.0,5.0,1.0,15.0,2.0,0.0,0.0,0.0
EPL_2024,10/05/2025,41,8,0.0,2.0,2.0,10.0,7.0,3.0,2.0,7.0,4.0,1.0,1.0,0.0,0.0
EPL_2024,10/05/2025,6,1,0.0,1.0,2.0,10.0,6.0,4.0,3.0,10.0,0.0,4.0,3.0,0.0,1.0
EPL_2024,11/05/2025,25,11,2.0,0.0,0.0,15.0,10.0,6.0,3.0,2.0,8.0,4.0,2.0,0.0,1.0
EPL_2024,11/05/2025,23,39,0.0,2.0,2.0,20.0,9.0,5.0,4.0,8.0,5.0,0.0,1.0,0.0,0.0
EPL_2024,11/05/2025,27,19,2.0,2.0,1.0,15.0,10.0,4.0,6.0,4.0,4.0,3.0,3.0,0.0,0.0
EPL_2024,11/05/2025,36,12,0.0,2.0,2.0,8.0,23.0,1.0,10.0,4.0,8.0,1.0,1.0,0.0,0.0
EPL_2024,11/05/2025,20,0,2.0,2.0,1.0,14.0,15.0,5.0,7.0,3.0,1.0,1.0,1.0,0.0,1.0
EPL_2024,16/05/2025,1,36,2.0,0.0,0.0,18.0,3.0,7.0,1.0,9.0,1.0,1.0,2.0,0.0,0.0
EPL_2024,16/05/2025,11,23,1.0,0.0,0.0,11.0,4.0,3.0,1.0,7.0,2.0,1.0,6.0,0.0,0.0
EPL_2024,18/05/2025,13,32,2.0,0.0,0.0,13.0,6.0,5.0,2.0,4.0,5.0,1.0,1.0,0.0,0.0
EPL_2024,18/05/2025,39,27,1.0,2.0,2.0,16.0,10.0,5.0,5.0,8.0,7.0,6.0,3.0,0.0,0.0
EPL_2024,18/05/2025,7,14,2.0,3.0,2.0,11.0,16.0,6.0,7.0,5.0,3.0,4.0,4.0,0.0,0.0
EPL_2024,18/05/2025,19,17,2.0,0.0,0.0,9.0,20.0,3.0,2.0,2.0,2.0,1.0,0.0,0.0,0.0
EPL_2024,18/05/2025,0,25,1.0,0.0,0.0,12.0,14.0,4.0,5.0,10.0,7.0,3.0,3.0,0.0,0.0
EPL_2024,19/05/2025,8,20,3.0,2.0,0.0,25.0,18.0,12.0,5.0,3.0,3.0,1.0,0.0,0.0,0.0
EPL_2024,20/05/2025,12,41,4.0,2.0,0.0,14.0,12.0,10.0,3.0,0.0,10.0,1.0,2.0,0.0,0.0
EPL_2024,20/05/2025,22,6,3.0,1.0,0.0,12.0,8.0,5.0,2.0,3.0,1.0,1.0,3.0,1.0,1.0
EPL_2024,25/05/2025,6,19,2.0,0.0,0.0,20.0,3.0,7.0,0.0,6.0,1.0,0.0,2.0,0.0,0.0
EPL_2024,25/05/2025,14,22,0.0,2.0,2.0,13.0,20.0,3.0,5.0,1.0,6.0,0.0,0.0,0.0,0.0
EPL_2024,25/05/2025,17,39,1.0,3.0,2.0,14.0,10.0,4.0,6.0,4.0,0.0,1.0,1.0,0.0,0.0
EPL_2024,25/05/2025,20,12,1.0,1.0,1.0,14.0,8.0,3.0,5.0,11.0,0.0,1.0,0.0,1.0,0.0
EPL_2024,25/05/2025,23,1,2.0,0.0,0.0,25.0,6.0,10.0,1.0,4.0,3.0,2.0,2.0,0.0,1.0
EPL_2024,25/05/2025,25,13,0.0,1.0,2.0,17.0,14.0,6.0,6.0,12.0,3.0,1.0,4.0,0.0,0.0
EPL_2024,25/05/2025,27,11,0.0,1.0,2.0,10.0,6.0,2.0,2.0,7.0,4.0,2.0,2.0,0.0,0.0
EPL_2024,25/05/2025,32,0,1.0,2.0,2.0,7.0,23.0,2.0,8.0,5.0,8.0,0.0,0.0,0.0,0.0
EPL_2024,25/05/2025,36,8,1.0,4.0,2.0,4.0,23.0,2.0,8.0,2.0,11.0,3.0,1.0,0.0,0.0
EPL_2024,25/05/2025,41,7,1.0,1.0,1.0,18.0,13.0,6.0,7.0,8.0,3.0,2.0,1.0,0.0,0.0
